mom,id,origin,date,phenotype,value,note
nat18,326,native,2018-06-24,PH,5.5,
nat18,480,native,2018-06-24,PH,4,
nat18,632,native,2018-06-24,PH,5.7,
nat19,100,native,2018-06-24,PH,7,
nat19,183,native,2018-06-24,PH,7,
nat19,185,native,2018-06-24,PH,6,
nat19,190,native,2018-06-24,PH,7,
nat19,202,native,2018-06-24,PH,8,
nat19,22,native,2018-06-24,PH,5.5,
nat19,223,native,2018-06-24,PH,8,
nat19,224,native,2018-06-24,PH,6.5,
nat19,241,native,2018-06-24,PH,5,
nat19,270,native,2018-06-24,PH,8,
nat19,275,native,2018-06-24,PH,7,
nat19,296,native,2018-06-24,PH,4,
nat19,33,native,2018-06-24,PH,6,
nat19,355,native,2018-06-24,PH,7,
nat19,364,native,2018-06-24,PH,7,
nat19,375,native,2018-06-24,PH,6,
nat19,397,native,2018-06-24,PH,6,
nat19,398,native,2018-06-24,PH,7,
nat19,40,native,2018-06-24,PH,5.8,
nat19,430,native,2018-06-24,PH,6.5,
nat19,46,native,2018-06-24,PH,6.5,
nat19,468,native,2018-06-24,PH,5.5,
nat19,482,native,2018-06-24,PH,7,
nat19,513,native,2018-06-24,PH,6,
nat19,538,native,2018-06-24,PH,5,
nat19,557,native,2018-06-24,PH,7,
nat19,571,native,2018-06-24,PH,6,
nat19,596,native,2018-06-24,PH,7,
nat19,606,native,2018-06-24,PH,6.5,
nat19,611,native,2018-06-24,PH,5.5,
nat19,616,native,2018-06-24,PH,7,
nat19,626,native,2018-06-24,PH,6.5,
nat19,627,native,2018-06-24,PH,4,
nat19,631,native,2018-06-24,PH,6.5,
nat19,642,native,2018-06-24,PH,2.5,
nat19,65,native,2018-06-24,PH,6.8,
nat19,657,native,2018-06-24,PH,5.5,
nat19,659,native,2018-06-24,PH,5.5,
nat19,74,native,2018-06-24,PH,6,
nat19,76,native,2018-06-24,PH,7,
nat19,94,native,2018-06-24,PH,3,
nat20,301,native,2018-06-24,PH,5,
nat20,440,native,2018-06-24,PH,7,
nat20,446,native,2018-06-24,PH,6.5,
nat20,473,native,2018-06-24,PH,8.2,
nat20,519,native,2018-06-24,PH,5.5,
nat20,605,native,2018-06-24,PH,7.5,
nat20,608,native,2018-06-24,PH,4.5,
nat20,615,native,2018-06-24,PH,5.2,
nat21,332,native,2018-06-24,PH,9,
nat21,333,native,2018-06-24,PH,8,
nat21,358,native,2018-06-24,PH,7,
nat21,422,native,2018-06-24,PH,5.5,
nat21,500,native,2018-06-24,PH,6.5,
nat21,527,native,2018-06-24,PH,5,
nat21,568,native,2018-06-24,PH,9,
nat21,573,native,2018-06-24,PH,6,
nat21,589,native,2018-06-24,PH,5.5,
nat21,68,native,2018-06-24,PH,8,
nat22,101,native,2018-06-24,PH,6.2,
nat22,119,native,2018-06-24,PH,10,
nat22,142,native,2018-06-24,PH,8,
nat22,176,native,2018-06-24,PH,9,
nat22,191,native,2018-06-24,PH,5,
nat22,199,native,2018-06-24,PH,6,
nat22,25,native,2018-06-24,PH,7.5,
nat22,254,native,2018-06-24,PH,6,
nat22,353,native,2018-06-24,PH,10,
nat22,505,native,2018-06-24,PH,7,
nat22,535,native,2018-06-24,PH,8,
nat22,6,native,2018-06-24,PH,8,
nat22,609,native,2018-06-24,PH,4.5,
nat22,638,native,2018-06-24,PH,8,
nat23,2,native,2018-06-24,PH,7.5,
nat23,216,native,2018-06-24,PH,6.5,
nat23,244,native,2018-06-24,PH,7,
nat23,259,native,2018-06-24,PH,10,
nat23,309,native,2018-06-24,PH,3.5,
nat23,334,native,2018-06-24,PH,8,
nat23,380,native,2018-06-24,PH,4.5,
nat23,501,native,2018-06-24,PH,5,
nat23,575,native,2018-06-24,PH,6,
nat24,147,native,2018-06-24,PH,7,
nat24,485,native,2018-06-24,PH,6,
nat24,489,native,2018-06-24,PH,6.5,
nat24,8,native,2018-06-24,PH,2.5,
nat24,90,native,2018-06-24,PH,7,
nat25,187,native,2018-06-24,PH,5.5,
nat25,299,native,2018-06-24,PH,9,
nat25,433,native,2018-06-24,PH,5,
nat25,520,native,2018-06-24,PH,7.5,
nat25,537,native,2018-06-24,PH,9,
nat25,582,native,2018-06-24,PH,5,
nat25,613,native,2018-06-24,PH,7,
nat26,151,native,2018-06-24,PH,6,
nat26,16,native,2018-06-24,PH,5.5,
nat26,182,native,2018-06-24,PH,6.5,
nat26,269,native,2018-06-24,PH,6.5,
nat26,310,native,2018-06-24,PH,6,
nat26,338,native,2018-06-24,PH,5.5,
nat26,345,native,2018-06-24,PH,4.2,
nat26,373,native,2018-06-24,PH,6,
nat26,376,native,2018-06-24,PH,7.5,
nat26,402,native,2018-06-24,PH,6,
nat26,414,native,2018-06-24,PH,5.5,
nat26,424,native,2018-06-24,PH,6.5,
nat26,47,native,2018-06-24,PH,7,
nat26,471,native,2018-06-24,PH,7.7,
nat26,524,native,2018-06-24,PH,7,
nat26,561,native,2018-06-24,PH,6.5,
nat26,625,native,2018-06-24,PH,6.5,
nat27,141,native,2018-06-24,PH,7,
nat27,152,native,2018-06-24,PH,6,
nat27,181,native,2018-06-24,PH,6.5,
nat27,206,native,2018-06-24,PH,8,
nat27,23,native,2018-06-24,PH,5.5,
nat27,260,native,2018-06-24,PH,5.5,
nat27,263,native,2018-06-24,PH,5.5,
nat27,341,native,2018-06-24,PH,6.5,
nat27,347,native,2018-06-24,PH,6,
nat27,4,native,2018-06-24,PH,5,
nat27,406,native,2018-06-24,PH,4.7,
nat27,455,native,2018-06-24,PH,6,
nat27,517,native,2018-06-24,PH,7.2,
nat27,57,native,2018-06-24,PH,4.2,
nat27,655,native,2018-06-24,PH,9.8,
nat28,219,native,2018-06-24,PH,5,
nat28,304,native,2018-06-24,PH,5.5,
nat28,351,native,2018-06-24,PH,7,
nat28,448,native,2018-06-24,PH,5.2,
nat28,543,native,2018-06-24,PH,8,
nat28,598,native,2018-06-24,PH,5,
nat29,122,native,2018-06-24,PH,7,
nat29,137,native,2018-06-24,PH,7.5,
nat29,139,native,2018-06-24,PH,7.5,
nat29,153,native,2018-06-24,PH,5.5,
nat29,188,native,2018-06-24,PH,5.5,
nat29,194,native,2018-06-24,PH,7,
nat29,401,native,2018-06-24,PH,6.5,
nat29,423,native,2018-06-24,PH,6.7,
nat29,479,native,2018-06-24,PH,6.5,
nat29,5,native,2018-06-24,PH,6.5,
nat29,544,native,2018-06-24,PH,6.5,
nat29,565,native,2018-06-24,PH,5.5,
nat29,620,native,2018-06-24,PH,5.5,
nat29,99,native,2018-06-24,PH,6.5,
nat30,14,native,2018-06-24,PH,4.5,
nat30,236,native,2018-06-24,PH,3,
nat30,429,native,2018-06-24,PH,4,
nat30,451,native,2018-06-24,PH,5,
nat30,592,native,2018-06-24,PH,7.5,
nat30,594,native,2018-06-24,PH,2.5,
nat30,650,native,2018-06-24,PH,4,
nat30,653,native,2018-06-24,PH,5.7,
nat31,225,native,2018-06-24,PH,6,
nat31,279,native,2018-06-24,PH,6,
nat31,646,native,2018-06-24,PH,4.2,
nat32,138,native,2018-06-24,PH,8,
nat32,150,native,2018-06-24,PH,8.5,
nat32,172,native,2018-06-24,PH,9,
nat32,197,native,2018-06-24,PH,7,
nat32,214,native,2018-06-24,PH,6,
nat32,303,native,2018-06-24,PH,7,
nat32,360,native,2018-06-24,PH,7,
nat32,385,native,2018-06-24,PH,6,
nat32,463,native,2018-06-24,PH,7.7,
nat32,469,native,2018-06-24,PH,7,
nat33,297,native,2018-06-24,PH,7,
nat33,352,native,2018-06-24,PH,8.5,
nat33,365,native,2018-06-24,PH,7,
urb01,10,cultivar,2018-06-24,PH,6,
urb01,184,cultivar,2018-06-24,PH,7,
urb01,200,cultivar,2018-06-24,PH,7.5,
urb01,203,cultivar,2018-06-24,PH,7.5,
urb01,242,cultivar,2018-06-24,PH,5.5,
urb01,253,cultivar,2018-06-24,PH,7.5,
urb01,314,cultivar,2018-06-24,PH,9,
urb01,339,cultivar,2018-06-24,PH,7.5,
urb01,359,cultivar,2018-06-24,PH,5.5,
urb01,450,cultivar,2018-06-24,PH,9.2,
urb01,476,cultivar,2018-06-24,PH,7,
urb01,599,cultivar,2018-06-24,PH,7,
urb01,619,cultivar,2018-06-24,PH,7,
urb01,634,cultivar,2018-06-24,PH,8.5,
urb01,85,cultivar,2018-06-24,PH,8,
urb03,129,cultivar,2018-06-24,PH,10,
urb03,238,cultivar,2018-06-24,PH,8.2,
urb03,239,cultivar,2018-06-24,PH,10,
urb03,26,cultivar,2018-06-24,PH,9,
urb03,287,cultivar,2018-06-24,PH,8,
urb03,357,cultivar,2018-06-24,PH,8,
urb03,421,cultivar,2018-06-24,PH,9,
urb03,425,cultivar,2018-06-24,PH,7,
urb03,426,cultivar,2018-06-24,PH,9,
urb03,435,cultivar,2018-06-24,PH,8.2,
urb03,438,cultivar,2018-06-24,PH,5.7,
urb03,439,cultivar,2018-06-24,PH,7.7,
urb03,443,cultivar,2018-06-24,PH,9.2,
urb03,454,cultivar,2018-06-24,PH,7,
urb03,457,cultivar,2018-06-24,PH,7.5,
urb03,461,cultivar,2018-06-24,PH,8,
urb03,467,cultivar,2018-06-24,PH,6,
urb03,494,cultivar,2018-06-24,PH,7,
urb03,51,cultivar,2018-06-24,PH,10,
urb03,522,cultivar,2018-06-24,PH,9.5,
urb03,536,cultivar,2018-06-24,PH,8,
urb03,549,cultivar,2018-06-24,PH,9,
urb03,563,cultivar,2018-06-24,PH,9,
urb03,595,cultivar,2018-06-24,PH,8,
urb03,641,cultivar,2018-06-24,PH,8.5,
urb03,69,cultivar,2018-06-24,PH,7,
urb03,78,cultivar,2018-06-24,PH,7.5,
urb03,89,cultivar,2018-06-24,PH,6.7,
urb04,111,cultivar,2018-06-24,PH,9.5,
urb04,19,cultivar,2018-06-24,PH,8,
urb04,196,cultivar,2018-06-24,PH,10,
urb04,237,cultivar,2018-06-24,PH,9.5,
urb04,278,cultivar,2018-06-24,PH,7.5,
urb04,289,cultivar,2018-06-24,PH,7.5,
urb04,31,cultivar,2018-06-24,PH,7.5,
urb04,329,cultivar,2018-06-24,PH,9.7,
urb04,354,cultivar,2018-06-24,PH,11,
urb04,361,cultivar,2018-06-24,PH,8.5,
urb04,404,cultivar,2018-06-24,PH,8,
urb04,408,cultivar,2018-06-24,PH,10,
urb04,43,cultivar,2018-06-24,PH,6,
urb04,44,cultivar,2018-06-24,PH,9,
urb04,472,cultivar,2018-06-24,PH,7.5,
urb04,491,cultivar,2018-06-24,PH,8,
urb04,511,cultivar,2018-06-24,PH,9.5,
urb04,526,cultivar,2018-06-24,PH,7,
urb04,556,cultivar,2018-06-24,PH,8,
urb04,597,cultivar,2018-06-24,PH,5.5,
urb04,622,cultivar,2018-06-24,PH,6.5,
urb04,636,cultivar,2018-06-24,PH,9.2,
urb04,649,cultivar,2018-06-24,PH,9.5,
urb04,95,cultivar,2018-06-24,PH,8.5,
urb07,106,cultivar,2018-06-24,PH,9.5,
urb07,125,cultivar,2018-06-24,PH,8.5,
urb07,167,cultivar,2018-06-24,PH,7.5,
urb07,232,cultivar,2018-06-24,PH,6,
urb07,286,cultivar,2018-06-24,PH,8.5,
urb07,290,cultivar,2018-06-24,PH,6.5,
urb07,3,cultivar,2018-06-24,PH,10.8,
urb07,302,cultivar,2018-06-24,PH,7.5,
urb07,337,cultivar,2018-06-24,PH,7.5,
urb07,367,cultivar,2018-06-24,PH,10,
urb07,370,cultivar,2018-06-24,PH,6.5,
urb07,38,cultivar,2018-06-24,PH,7.5,
urb07,413,cultivar,2018-06-24,PH,7,
urb07,417,cultivar,2018-06-24,PH,7,
urb07,444,cultivar,2018-06-24,PH,5,
urb07,456,cultivar,2018-06-24,PH,7,
urb07,54,cultivar,2018-06-24,PH,8,
urb07,555,cultivar,2018-06-24,PH,7,
urb07,567,cultivar,2018-06-24,PH,9,
urb07,574,cultivar,2018-06-24,PH,7,
urb07,581,cultivar,2018-06-24,PH,6.5,
urb07,586,cultivar,2018-06-24,PH,8.5,
urb07,92,cultivar,2018-06-24,PH,7,
urb09,1,cultivar,2018-06-24,PH,11.5,
urb09,107,cultivar,2018-06-24,PH,10,
urb09,11,cultivar,2018-06-24,PH,8.5,
urb09,112,cultivar,2018-06-24,PH,9,
urb09,123,cultivar,2018-06-24,PH,12,
urb09,13,cultivar,2018-06-24,PH,10,
urb09,130,cultivar,2018-06-24,PH,11,
urb09,136,cultivar,2018-06-24,PH,11.5,
urb09,161,cultivar,2018-06-24,PH,9,
urb09,166,cultivar,2018-06-24,PH,11,
urb09,168,cultivar,2018-06-24,PH,9.5,
urb09,21,cultivar,2018-06-24,PH,10,
urb09,235,cultivar,2018-06-24,PH,5,
urb09,281,cultivar,2018-06-24,PH,12.5,
urb09,306,cultivar,2018-06-24,PH,12,
urb09,323,cultivar,2018-06-24,PH,6.7,
urb09,368,cultivar,2018-06-24,PH,9.2,
urb09,381,cultivar,2018-06-24,PH,9,
urb09,384,cultivar,2018-06-24,PH,2.2,
urb09,407,cultivar,2018-06-24,PH,10.5,
urb09,493,cultivar,2018-06-24,PH,9,
urb09,508,cultivar,2018-06-24,PH,10,
urb09,540,cultivar,2018-06-24,PH,10.2,
urb09,554,cultivar,2018-06-24,PH,11,
urb09,579,cultivar,2018-06-24,PH,11,
urb09,623,cultivar,2018-06-24,PH,9.5,
urb10,201,cultivar,2018-06-24,PH,8,
urb10,475,cultivar,2018-06-24,PH,5.5,
urb10,507,cultivar,2018-06-24,PH,6,
urb10,521,cultivar,2018-06-24,PH,3,
urb10,523,cultivar,2018-06-24,PH,7.5,
urb10,530,cultivar,2018-06-24,PH,5.5,
urb10,547,cultivar,2018-06-24,PH,7.5,
urb10,562,cultivar,2018-06-24,PH,6.5,
urb10,572,cultivar,2018-06-24,PH,5.5,
urb10,602,cultivar,2018-06-24,PH,6,
urb10,83,cultivar,2018-06-24,PH,7,
urb10,97,cultivar,2018-06-24,PH,8,
urb10,98,cultivar,2018-06-24,PH,6.5,
urb11,110,cultivar,2018-06-24,PH,10,
urb11,121,cultivar,2018-06-24,PH,6,
urb11,134,cultivar,2018-06-24,PH,10,
urb11,145,cultivar,2018-06-24,PH,10,
urb11,149,cultivar,2018-06-24,PH,8,
urb11,20,cultivar,2018-06-24,PH,7,
urb11,229,cultivar,2018-06-24,PH,7,
urb11,261,cultivar,2018-06-24,PH,10,
urb11,325,cultivar,2018-06-24,PH,7,
urb11,327,cultivar,2018-06-24,PH,9.7,
urb11,343,cultivar,2018-06-24,PH,7.2,
urb11,391,cultivar,2018-06-24,PH,9,
urb11,498,cultivar,2018-06-24,PH,8.5,
urb11,510,cultivar,2018-06-24,PH,9.7,
urb11,553,cultivar,2018-06-24,PH,8.5,
urb11,583,cultivar,2018-06-24,PH,7.5,
urb11,591,cultivar,2018-06-24,PH,7.5,
urb11,610,cultivar,2018-06-24,PH,4,
urb11,629,cultivar,2018-06-24,PH,7.2,
urb12,140,cultivar,2018-06-24,PH,10,
urb12,148,cultivar,2018-06-24,PH,8.5,
urb12,164,cultivar,2018-06-24,PH,6,
urb12,193,cultivar,2018-06-24,PH,8,
urb12,210,cultivar,2018-06-24,PH,9,
urb12,227,cultivar,2018-06-24,PH,7,
urb12,246,cultivar,2018-06-24,PH,8,
urb12,256,cultivar,2018-06-24,PH,8.5,
urb12,262,cultivar,2018-06-24,PH,6,
urb12,266,cultivar,2018-06-24,PH,10,
urb12,28,cultivar,2018-06-24,PH,3,
urb12,294,cultivar,2018-06-24,PH,9,
urb12,319,cultivar,2018-06-24,PH,11,
urb12,32,cultivar,2018-06-24,PH,8.5,
urb12,324,cultivar,2018-06-24,PH,10,
urb12,36,cultivar,2018-06-24,PH,9.5,
urb12,437,cultivar,2018-06-24,PH,9,
urb12,462,cultivar,2018-06-24,PH,9,
urb12,465,cultivar,2018-06-24,PH,9,
urb12,496,cultivar,2018-06-24,PH,9,
urb12,593,cultivar,2018-06-24,PH,8,
urb12,639,cultivar,2018-06-24,PH,8,
urb12,640,cultivar,2018-06-24,PH,7.5,
urb12,66,cultivar,2018-06-24,PH,6,
urb13,12,cultivar,2018-06-24,PH,7.5,
urb13,120,cultivar,2018-06-24,PH,11.5,
urb13,156,cultivar,2018-06-24,PH,11,
urb13,245,cultivar,2018-06-24,PH,9,
urb13,258,cultivar,2018-06-24,PH,7,
urb13,277,cultivar,2018-06-24,PH,9.5,
urb13,292,cultivar,2018-06-24,PH,10,
urb13,315,cultivar,2018-06-24,PH,9,
urb13,411,cultivar,2018-06-24,PH,9.5,
urb13,531,cultivar,2018-06-24,PH,3,
urb13,637,cultivar,2018-06-24,PH,8,
urb13,654,cultivar,2018-06-24,PH,9,
urb13,7,cultivar,2018-06-24,PH,10,
urb13,82,cultivar,2018-06-24,PH,10,
urb14,117,cultivar,2018-06-24,PH,7.5,
urb14,126,cultivar,2018-06-24,PH,9,
urb14,157,cultivar,2018-06-24,PH,8,
urb14,162,cultivar,2018-06-24,PH,8,
urb14,163,cultivar,2018-06-24,PH,9,
urb14,18,cultivar,2018-06-24,PH,9,
urb14,217,cultivar,2018-06-24,PH,8.5,
urb14,265,cultivar,2018-06-24,PH,7.5,
urb14,293,cultivar,2018-06-24,PH,5,
urb14,35,cultivar,2018-06-24,PH,8.5,
urb14,395,cultivar,2018-06-24,PH,7.7,
urb14,428,cultivar,2018-06-24,PH,7,
urb14,441,cultivar,2018-06-24,PH,7,
urb14,453,cultivar,2018-06-24,PH,8.5,
urb14,488,cultivar,2018-06-24,PH,7,
urb14,497,cultivar,2018-06-24,PH,7.5,
urb14,499,cultivar,2018-06-24,PH,7.5,
urb14,529,cultivar,2018-06-24,PH,7.5,
urb14,587,cultivar,2018-06-24,PH,8,
urb14,600,cultivar,2018-06-24,PH,8.5,
urb14,603,cultivar,2018-06-24,PH,8.5,
urb14,652,cultivar,2018-06-24,PH,7.5,
urb14,9,cultivar,2018-06-24,PH,9.5,
urb17,207,cultivar,2018-06-24,PH,9,
urb17,213,cultivar,2018-06-24,PH,5.5,
urb17,250,cultivar,2018-06-24,PH,8,
urb17,276,cultivar,2018-06-24,PH,11.5,
urb17,280,cultivar,2018-06-24,PH,9,
urb17,300,cultivar,2018-06-24,PH,10,
urb17,311,cultivar,2018-06-24,PH,8.5,
urb17,410,cultivar,2018-06-24,PH,9.2,
urb17,546,cultivar,2018-06-24,PH,8.5,
urb17,570,cultivar,2018-06-24,PH,8,
urb17,617,cultivar,2018-06-24,PH,10,
urb17,621,cultivar,2018-06-24,PH,6.2,
urb17,643,cultivar,2018-06-24,PH,9,
urb17,70,cultivar,2018-06-24,PH,9.5,
urb17,80,cultivar,2018-06-24,PH,5.5,
urb17,87,cultivar,2018-06-24,PH,9.5,
urb18,155,cultivar,2018-06-24,PH,6.5,
urb18,175,cultivar,2018-06-24,PH,5.5,
urb18,221,cultivar,2018-06-24,PH,2.5,
urb18,252,cultivar,2018-06-24,PH,4.5,
urb18,330,cultivar,2018-06-24,PH,9,
urb18,416,cultivar,2018-06-24,PH,5.5,
urb18,459,cultivar,2018-06-24,PH,3.5,
urb18,470,cultivar,2018-06-24,PH,7,
urb18,483,cultivar,2018-06-24,PH,10,
urb18,484,cultivar,2018-06-24,PH,4.5,
urb18,509,cultivar,2018-06-24,PH,6.5,
urb18,52,cultivar,2018-06-24,PH,7,
urb18,651,cultivar,2018-06-24,PH,5,
urb23,132,cultivar,2018-06-24,PH,6.5,
urb23,143,cultivar,2018-06-24,PH,10,
urb23,178,cultivar,2018-06-24,PH,7,
urb23,228,cultivar,2018-06-24,PH,7,
urb23,24,cultivar,2018-06-24,PH,8.5,
urb23,29,cultivar,2018-06-24,PH,8,
urb23,313,cultivar,2018-06-24,PH,8,
urb23,316,cultivar,2018-06-24,PH,9.5,
urb23,418,cultivar,2018-06-24,PH,6.5,
urb23,528,cultivar,2018-06-24,PH,7.2,
urb23,542,cultivar,2018-06-24,PH,10,
urb23,58,cultivar,2018-06-24,PH,8,
urb23,601,cultivar,2018-06-24,PH,9,
urb23,604,cultivar,2018-06-24,PH,8,
urb23,645,cultivar,2018-06-24,PH,5.5,
urb23,81,cultivar,2018-06-24,PH,11,
urb24,133,cultivar,2018-06-24,PH,8,
urb24,160,cultivar,2018-06-24,PH,9,
urb24,169,cultivar,2018-06-24,PH,8,
urb24,209,cultivar,2018-06-24,PH,9,
urb24,234,cultivar,2018-06-24,PH,8.5,
urb24,248,cultivar,2018-06-24,PH,6.5,
urb24,284,cultivar,2018-06-24,PH,6,
urb24,377,cultivar,2018-06-24,PH,7,
urb24,431,cultivar,2018-06-24,PH,7.5,
urb24,449,cultivar,2018-06-24,PH,9.5,
urb24,490,cultivar,2018-06-24,PH,7.5,
urb24,516,cultivar,2018-06-24,PH,7.5,
urb24,585,cultivar,2018-06-24,PH,9.2,
urb24,60,cultivar,2018-06-24,PH,6,
urb24,628,cultivar,2018-06-24,PH,6.2,
urb24,96,cultivar,2018-06-24,PH,8.5,
urb25,173,cultivar,2018-06-24,PH,6.5,
urb25,192,cultivar,2018-06-24,PH,9,
urb25,198,cultivar,2018-06-24,PH,8,
urb25,204,cultivar,2018-06-24,PH,7.5,
urb25,257,cultivar,2018-06-24,PH,5.7,
urb25,274,cultivar,2018-06-24,PH,6.5,
urb25,335,cultivar,2018-06-24,PH,9,
urb25,344,cultivar,2018-06-24,PH,6.7,
urb25,348,cultivar,2018-06-24,PH,7,
urb25,371,cultivar,2018-06-24,PH,8,
urb25,374,cultivar,2018-06-24,PH,8,
urb25,403,cultivar,2018-06-24,PH,7.5,
urb25,412,cultivar,2018-06-24,PH,7,
urb25,415,cultivar,2018-06-24,PH,9,
urb25,442,cultivar,2018-06-24,PH,6.5,
urb25,452,cultivar,2018-06-24,PH,9,
urb25,458,cultivar,2018-06-24,PH,6,
urb25,478,cultivar,2018-06-24,PH,7.5,
urb25,486,cultivar,2018-06-24,PH,8.5,
urb25,518,cultivar,2018-06-24,PH,8,
urb25,590,cultivar,2018-06-24,PH,13,
urb25,88,cultivar,2018-06-24,PH,7,
urb26,104,cultivar,2018-06-24,PH,7,
urb26,109,cultivar,2018-06-24,PH,7.5,
urb26,180,cultivar,2018-06-24,PH,7,
urb26,268,cultivar,2018-06-24,PH,9.7,
urb26,273,cultivar,2018-06-24,PH,6.5,
urb26,320,cultivar,2018-06-24,PH,7,
urb26,356,cultivar,2018-06-24,PH,6.5,
urb26,386,cultivar,2018-06-24,PH,7.2,
urb26,392,cultivar,2018-06-24,PH,7.2,
urb26,427,cultivar,2018-06-24,PH,7,
urb26,502,cultivar,2018-06-24,PH,8,
urb26,525,cultivar,2018-06-24,PH,5,
urb26,551,cultivar,2018-06-24,PH,7,
urb26,578,cultivar,2018-06-24,PH,6,
urb26,624,cultivar,2018-06-24,PH,9,
urb26,633,cultivar,2018-06-24,PH,7.2,
urb26,661,cultivar,2018-06-24,PH,8,
urb28,103,cultivar,2018-06-24,PH,11.2,
urb28,118,cultivar,2018-06-24,PH,10,
urb28,171,cultivar,2018-06-24,PH,11,
urb28,205,cultivar,2018-06-24,PH,8.5,
urb28,240,cultivar,2018-06-24,PH,7.5,
urb28,27,cultivar,2018-06-24,PH,9.8,
urb28,295,cultivar,2018-06-24,PH,8,
urb28,318,cultivar,2018-06-24,PH,10,
urb28,342,cultivar,2018-06-24,PH,10.5,
urb28,369,cultivar,2018-06-24,PH,9.5,
urb28,387,cultivar,2018-06-24,PH,7,
urb28,39,cultivar,2018-06-24,PH,6,
urb28,474,cultivar,2018-06-24,PH,4.5,
urb28,49,cultivar,2018-06-24,PH,11,
urb28,50,cultivar,2018-06-24,PH,10,
urb28,506,cultivar,2018-06-24,PH,8.2,
urb28,512,cultivar,2018-06-24,PH,9,
urb28,541,cultivar,2018-06-24,PH,7.5,
urb28,62,cultivar,2018-06-24,PH,10,
urb28,660,cultivar,2018-06-24,PH,7,
urb28,75,cultivar,2018-06-24,PH,9.5,
urb28,77,cultivar,2018-06-24,PH,8.5,
urb29,113,cultivar,2018-06-24,PH,6,
urb29,124,cultivar,2018-06-24,PH,9,
urb29,127,cultivar,2018-06-24,PH,7,
urb29,158,cultivar,2018-06-24,PH,5.5,
urb29,165,cultivar,2018-06-24,PH,9,
urb29,170,cultivar,2018-06-24,PH,7,
urb29,363,cultivar,2018-06-24,PH,7.2,
urb29,394,cultivar,2018-06-24,PH,9,
urb29,400,cultivar,2018-06-24,PH,6.7,
urb29,504,cultivar,2018-06-24,PH,7,
urb29,552,cultivar,2018-06-24,PH,6.5,
urb29,56,cultivar,2018-06-24,PH,3.5,
urb31,108,cultivar,2018-06-24,PH,8.5,
urb31,220,cultivar,2018-06-24,PH,8,
urb31,231,cultivar,2018-06-24,PH,8,
urb31,233,cultivar,2018-06-24,PH,6,
urb31,247,cultivar,2018-06-24,PH,8,
urb31,308,cultivar,2018-06-24,PH,7.8,
urb31,346,cultivar,2018-06-24,PH,9,
urb31,372,cultivar,2018-06-24,PH,10,
urb31,434,cultivar,2018-06-24,PH,8.7,
urb31,460,cultivar,2018-06-24,PH,6,
urb31,48,cultivar,2018-06-24,PH,8,
urb31,481,cultivar,2018-06-24,PH,9,
urb31,495,cultivar,2018-06-24,PH,8,
urb31,514,cultivar,2018-06-24,PH,7,
urb31,539,cultivar,2018-06-24,PH,8,
urb31,55,cultivar,2018-06-24,PH,6,
urb31,576,cultivar,2018-06-24,PH,8.5,
urb31,588,cultivar,2018-06-24,PH,9,
urb31,59,cultivar,2018-06-24,PH,9.3,
urb31,612,cultivar,2018-06-24,PH,7.5,
urb31,63,cultivar,2018-06-24,PH,9,
urb31,644,cultivar,2018-06-24,PH,7,
urb31,91,cultivar,2018-06-24,PH,8.5,
urb32,189,cultivar,2018-06-24,PH,8,
urb32,208,cultivar,2018-06-24,PH,7,
urb32,264,cultivar,2018-06-24,PH,6.8,
urb32,336,cultivar,2018-06-24,PH,5.5,
urb32,350,cultivar,2018-06-24,PH,9,
urb32,366,cultivar,2018-06-24,PH,9.5,
urb32,378,cultivar,2018-06-24,PH,6,
urb32,379,cultivar,2018-06-24,PH,7,
urb32,382,cultivar,2018-06-24,PH,7.5,
urb32,390,cultivar,2018-06-24,PH,8,
urb32,42,cultivar,2018-06-24,PH,7.5,
urb32,420,cultivar,2018-06-24,PH,8,
urb32,45,cultivar,2018-06-24,PH,8,
urb32,53,cultivar,2018-06-24,PH,8.5,
urb32,550,cultivar,2018-06-24,PH,8,
urb32,618,cultivar,2018-06-24,PH,6.7,
urb32,635,cultivar,2018-06-24,PH,8,
urb32,64,cultivar,2018-06-24,PH,7,
urb32,658,cultivar,2018-06-24,PH,6.5,
urb32,72,cultivar,2018-06-24,PH,9.5,
nat18,326,native,2018-07-17,PH,4,
nat18,480,native,2018-07-17,PH,5,
nat18,632,native,2018-07-17,PH,5,
nat19,100,native,2018-07-17,PH,5.5,
nat19,183,native,2018-07-17,PH,5,
nat19,185,native,2018-07-17,PH,5,
nat19,190,native,2018-07-17,PH,5,
nat19,202,native,2018-07-17,PH,5,
nat19,22,native,2018-07-17,PH,4,
nat19,223,native,2018-07-17,PH,7,
nat19,224,native,2018-07-17,PH,6,
nat19,270,native,2018-07-17,PH,7.5,
nat19,275,native,2018-07-17,PH,6,
nat19,296,native,2018-07-17,PH,3,
nat19,33,native,2018-07-17,PH,4,
nat19,355,native,2018-07-17,PH,6,
nat19,364,native,2018-07-17,PH,5,
nat19,375,native,2018-07-17,PH,5,
nat19,397,native,2018-07-17,PH,5,
nat19,398,native,2018-07-17,PH,4,
nat19,40,native,2018-07-17,PH,5.2,
nat19,430,native,2018-07-17,PH,5,
nat19,46,native,2018-07-17,PH,4,
nat19,468,native,2018-07-17,PH,4,
nat19,482,native,2018-07-17,PH,7,
nat19,513,native,2018-07-17,PH,4.5,
nat19,538,native,2018-07-17,PH,4,
nat19,557,native,2018-07-17,PH,5,
nat19,571,native,2018-07-17,PH,6,
nat19,596,native,2018-07-17,PH,7,
nat19,606,native,2018-07-17,PH,5,
nat19,611,native,2018-07-17,PH,5,
nat19,616,native,2018-07-17,PH,6,
nat19,627,native,2018-07-17,PH,4,
nat19,631,native,2018-07-17,PH,5.5,
nat19,642,native,2018-07-17,PH,2,
nat19,65,native,2018-07-17,PH,4,
nat19,657,native,2018-07-17,PH,5,
nat19,659,native,2018-07-17,PH,6,
nat19,74,native,2018-07-17,PH,5.5,
nat19,76,native,2018-07-17,PH,5.5,
nat20,301,native,2018-07-17,PH,5,
nat20,440,native,2018-07-17,PH,6,
nat20,446,native,2018-07-17,PH,5,
nat20,473,native,2018-07-17,PH,6,
nat20,519,native,2018-07-17,PH,5.5,
nat20,605,native,2018-07-17,PH,6,
nat20,615,native,2018-07-17,PH,5,
nat21,332,native,2018-07-17,PH,7,
nat21,333,native,2018-07-17,PH,7,
nat21,358,native,2018-07-17,PH,7,
nat21,422,native,2018-07-17,PH,5,
nat21,500,native,2018-07-17,PH,4,
nat21,527,native,2018-07-17,PH,5,
nat21,568,native,2018-07-17,PH,8,
nat21,573,native,2018-07-17,PH,5,
nat21,68,native,2018-07-17,PH,6.8,
nat22,101,native,2018-07-17,PH,5.2,
nat22,119,native,2018-07-17,PH,7.7,
nat22,142,native,2018-07-17,PH,6,
nat22,176,native,2018-07-17,PH,8,
nat22,191,native,2018-07-17,PH,4,
nat22,199,native,2018-07-17,PH,5,
nat22,25,native,2018-07-17,PH,6,
nat22,254,native,2018-07-17,PH,5,
nat22,353,native,2018-07-17,PH,9.5,
nat22,505,native,2018-07-17,PH,5,
nat22,535,native,2018-07-17,PH,7,
nat22,6,native,2018-07-17,PH,7,
nat22,609,native,2018-07-17,PH,8,
nat22,638,native,2018-07-17,PH,7.5,
nat23,2,native,2018-07-17,PH,7,
nat23,216,native,2018-07-17,PH,4,
nat23,244,native,2018-07-17,PH,5.5,
nat23,259,native,2018-07-17,PH,7,
nat23,334,native,2018-07-17,PH,5,
nat23,380,native,2018-07-17,PH,4,
nat23,501,native,2018-07-17,PH,3.5,
nat23,575,native,2018-07-17,PH,4,
nat24,147,native,2018-07-17,PH,6,
nat24,485,native,2018-07-17,PH,6,
nat24,489,native,2018-07-17,PH,5,
nat24,8,native,2018-07-17,PH,7.2,
nat24,90,native,2018-07-17,PH,6,
nat25,187,native,2018-07-17,PH,4.5,
nat25,299,native,2018-07-17,PH,7.5,
nat25,433,native,2018-07-17,PH,4,
nat25,520,native,2018-07-17,PH,7,
nat25,537,native,2018-07-17,PH,7.5,
nat25,582,native,2018-07-17,PH,4,
nat25,613,native,2018-07-17,PH,6,
nat26,151,native,2018-07-17,PH,6,
nat26,16,native,2018-07-17,PH,3.5,
nat26,182,native,2018-07-17,PH,6,
nat26,269,native,2018-07-17,PH,5,
nat26,310,native,2018-07-17,PH,2,
nat26,338,native,2018-07-17,PH,4.5,
nat26,345,native,2018-07-17,PH,3.5,
nat26,373,native,2018-07-17,PH,5,
nat26,376,native,2018-07-17,PH,6.5,
nat26,402,native,2018-07-17,PH,5,
nat26,414,native,2018-07-17,PH,5.5,
nat26,424,native,2018-07-17,PH,5,
nat26,47,native,2018-07-17,PH,5,
nat26,471,native,2018-07-17,PH,6,
nat26,524,native,2018-07-17,PH,5.5,
nat26,561,native,2018-07-17,PH,5,
nat26,625,native,2018-07-17,PH,5,
nat27,141,native,2018-07-17,PH,5.5,
nat27,152,native,2018-07-17,PH,4,
nat27,181,native,2018-07-17,PH,6,
nat27,206,native,2018-07-17,PH,5.5,
nat27,23,native,2018-07-17,PH,4,
nat27,260,native,2018-07-17,PH,3,
nat27,263,native,2018-07-17,PH,5,
nat27,341,native,2018-07-17,PH,5,
nat27,347,native,2018-07-17,PH,5,
nat27,4,native,2018-07-17,PH,4,
nat27,406,native,2018-07-17,PH,6,
nat27,455,native,2018-07-17,PH,4,
nat27,517,native,2018-07-17,PH,7,
nat27,57,native,2018-07-17,PH,4,
nat27,655,native,2018-07-17,PH,5,
nat28,219,native,2018-07-17,PH,3,
nat28,304,native,2018-07-17,PH,4,
nat28,351,native,2018-07-17,PH,5.2,
nat28,448,native,2018-07-17,PH,4.2,
nat28,543,native,2018-07-17,PH,6,
nat28,598,native,2018-07-17,PH,3.5,
nat29,122,native,2018-07-17,PH,7,
nat29,137,native,2018-07-17,PH,8,
nat29,139,native,2018-07-17,PH,5,
nat29,153,native,2018-07-17,PH,4.5,
nat29,188,native,2018-07-17,PH,4,
nat29,194,native,2018-07-17,PH,6,
nat29,401,native,2018-07-17,PH,4,
nat29,423,native,2018-07-17,PH,4.5,
nat29,479,native,2018-07-17,PH,6,
nat29,5,native,2018-07-17,PH,6,
nat29,544,native,2018-07-17,PH,5.5,
nat29,565,native,2018-07-17,PH,4,
nat29,620,native,2018-07-17,PH,3.2,
nat29,99,native,2018-07-17,PH,6,
nat30,14,native,2018-07-17,PH,5,
nat30,429,native,2018-07-17,PH,5.5,
nat30,451,native,2018-07-17,PH,5,
nat30,592,native,2018-07-17,PH,4,
nat30,594,native,2018-07-17,PH,1,
nat30,650,native,2018-07-17,PH,2,
nat30,653,native,2018-07-17,PH,3,
nat31,225,native,2018-07-17,PH,5,
nat31,279,native,2018-07-17,PH,5,
nat31,646,native,2018-07-17,PH,4,
nat32,138,native,2018-07-17,PH,6,
nat32,172,native,2018-07-17,PH,6,
nat32,197,native,2018-07-17,PH,7,
nat32,214,native,2018-07-17,PH,5,
nat32,303,native,2018-07-17,PH,5,
nat32,360,native,2018-07-17,PH,6,
nat32,385,native,2018-07-17,PH,4.5,
nat32,463,native,2018-07-17,PH,7,
nat32,469,native,2018-07-17,PH,3.5,
nat33,297,native,2018-07-17,PH,6,
nat33,352,native,2018-07-17,PH,6,
nat33,365,native,2018-07-17,PH,6,
urb01,10,cultivar,2018-07-17,PH,3,
urb01,184,cultivar,2018-07-17,PH,6,
urb01,200,cultivar,2018-07-17,PH,4,
urb01,203,cultivar,2018-07-17,PH,7,
urb01,242,cultivar,2018-07-17,PH,5,
urb01,253,cultivar,2018-07-17,PH,7,
urb01,314,cultivar,2018-07-17,PH,6,
urb01,339,cultivar,2018-07-17,PH,6,
urb01,450,cultivar,2018-07-17,PH,9,
urb01,476,cultivar,2018-07-17,PH,4,
urb01,599,cultivar,2018-07-17,PH,6,
urb01,619,cultivar,2018-07-17,PH,7,
urb01,634,cultivar,2018-07-17,PH,8,
urb01,85,cultivar,2018-07-17,PH,6.5,
urb03,129,cultivar,2018-07-17,PH,10,
urb03,238,cultivar,2018-07-17,PH,8,
urb03,239,cultivar,2018-07-17,PH,9,
urb03,26,cultivar,2018-07-17,PH,7.5,
urb03,287,cultivar,2018-07-17,PH,8,
urb03,357,cultivar,2018-07-17,PH,7,
urb03,421,cultivar,2018-07-17,PH,8,
urb03,425,cultivar,2018-07-17,PH,5.5,
urb03,426,cultivar,2018-07-17,PH,8,
urb03,435,cultivar,2018-07-17,PH,8,
urb03,438,cultivar,2018-07-17,PH,5,
urb03,439,cultivar,2018-07-17,PH,5.5,
urb03,443,cultivar,2018-07-17,PH,7,
urb03,454,cultivar,2018-07-17,PH,7,
urb03,457,cultivar,2018-07-17,PH,7,
urb03,461,cultivar,2018-07-17,PH,7,
urb03,467,cultivar,2018-07-17,PH,5,
urb03,494,cultivar,2018-07-17,PH,6,
urb03,51,cultivar,2018-07-17,PH,8,
urb03,522,cultivar,2018-07-17,PH,8.5,
urb03,536,cultivar,2018-07-17,PH,7,
urb03,549,cultivar,2018-07-17,PH,8,
urb03,563,cultivar,2018-07-17,PH,8.5,
urb03,595,cultivar,2018-07-17,PH,7,
urb03,641,cultivar,2018-07-17,PH,8,
urb03,69,cultivar,2018-07-17,PH,6.2,
urb03,78,cultivar,2018-07-17,PH,6,
urb03,89,cultivar,2018-07-17,PH,4.5,
urb04,111,cultivar,2018-07-17,PH,9,
urb04,19,cultivar,2018-07-17,PH,6,
urb04,196,cultivar,2018-07-17,PH,6,
urb04,237,cultivar,2018-07-17,PH,8,
urb04,278,cultivar,2018-07-17,PH,6,
urb04,289,cultivar,2018-07-17,PH,7,
urb04,31,cultivar,2018-07-17,PH,6,
urb04,329,cultivar,2018-07-17,PH,7,
urb04,354,cultivar,2018-07-17,PH,9.5,
urb04,361,cultivar,2018-07-17,PH,7,
urb04,404,cultivar,2018-07-17,PH,8,
urb04,408,cultivar,2018-07-17,PH,8,
urb04,43,cultivar,2018-07-17,PH,5.5,
urb04,44,cultivar,2018-07-17,PH,7,
urb04,472,cultivar,2018-07-17,PH,6,
urb04,491,cultivar,2018-07-17,PH,6.5,
urb04,511,cultivar,2018-07-17,PH,6.5,
urb04,526,cultivar,2018-07-17,PH,6,
urb04,556,cultivar,2018-07-17,PH,6,
urb04,597,cultivar,2018-07-17,PH,6,
urb04,622,cultivar,2018-07-17,PH,5.5,
urb04,636,cultivar,2018-07-17,PH,9,
urb04,649,cultivar,2018-07-17,PH,9,
urb04,95,cultivar,2018-07-17,PH,7,
urb07,106,cultivar,2018-07-17,PH,8,
urb07,125,cultivar,2018-07-17,PH,8,
urb07,167,cultivar,2018-07-17,PH,8,
urb07,232,cultivar,2018-07-17,PH,6,
urb07,286,cultivar,2018-07-17,PH,6.5,
urb07,290,cultivar,2018-07-17,PH,5,
urb07,3,cultivar,2018-07-17,PH,9,
urb07,302,cultivar,2018-07-17,PH,7,
urb07,337,cultivar,2018-07-17,PH,5.5,
urb07,367,cultivar,2018-07-17,PH,11,
urb07,370,cultivar,2018-07-17,PH,7.5,
urb07,38,cultivar,2018-07-17,PH,5.5,
urb07,413,cultivar,2018-07-17,PH,6,
urb07,417,cultivar,2018-07-17,PH,6,
urb07,444,cultivar,2018-07-17,PH,5,
urb07,456,cultivar,2018-07-17,PH,5,
urb07,54,cultivar,2018-07-17,PH,7,
urb07,555,cultivar,2018-07-17,PH,5.2,
urb07,567,cultivar,2018-07-17,PH,8,
urb07,574,cultivar,2018-07-17,PH,6,
urb07,581,cultivar,2018-07-17,PH,6,
urb07,586,cultivar,2018-07-17,PH,5.5,
urb07,92,cultivar,2018-07-17,PH,6.5,
urb09,1,cultivar,2018-07-17,PH,11,
urb09,107,cultivar,2018-07-17,PH,8.2,
urb09,11,cultivar,2018-07-17,PH,8,
urb09,112,cultivar,2018-07-17,PH,7.5,
urb09,123,cultivar,2018-07-17,PH,12,
urb09,13,cultivar,2018-07-17,PH,9,
urb09,130,cultivar,2018-07-17,PH,10.5,
urb09,136,cultivar,2018-07-17,PH,12,
urb09,161,cultivar,2018-07-17,PH,10.5,
urb09,166,cultivar,2018-07-17,PH,10,
urb09,168,cultivar,2018-07-17,PH,9.2,
urb09,21,cultivar,2018-07-17,PH,8,
urb09,235,cultivar,2018-07-17,PH,7,
urb09,281,cultivar,2018-07-17,PH,13,
urb09,306,cultivar,2018-07-17,PH,9,
urb09,323,cultivar,2018-07-17,PH,6,
urb09,368,cultivar,2018-07-17,PH,9,
urb09,381,cultivar,2018-07-17,PH,7.5,
urb09,384,cultivar,2018-07-17,PH,3.5,
urb09,407,cultivar,2018-07-17,PH,4.5,
urb09,493,cultivar,2018-07-17,PH,8,
urb09,508,cultivar,2018-07-17,PH,10,
urb09,540,cultivar,2018-07-17,PH,10,
urb09,554,cultivar,2018-07-17,PH,12,
urb09,579,cultivar,2018-07-17,PH,10.5,
urb09,623,cultivar,2018-07-17,PH,9,
urb10,201,cultivar,2018-07-17,PH,4.5,
urb10,475,cultivar,2018-07-17,PH,7,
urb10,507,cultivar,2018-07-17,PH,4.5,
urb10,523,cultivar,2018-07-17,PH,7,
urb10,530,cultivar,2018-07-17,PH,5,
urb10,547,cultivar,2018-07-17,PH,7,
urb10,562,cultivar,2018-07-17,PH,6,
urb10,572,cultivar,2018-07-17,PH,5,
urb10,602,cultivar,2018-07-17,PH,4,
urb10,83,cultivar,2018-07-17,PH,5.5,
urb10,97,cultivar,2018-07-17,PH,7,
urb10,98,cultivar,2018-07-17,PH,6,
urb11,110,cultivar,2018-07-17,PH,9.2,
urb11,121,cultivar,2018-07-17,PH,4,
urb11,134,cultivar,2018-07-17,PH,8,
urb11,145,cultivar,2018-07-17,PH,8,
urb11,149,cultivar,2018-07-17,PH,7,
urb11,20,cultivar,2018-07-17,PH,5,
urb11,229,cultivar,2018-07-17,PH,6,
urb11,261,cultivar,2018-07-17,PH,9,
urb11,325,cultivar,2018-07-17,PH,6.5,
urb11,327,cultivar,2018-07-17,PH,9,
urb11,343,cultivar,2018-07-17,PH,5,
urb11,391,cultivar,2018-07-17,PH,7,
urb11,498,cultivar,2018-07-17,PH,6,
urb11,510,cultivar,2018-07-17,PH,9,
urb11,553,cultivar,2018-07-17,PH,8,
urb11,583,cultivar,2018-07-17,PH,6.5,
urb11,591,cultivar,2018-07-17,PH,6,
urb11,610,cultivar,2018-07-17,PH,3.5,
urb12,140,cultivar,2018-07-17,PH,6,
urb12,148,cultivar,2018-07-17,PH,7.5,
urb12,164,cultivar,2018-07-17,PH,4,
urb12,193,cultivar,2018-07-17,PH,7,
urb12,210,cultivar,2018-07-17,PH,8.2,
urb12,227,cultivar,2018-07-17,PH,4.5,
urb12,246,cultivar,2018-07-17,PH,5,
urb12,256,cultivar,2018-07-17,PH,8,
urb12,262,cultivar,2018-07-17,PH,5.5,
urb12,266,cultivar,2018-07-17,PH,9,
urb12,294,cultivar,2018-07-17,PH,8,
urb12,319,cultivar,2018-07-17,PH,11,
urb12,32,cultivar,2018-07-17,PH,7.5,
urb12,324,cultivar,2018-07-17,PH,9,
urb12,36,cultivar,2018-07-17,PH,6.7,
urb12,437,cultivar,2018-07-17,PH,5,
urb12,462,cultivar,2018-07-17,PH,8,
urb12,465,cultivar,2018-07-17,PH,8,
urb12,496,cultivar,2018-07-17,PH,5,
urb12,593,cultivar,2018-07-17,PH,7,
urb12,639,cultivar,2018-07-17,PH,7.5,
urb12,640,cultivar,2018-07-17,PH,6.5,
urb12,66,cultivar,2018-07-17,PH,4,
urb13,12,cultivar,2018-07-17,PH,7,
urb13,120,cultivar,2018-07-17,PH,10.5,
urb13,156,cultivar,2018-07-17,PH,12,
urb13,245,cultivar,2018-07-17,PH,7,
urb13,258,cultivar,2018-07-17,PH,5.5,
urb13,277,cultivar,2018-07-17,PH,6.5,
urb13,292,cultivar,2018-07-17,PH,8,
urb13,315,cultivar,2018-07-17,PH,6,
urb13,411,cultivar,2018-07-17,PH,9,
urb13,531,cultivar,2018-07-17,PH,3,
urb13,637,cultivar,2018-07-17,PH,8,
urb13,654,cultivar,2018-07-17,PH,8,
urb13,7,cultivar,2018-07-17,PH,8,
urb13,82,cultivar,2018-07-17,PH,11.5,
urb14,117,cultivar,2018-07-17,PH,5,
urb14,126,cultivar,2018-07-17,PH,7.5,
urb14,157,cultivar,2018-07-17,PH,6,
urb14,162,cultivar,2018-07-17,PH,7.5,
urb14,163,cultivar,2018-07-17,PH,8,
urb14,18,cultivar,2018-07-17,PH,8,
urb14,217,cultivar,2018-07-17,PH,8,
urb14,265,cultivar,2018-07-17,PH,7,
urb14,293,cultivar,2018-07-17,PH,7,
urb14,35,cultivar,2018-07-17,PH,6,
urb14,395,cultivar,2018-07-17,PH,7,
urb14,428,cultivar,2018-07-17,PH,6,
urb14,441,cultivar,2018-07-17,PH,5,
urb14,453,cultivar,2018-07-17,PH,7,
urb14,488,cultivar,2018-07-17,PH,6.5,
urb14,497,cultivar,2018-07-17,PH,6,
urb14,499,cultivar,2018-07-17,PH,6,
urb14,529,cultivar,2018-07-17,PH,6,
urb14,587,cultivar,2018-07-17,PH,6,
urb14,600,cultivar,2018-07-17,PH,8,
urb14,603,cultivar,2018-07-17,PH,7,
urb14,652,cultivar,2018-07-17,PH,7,
urb14,9,cultivar,2018-07-17,PH,8,
urb17,207,cultivar,2018-07-17,PH,8,
urb17,213,cultivar,2018-07-17,PH,6,
urb17,250,cultivar,2018-07-17,PH,8,
urb17,276,cultivar,2018-07-17,PH,9,
urb17,280,cultivar,2018-07-17,PH,7,
urb17,300,cultivar,2018-07-17,PH,8,
urb17,311,cultivar,2018-07-17,PH,7,
urb17,410,cultivar,2018-07-17,PH,9,
urb17,546,cultivar,2018-07-17,PH,8,
urb17,570,cultivar,2018-07-17,PH,6,
urb17,617,cultivar,2018-07-17,PH,10.5,
urb17,621,cultivar,2018-07-17,PH,6,
urb17,643,cultivar,2018-07-17,PH,8,
urb17,70,cultivar,2018-07-17,PH,8.5,
urb17,80,cultivar,2018-07-17,PH,6,
urb17,87,cultivar,2018-07-17,PH,3,
urb18,155,cultivar,2018-07-17,PH,5.5,
urb18,221,cultivar,2018-07-17,PH,1,
urb18,252,cultivar,2018-07-17,PH,4,
urb18,330,cultivar,2018-07-17,PH,7,
urb18,416,cultivar,2018-07-17,PH,5.5,
urb18,459,cultivar,2018-07-17,PH,3,
urb18,470,cultivar,2018-07-17,PH,6,
urb18,483,cultivar,2018-07-17,PH,6,
urb18,509,cultivar,2018-07-17,PH,5.5,
urb18,52,cultivar,2018-07-17,PH,4,
urb18,651,cultivar,2018-07-17,PH,6.5,
urb23,132,cultivar,2018-07-17,PH,4.2,
urb23,143,cultivar,2018-07-17,PH,9.5,
urb23,178,cultivar,2018-07-17,PH,7,
urb23,228,cultivar,2018-07-17,PH,5,
urb23,24,cultivar,2018-07-17,PH,7,
urb23,29,cultivar,2018-07-17,PH,7.2,
urb23,313,cultivar,2018-07-17,PH,6,
urb23,316,cultivar,2018-07-17,PH,7.5,
urb23,418,cultivar,2018-07-17,PH,5.5,
urb23,528,cultivar,2018-07-17,PH,6,
urb23,542,cultivar,2018-07-17,PH,10,
urb23,58,cultivar,2018-07-17,PH,7,
urb23,601,cultivar,2018-07-17,PH,10,
urb23,604,cultivar,2018-07-17,PH,6,
urb23,645,cultivar,2018-07-17,PH,6,
urb23,81,cultivar,2018-07-17,PH,10.5,
urb24,133,cultivar,2018-07-17,PH,6.7,
urb24,160,cultivar,2018-07-17,PH,8,
urb24,169,cultivar,2018-07-17,PH,7,
urb24,209,cultivar,2018-07-17,PH,8.5,
urb24,234,cultivar,2018-07-17,PH,8,
urb24,248,cultivar,2018-07-17,PH,5,
urb24,284,cultivar,2018-07-17,PH,6,
urb24,377,cultivar,2018-07-17,PH,7,
urb24,431,cultivar,2018-07-17,PH,6,
urb24,449,cultivar,2018-07-17,PH,8,
urb24,490,cultivar,2018-07-17,PH,6,
urb24,516,cultivar,2018-07-17,PH,6.2,
urb24,585,cultivar,2018-07-17,PH,8,
urb24,60,cultivar,2018-07-17,PH,6,
urb24,628,cultivar,2018-07-17,PH,5.5,
urb24,96,cultivar,2018-07-17,PH,6.5,
urb25,173,cultivar,2018-07-17,PH,6.5,
urb25,192,cultivar,2018-07-17,PH,7.5,
urb25,198,cultivar,2018-07-17,PH,4.5,
urb25,204,cultivar,2018-07-17,PH,7,
urb25,257,cultivar,2018-07-17,PH,5,
urb25,274,cultivar,2018-07-17,PH,5,
urb25,335,cultivar,2018-07-17,PH,6,
urb25,344,cultivar,2018-07-17,PH,5.5,
urb25,348,cultivar,2018-07-17,PH,6,
urb25,371,cultivar,2018-07-17,PH,8,
urb25,374,cultivar,2018-07-17,PH,7,
urb25,403,cultivar,2018-07-17,PH,7.5,
urb25,412,cultivar,2018-07-17,PH,6,
urb25,415,cultivar,2018-07-17,PH,8,
urb25,442,cultivar,2018-07-17,PH,5,
urb25,452,cultivar,2018-07-17,PH,8,
urb25,458,cultivar,2018-07-17,PH,5,
urb25,478,cultivar,2018-07-17,PH,5,
urb25,486,cultivar,2018-07-17,PH,7,
urb25,518,cultivar,2018-07-17,PH,7.5,
urb25,590,cultivar,2018-07-17,PH,12,
urb25,88,cultivar,2018-07-17,PH,7,
urb26,104,cultivar,2018-07-17,PH,6,
urb26,109,cultivar,2018-07-17,PH,4,
urb26,180,cultivar,2018-07-17,PH,7.2,
urb26,268,cultivar,2018-07-17,PH,8,
urb26,273,cultivar,2018-07-17,PH,5.5,
urb26,320,cultivar,2018-07-17,PH,6,
urb26,356,cultivar,2018-07-17,PH,6,
urb26,386,cultivar,2018-07-17,PH,6.5,
urb26,392,cultivar,2018-07-17,PH,6,
urb26,427,cultivar,2018-07-17,PH,6,
urb26,502,cultivar,2018-07-17,PH,7,
urb26,525,cultivar,2018-07-17,PH,4.5,
urb26,551,cultivar,2018-07-17,PH,6,
urb26,578,cultivar,2018-07-17,PH,6,
urb26,624,cultivar,2018-07-17,PH,7.5,
urb26,633,cultivar,2018-07-17,PH,7,
urb26,661,cultivar,2018-07-17,PH,7,
urb28,103,cultivar,2018-07-17,PH,10.2,
urb28,118,cultivar,2018-07-17,PH,6.5,
urb28,171,cultivar,2018-07-17,PH,6,
urb28,205,cultivar,2018-07-17,PH,8,
urb28,240,cultivar,2018-07-17,PH,7.5,
urb28,27,cultivar,2018-07-17,PH,8.5,
urb28,295,cultivar,2018-07-17,PH,6.5,
urb28,318,cultivar,2018-07-17,PH,8,
urb28,342,cultivar,2018-07-17,PH,10,
urb28,369,cultivar,2018-07-17,PH,8.5,
urb28,387,cultivar,2018-07-17,PH,7,
urb28,39,cultivar,2018-07-17,PH,4.2,
urb28,474,cultivar,2018-07-17,PH,7,
urb28,49,cultivar,2018-07-17,PH,9,
urb28,50,cultivar,2018-07-17,PH,9.5,
urb28,506,cultivar,2018-07-17,PH,6,
urb28,512,cultivar,2018-07-17,PH,7,
urb28,541,cultivar,2018-07-17,PH,7.5,
urb28,62,cultivar,2018-07-17,PH,9.2,
urb28,660,cultivar,2018-07-17,PH,6,
urb28,75,cultivar,2018-07-17,PH,8,
urb28,77,cultivar,2018-07-17,PH,6,
urb29,113,cultivar,2018-07-17,PH,5,
urb29,124,cultivar,2018-07-17,PH,7.5,
urb29,127,cultivar,2018-07-17,PH,6,
urb29,158,cultivar,2018-07-17,PH,4.5,
urb29,165,cultivar,2018-07-17,PH,9,
urb29,170,cultivar,2018-07-17,PH,6.2,
urb29,363,cultivar,2018-07-17,PH,6,
urb29,394,cultivar,2018-07-17,PH,5,
urb29,400,cultivar,2018-07-17,PH,6,
urb29,504,cultivar,2018-07-17,PH,7,
urb29,552,cultivar,2018-07-17,PH,5.5,
urb31,108,cultivar,2018-07-17,PH,8,
urb31,220,cultivar,2018-07-17,PH,6,
urb31,231,cultivar,2018-07-17,PH,6.5,
urb31,233,cultivar,2018-07-17,PH,6,
urb31,247,cultivar,2018-07-17,PH,6,
urb31,308,cultivar,2018-07-17,PH,7,
urb31,346,cultivar,2018-07-17,PH,8,
urb31,372,cultivar,2018-07-17,PH,9.5,
urb31,434,cultivar,2018-07-17,PH,9,
urb31,460,cultivar,2018-07-17,PH,5,
urb31,48,cultivar,2018-07-17,PH,7,
urb31,481,cultivar,2018-07-17,PH,4.5,
urb31,495,cultivar,2018-07-17,PH,8,
urb31,514,cultivar,2018-07-17,PH,7,
urb31,539,cultivar,2018-07-17,PH,7,
urb31,55,cultivar,2018-07-17,PH,6,
urb31,576,cultivar,2018-07-17,PH,6.5,
urb31,588,cultivar,2018-07-17,PH,9,
urb31,59,cultivar,2018-07-17,PH,7,
urb31,612,cultivar,2018-07-17,PH,7,
urb31,63,cultivar,2018-07-17,PH,10.5,
urb31,644,cultivar,2018-07-17,PH,6,
urb31,91,cultivar,2018-07-17,PH,7,
urb32,189,cultivar,2018-07-17,PH,6.5,
urb32,208,cultivar,2018-07-17,PH,7,
urb32,264,cultivar,2018-07-17,PH,6,
urb32,336,cultivar,2018-07-17,PH,4,
urb32,350,cultivar,2018-07-17,PH,8,
urb32,366,cultivar,2018-07-17,PH,8,
urb32,378,cultivar,2018-07-17,PH,5.5,
urb32,379,cultivar,2018-07-17,PH,6,
urb32,382,cultivar,2018-07-17,PH,7,
urb32,390,cultivar,2018-07-17,PH,6,
urb32,42,cultivar,2018-07-17,PH,7,
urb32,420,cultivar,2018-07-17,PH,7,
urb32,45,cultivar,2018-07-17,PH,7,
urb32,53,cultivar,2018-07-17,PH,7.5,
urb32,550,cultivar,2018-07-17,PH,8,
urb32,618,cultivar,2018-07-17,PH,5.5,
urb32,635,cultivar,2018-07-17,PH,6,
urb32,64,cultivar,2018-07-17,PH,7,
urb32,658,cultivar,2018-07-17,PH,5,
urb32,72,cultivar,2018-07-17,PH,7.5,
nat18,326,native,2018-08-07,PH,5.5,
nat18,480,native,2018-08-07,PH,6,weak + wrinked leaves
nat18,632,native,2018-08-07,PH,7,
nat19,100,native,2018-08-07,PH,7.7,PD
nat19,183,native,2018-08-07,PH,6.5,
nat19,185,native,2018-08-07,PH,5.5,
nat19,190,native,2018-08-07,PH,7,
nat19,202,native,2018-08-07,PH,7,PD
nat19,22,native,2018-08-07,PH,6,
nat19,223,native,2018-08-07,PH,8,
nat19,224,native,2018-08-07,PH,5,
nat19,270,native,2018-08-07,PH,8,Roots exposed
nat19,275,native,2018-08-07,PH,6.5,Herbivory
nat19,296,native,2018-08-07,PH,4,Pd + wilting
nat19,33,native,2018-08-07,PH,4.5,
nat19,355,native,2018-08-07,PH,7.5,
nat19,364,native,2018-08-07,PH,6,
nat19,375,native,2018-08-07,PH,6.5,
nat19,397,native,2018-08-07,PH,6,PD
nat19,398,native,2018-08-07,PH,6.5,
nat19,430,native,2018-08-07,PH,7,
nat19,46,native,2018-08-07,PH,6,
nat19,468,native,2018-08-07,PH,5.5,
nat19,482,native,2018-08-07,PH,7.5,
nat19,513,native,2018-08-07,PH,6,
nat19,538,native,2018-08-07,PH,4,
nat19,557,native,2018-08-07,PH,9.5,
nat19,571,native,2018-08-07,PH,7.5,
nat19,596,native,2018-08-07,PH,8,
nat19,606,native,2018-08-07,PH,6.5,
nat19,611,native,2018-08-07,PH,6,
nat19,616,native,2018-08-07,PH,7,
nat19,627,native,2018-08-07,PH,5,
nat19,631,native,2018-08-07,PH,7,
nat19,642,native,2018-08-07,PH,3,
nat19,65,native,2018-08-07,PH,3,
nat19,657,native,2018-08-07,PH,7,
nat19,659,native,2018-08-07,PH,7.5,
nat19,74,native,2018-08-07,PH,4.5,
nat19,76,native,2018-08-07,PH,6,
nat20,301,native,2018-08-07,PH,7,PD
nat20,440,native,2018-08-07,PH,7.5,
nat20,446,native,2018-08-07,PH,7,
nat20,473,native,2018-08-07,PH,8.5,
nat20,519,native,2018-08-07,PH,6.5,
nat20,605,native,2018-08-07,PH,6,
nat20,615,native,2018-08-07,PH,6,
nat21,332,native,2018-08-07,PH,9,
nat21,333,native,2018-08-07,PH,9.5,Roots exposeed
nat21,358,native,2018-08-07,PH,7.5,
nat21,422,native,2018-08-07,PH,6,
nat21,500,native,2018-08-07,PH,6.5,
nat21,527,native,2018-08-07,PH,5.5,
nat21,568,native,2018-08-07,PH,10,
nat21,573,native,2018-08-07,PH,6.5,
nat21,68,native,2018-08-07,PH,8,
nat22,101,native,2018-08-07,PH,6,
nat22,119,native,2018-08-07,PH,9,Herb/holly bush nearby
nat22,142,native,2018-08-07,PH,6.2,
nat22,176,native,2018-08-07,PH,8.5,
nat22,191,native,2018-08-07,PH,6.5,
nat22,199,native,2018-08-07,PH,6.5,
nat22,25,native,2018-08-07,PH,7,
nat22,254,native,2018-08-07,PH,6.5,
nat22,353,native,2018-08-07,PH,10,Leaves missing
nat22,505,native,2018-08-07,PH,6.5,
nat22,535,native,2018-08-07,PH,8,
nat22,6,native,2018-08-07,PH,8,plant in dirt (PD)
nat22,609,native,2018-08-07,PH,10,
nat22,638,native,2018-08-07,PH,7.5,
nat23,2,native,2018-08-07,PH,8.7,
nat23,216,native,2018-08-07,PH,5,
nat23,244,native,2018-08-07,PH,6.5,PD
nat23,259,native,2018-08-07,PH,8,Roots exposed
nat23,334,native,2018-08-07,PH,6,PD
nat23,380,native,2018-08-07,PH,4.5,
nat23,501,native,2018-08-07,PH,4.5,
nat23,575,native,2018-08-07,PH,5.5,stem only
nat24,147,native,2018-08-07,PH,7.5,
nat24,485,native,2018-08-07,PH,7,
nat24,489,native,2018-08-07,PH,6,
nat24,8,native,2018-08-07,PH,4.5,
nat24,90,native,2018-08-07,PH,8,
nat25,187,native,2018-08-07,PH,5,
nat25,299,native,2018-08-07,PH,8.5,Herbivory
nat25,433,native,2018-08-07,PH,4.5,
nat25,520,native,2018-08-07,PH,7,
nat25,537,native,2018-08-07,PH,7,Leaf withered + leaf decay at top
nat25,582,native,2018-08-07,PH,6,
nat25,613,native,2018-08-07,PH,8,
nat26,151,native,2018-08-07,PH,8.5,
nat26,16,native,2018-08-07,PH,5.2,
nat26,182,native,2018-08-07,PH,6.5,
nat26,269,native,2018-08-07,PH,6,
nat26,310,native,2018-08-07,PH,6.5,
nat26,338,native,2018-08-07,PH,6.5,
nat26,345,native,2018-08-07,PH,5,
nat26,373,native,2018-08-07,PH,6.5,
nat26,402,native,2018-08-07,PH,6,
nat26,414,native,2018-08-07,PH,7,
nat26,424,native,2018-08-07,PH,6,
nat26,47,native,2018-08-07,PH,7,
nat26,471,native,2018-08-07,PH,8,
nat26,524,native,2018-08-07,PH,8.5,
nat26,561,native,2018-08-07,PH,6.2,
nat26,625,native,2018-08-07,PH,7,
nat27,141,native,2018-08-07,PH,5.5,LMAT
nat27,152,native,2018-08-07,PH,5.5,
nat27,181,native,2018-08-07,PH,6.5,
nat27,206,native,2018-08-07,PH,8,PD
nat27,23,native,2018-08-07,PH,6,PD
nat27,260,native,2018-08-07,PH,5,
nat27,263,native,2018-08-07,PH,8.5,PD
nat27,341,native,2018-08-07,PH,6.5,PD
nat27,347,native,2018-08-07,PH,6.5,
nat27,4,native,2018-08-07,PH,5.2,
nat27,406,native,2018-08-07,PH,6,PD
nat27,455,native,2018-08-07,PH,6,
nat27,517,native,2018-08-07,PH,7.5,
nat27,57,native,2018-08-07,PH,6,
nat27,655,native,2018-08-07,PH,5.5,
nat28,219,native,2018-08-07,PH,4,
nat28,304,native,2018-08-07,PH,5,Small + leaves missing at the top of plant
nat28,351,native,2018-08-07,PH,7,Roots exposed
nat28,448,native,2018-08-07,PH,5,Leaves missing at top
nat28,543,native,2018-08-07,PH,8,
nat28,598,native,2018-08-07,PH,4.5,
nat29,122,native,2018-08-07,PH,8.5,
nat29,137,native,2018-08-07,PH,7.5,LMAT (leaves missing at top)
nat29,139,native,2018-08-07,PH,7.5,
nat29,153,native,2018-08-07,PH,7,
nat29,188,native,2018-08-07,PH,5,
nat29,194,native,2018-08-07,PH,7.5,
nat29,401,native,2018-08-07,PH,5,
nat29,423,native,2018-08-07,PH,6,
nat29,479,native,2018-08-07,PH,6,
nat29,5,native,2018-08-07,PH,7.5,
nat29,544,native,2018-08-07,PH,6,
nat29,565,native,2018-08-07,PH,5.5,
nat29,620,native,2018-08-07,PH,5.2,
nat29,99,native,2018-08-07,PH,5.5,
nat30,14,native,2018-08-07,PH,7,
nat30,429,native,2018-08-07,PH,4,
nat30,451,native,2018-08-07,PH,6.5,
nat30,592,native,2018-08-07,PH,7,
nat30,594,native,2018-08-07,PH,2,very short plant
nat30,650,native,2018-08-07,PH,3.5,
nat30,653,native,2018-08-07,PH,6,PD
nat31,225,native,2018-08-07,PH,5.5,
nat31,279,native,2018-08-07,PH,6,
nat31,646,native,2018-08-07,PH,5,
nat32,138,native,2018-08-07,PH,6.5,
nat32,172,native,2018-08-07,PH,10,PD
nat32,197,native,2018-08-07,PH,7,
nat32,214,native,2018-08-07,PH,7,
nat32,303,native,2018-08-07,PH,6,
nat32,360,native,2018-08-07,PH,8.5,
nat32,385,native,2018-08-07,PH,6,Yellow Veins
nat32,463,native,2018-08-07,PH,8,
nat32,469,native,2018-08-07,PH,5,"Crispy seedling, wilting "
nat33,297,native,2018-08-07,PH,7.5,
nat33,352,native,2018-08-07,PH,7.5,
nat33,365,native,2018-08-07,PH,7.5,
urb01,10,cultivar,2018-08-07,PH,5.5,
urb01,184,cultivar,2018-08-07,PH,6.5,
urb01,200,cultivar,2018-08-07,PH,7,
urb01,203,cultivar,2018-08-07,PH,9,
urb01,242,cultivar,2018-08-07,PH,7,
urb01,253,cultivar,2018-08-07,PH,8,
urb01,314,cultivar,2018-08-07,PH,8.35,
urb01,339,cultivar,2018-08-07,PH,7,
urb01,450,cultivar,2018-08-07,PH,12,
urb01,476,cultivar,2018-08-07,PH,7,
urb01,599,cultivar,2018-08-07,PH,8,
urb01,619,cultivar,2018-08-07,PH,6.5,Vey red seedling
urb01,634,cultivar,2018-08-07,PH,8.5,Brown spots
urb01,85,cultivar,2018-08-07,PH,8,
urb03,129,cultivar,2018-08-07,PH,12,
urb03,238,cultivar,2018-08-07,PH,7.5,
urb03,239,cultivar,2018-08-07,PH,11,
urb03,26,cultivar,2018-08-07,PH,9,
urb03,287,cultivar,2018-08-07,PH,8.5,
urb03,357,cultivar,2018-08-07,PH,10,White near apical meristem
urb03,421,cultivar,2018-08-07,PH,9,
urb03,425,cultivar,2018-08-07,PH,6.5,
urb03,426,cultivar,2018-08-07,PH,10,
urb03,435,cultivar,2018-08-07,PH,9.7,
urb03,438,cultivar,2018-08-07,PH,6.5,
urb03,439,cultivar,2018-08-07,PH,8.5,Leaf decay at top
urb03,443,cultivar,2018-08-07,PH,10,
urb03,454,cultivar,2018-08-07,PH,7.5,
urb03,457,cultivar,2018-08-07,PH,6.5,
urb03,461,cultivar,2018-08-07,PH,7.5,
urb03,467,cultivar,2018-08-07,PH,6.5,
urb03,494,cultivar,2018-08-07,PH,7,
urb03,51,cultivar,2018-08-07,PH,10,
urb03,522,cultivar,2018-08-07,PH,9.7,
urb03,536,cultivar,2018-08-07,PH,9,
urb03,549,cultivar,2018-08-07,PH,8,
urb03,563,cultivar,2018-08-07,PH,10,
urb03,595,cultivar,2018-08-07,PH,9,
urb03,641,cultivar,2018-08-07,PH,9,
urb03,69,cultivar,2018-08-07,PH,7.5,
urb03,78,cultivar,2018-08-07,PH,7.5,
urb03,89,cultivar,2018-08-07,PH,6.5,
urb04,111,cultivar,2018-08-07,PH,8.2,
urb04,19,cultivar,2018-08-07,PH,8,
urb04,196,cultivar,2018-08-07,PH,9.7,
urb04,237,cultivar,2018-08-07,PH,8.5,
urb04,278,cultivar,2018-08-07,PH,6.5,
urb04,289,cultivar,2018-08-07,PH,7,
urb04,31,cultivar,2018-08-07,PH,7,
urb04,329,cultivar,2018-08-07,PH,9,
urb04,354,cultivar,2018-08-07,PH,11,White Spots
urb04,361,cultivar,2018-08-07,PH,9,
urb04,404,cultivar,2018-08-07,PH,9,Leaf ecay
urb04,408,cultivar,2018-08-07,PH,10,Whitening near apical meristem
urb04,43,cultivar,2018-08-07,PH,7,
urb04,44,cultivar,2018-08-07,PH,9,
urb04,472,cultivar,2018-08-07,PH,7,
urb04,491,cultivar,2018-08-07,PH,8,
urb04,511,cultivar,2018-08-07,PH,6.5,Leaf decay at top
urb04,526,cultivar,2018-08-07,PH,7.5,leaf decay at top
urb04,556,cultivar,2018-08-07,PH,9,PD
urb04,597,cultivar,2018-08-07,PH,7,
urb04,622,cultivar,2018-08-07,PH,6,
urb04,636,cultivar,2018-08-07,PH,9,
urb04,649,cultivar,2018-08-07,PH,11,
urb04,95,cultivar,2018-08-07,PH,9,
urb07,106,cultivar,2018-08-07,PH,9,
urb07,125,cultivar,2018-08-07,PH,9.5,
urb07,167,cultivar,2018-08-07,PH,9,
urb07,286,cultivar,2018-08-07,PH,9,
urb07,290,cultivar,2018-08-07,PH,6,
urb07,3,cultivar,2018-08-07,PH,10,
urb07,302,cultivar,2018-08-07,PH,8,
urb07,337,cultivar,2018-08-07,PH,7.5,
urb07,367,cultivar,2018-08-07,PH,11.5,
urb07,370,cultivar,2018-08-07,PH,8,
urb07,38,cultivar,2018-08-07,PH,7.5,
urb07,413,cultivar,2018-08-07,PH,7.7,
urb07,417,cultivar,2018-08-07,PH,8,
urb07,444,cultivar,2018-08-07,PH,7,
urb07,456,cultivar,2018-08-07,PH,7,
urb07,54,cultivar,2018-08-07,PH,9,
urb07,555,cultivar,2018-08-07,PH,7.5,
urb07,567,cultivar,2018-08-07,PH,9.5,Leaf decay top
urb07,574,cultivar,2018-08-07,PH,7,
urb07,581,cultivar,2018-08-07,PH,6,
urb07,586,cultivar,2018-08-07,PH,7.5,
urb07,92,cultivar,2018-08-07,PH,8,
urb09,1,cultivar,2018-08-07,PH,11.5,
urb09,107,cultivar,2018-08-07,PH,10.5,
urb09,11,cultivar,2018-08-07,PH,10,
urb09,112,cultivar,2018-08-07,PH,9.5,
urb09,123,cultivar,2018-08-07,PH,12.5,
urb09,13,cultivar,2018-08-07,PH,10,
urb09,130,cultivar,2018-08-07,PH,12.5,
urb09,136,cultivar,2018-08-07,PH,13,PLM (parts of leaves missing)
urb09,161,cultivar,2018-08-07,PH,10,
urb09,166,cultivar,2018-08-07,PH,12,
urb09,168,cultivar,2018-08-07,PH,9.5,
urb09,21,cultivar,2018-08-07,PH,11,
urb09,235,cultivar,2018-08-07,PH,7,
urb09,281,cultivar,2018-08-07,PH,12.5,
urb09,306,cultivar,2018-08-07,PH,10,holes in leaves and white spots
urb09,323,cultivar,2018-08-07,PH,8,
urb09,368,cultivar,2018-08-07,PH,14.5,
urb09,381,cultivar,2018-08-07,PH,9,
urb09,384,cultivar,2018-08-07,PH,5,Spider web over plant
urb09,407,cultivar,2018-08-07,PH,10,
urb09,493,cultivar,2018-08-07,PH,10,
urb09,508,cultivar,2018-08-07,PH,11.2,
urb09,540,cultivar,2018-08-07,PH,12.2,
urb09,554,cultivar,2018-08-07,PH,14.5,Whiteng near apical meristem
urb09,579,cultivar,2018-08-07,PH,10.5,
urb09,623,cultivar,2018-08-07,PH,10,
urb10,201,cultivar,2018-08-07,PH,8,
urb10,475,cultivar,2018-08-07,PH,5,
urb10,507,cultivar,2018-08-07,PH,6.5,
urb10,523,cultivar,2018-08-07,PH,7.5,
urb10,530,cultivar,2018-08-07,PH,5.5,
urb10,547,cultivar,2018-08-07,PH,7,
urb10,562,cultivar,2018-08-07,PH,8,
urb10,572,cultivar,2018-08-07,PH,6,
urb10,602,cultivar,2018-08-07,PH,6,
urb10,83,cultivar,2018-08-07,PH,8,
urb10,97,cultivar,2018-08-07,PH,7.5,
urb10,98,cultivar,2018-08-07,PH,6,
urb11,110,cultivar,2018-08-07,PH,9.5,Herb(heavy) and curley stem
urb11,134,cultivar,2018-08-07,PH,9.5,
urb11,145,cultivar,2018-08-07,PH,9.5,soggy soil
urb11,149,cultivar,2018-08-07,PH,8.5,
urb11,20,cultivar,2018-08-07,PH,5.2,
urb11,229,cultivar,2018-08-07,PH,7.7,
urb11,261,cultivar,2018-08-07,PH,9,
urb11,325,cultivar,2018-08-07,PH,8,
urb11,327,cultivar,2018-08-07,PH,10,
urb11,343,cultivar,2018-08-07,PH,7.5,
urb11,391,cultivar,2018-08-07,PH,8.5,
urb11,498,cultivar,2018-08-07,PH,8.2,
urb11,510,cultivar,2018-08-07,PH,10.5,
urb11,553,cultivar,2018-08-07,PH,9,
urb11,583,cultivar,2018-08-07,PH,8,
urb11,591,cultivar,2018-08-07,PH,9.7,Whitening near api meristem
urb11,610,cultivar,2018-08-07,PH,5,
urb12,148,cultivar,2018-08-07,PH,10,
urb12,164,cultivar,2018-08-07,PH,6,
urb12,193,cultivar,2018-08-07,PH,7.5,
urb12,210,cultivar,2018-08-07,PH,9,
urb12,227,cultivar,2018-08-07,PH,5.5,
urb12,246,cultivar,2018-08-07,PH,9.5,PD
urb12,256,cultivar,2018-08-07,PH,7.5,
urb12,262,cultivar,2018-08-07,PH,6.5,
urb12,266,cultivar,2018-08-07,PH,10,
urb12,294,cultivar,2018-08-07,PH,8.5,
urb12,319,cultivar,2018-08-07,PH,11,Red and  brown leaves
urb12,32,cultivar,2018-08-07,PH,9,
urb12,324,cultivar,2018-08-07,PH,10,
urb12,36,cultivar,2018-08-07,PH,8,
urb12,437,cultivar,2018-08-07,PH,9,Herbivory
urb12,462,cultivar,2018-08-07,PH,9,
urb12,465,cultivar,2018-08-07,PH,10,
urb12,593,cultivar,2018-08-07,PH,9.5,
urb12,639,cultivar,2018-08-07,PH,7.5,
urb12,640,cultivar,2018-08-07,PH,7,
urb12,66,cultivar,2018-08-07,PH,6.5,
urb13,12,cultivar,2018-08-07,PH,7.5,
urb13,120,cultivar,2018-08-07,PH,10,
urb13,156,cultivar,2018-08-07,PH,13.5,
urb13,245,cultivar,2018-08-07,PH,8.5,
urb13,258,cultivar,2018-08-07,PH,8,
urb13,277,cultivar,2018-08-07,PH,8.2,
urb13,292,cultivar,2018-08-07,PH,9.5,
urb13,315,cultivar,2018-08-07,PH,9.5,
urb13,411,cultivar,2018-08-07,PH,10,White spots
urb13,531,cultivar,2018-08-07,PH,4,
urb13,637,cultivar,2018-08-07,PH,9,
urb13,654,cultivar,2018-08-07,PH,10.2,
urb13,7,cultivar,2018-08-07,PH,9.5,
urb13,82,cultivar,2018-08-07,PH,10,PD Ldecay (leaf decay)
urb14,117,cultivar,2018-08-07,PH,7,PD Ldecay roots visible
urb14,126,cultivar,2018-08-07,PH,8.2,
urb14,157,cultivar,2018-08-07,PH,8,
urb14,162,cultivar,2018-08-07,PH,8,
urb14,163,cultivar,2018-08-07,PH,9.5,
urb14,18,cultivar,2018-08-07,PH,9,
urb14,217,cultivar,2018-08-07,PH,8,
urb14,265,cultivar,2018-08-07,PH,7.5,
urb14,293,cultivar,2018-08-07,PH,7,
urb14,35,cultivar,2018-08-07,PH,8,
urb14,395,cultivar,2018-08-07,PH,8,
urb14,428,cultivar,2018-08-07,PH,9,
urb14,441,cultivar,2018-08-07,PH,7,
urb14,453,cultivar,2018-08-07,PH,9,
urb14,488,cultivar,2018-08-07,PH,8,
urb14,497,cultivar,2018-08-07,PH,7.5,
urb14,499,cultivar,2018-08-07,PH,7.8,
urb14,529,cultivar,2018-08-07,PH,6.5,
urb14,587,cultivar,2018-08-07,PH,8,
urb14,600,cultivar,2018-08-07,PH,10,
urb14,603,cultivar,2018-08-07,PH,10,
urb14,652,cultivar,2018-08-07,PH,9,Red spots
urb14,9,cultivar,2018-08-07,PH,9,
urb17,207,cultivar,2018-08-07,PH,8,
urb17,213,cultivar,2018-08-07,PH,8,PD
urb17,250,cultivar,2018-08-07,PH,7.5,
urb17,276,cultivar,2018-08-07,PH,10.2,
urb17,280,cultivar,2018-08-07,PH,8.5,
urb17,300,cultivar,2018-08-07,PH,8,
urb17,311,cultivar,2018-08-07,PH,8.2,
urb17,410,cultivar,2018-08-07,PH,8.5,
urb17,546,cultivar,2018-08-07,PH,9,
urb17,570,cultivar,2018-08-07,PH,7,
urb17,617,cultivar,2018-08-07,PH,1,
urb17,621,cultivar,2018-08-07,PH,7,Herbory
urb17,643,cultivar,2018-08-07,PH,9.5,Leaves missing + browning
urb17,70,cultivar,2018-08-07,PH,10,
urb17,80,cultivar,2018-08-07,PH,6,
urb17,87,cultivar,2018-08-07,PH,9.5,PD Ldecay
urb18,155,cultivar,2018-08-07,PH,6.5,
urb18,221,cultivar,2018-08-07,PH,2,
urb18,252,cultivar,2018-08-07,PH,6,
urb18,330,cultivar,2018-08-07,PH,8.5,
urb18,416,cultivar,2018-08-07,PH,7,
urb18,459,cultivar,2018-08-07,PH,4,Small leaf area + leaf decay
urb18,470,cultivar,2018-08-07,PH,7,Spider on plant
urb18,483,cultivar,2018-08-07,PH,10,
urb18,509,cultivar,2018-08-07,PH,7,
urb18,52,cultivar,2018-08-07,PH,6,
urb18,651,cultivar,2018-08-07,PH,7.5,
urb23,132,cultivar,2018-08-07,PH,7.5,
urb23,143,cultivar,2018-08-07,PH,10.5,yellowing
urb23,178,cultivar,2018-08-07,PH,8,Whitening near the apical meristem
urb23,228,cultivar,2018-08-07,PH,7,
urb23,24,cultivar,2018-08-07,PH,9,
urb23,29,cultivar,2018-08-07,PH,7,
urb23,313,cultivar,2018-08-07,PH,8,
urb23,316,cultivar,2018-08-07,PH,10,
urb23,418,cultivar,2018-08-07,PH,8,
urb23,528,cultivar,2018-08-07,PH,7,
urb23,542,cultivar,2018-08-07,PH,10,
urb23,58,cultivar,2018-08-07,PH,9,
urb23,601,cultivar,2018-08-07,PH,10.5,
urb23,604,cultivar,2018-08-07,PH,8.5,Spider web
urb23,645,cultivar,2018-08-07,PH,8,
urb23,81,cultivar,2018-08-07,PH,11.5,
urb24,133,cultivar,2018-08-07,PH,7,
urb24,160,cultivar,2018-08-07,PH,8,
urb24,169,cultivar,2018-08-07,PH,8,barely any leaves
urb24,209,cultivar,2018-08-07,PH,9.5,
urb24,234,cultivar,2018-08-07,PH,8.2,
urb24,248,cultivar,2018-08-07,PH,6,
urb24,284,cultivar,2018-08-07,PH,6,
urb24,377,cultivar,2018-08-07,PH,7,PD Leaf Decay
urb24,431,cultivar,2018-08-07,PH,7.5,
urb24,449,cultivar,2018-08-07,PH,9.5,
urb24,490,cultivar,2018-08-07,PH,8,
urb24,516,cultivar,2018-08-07,PH,7.5,
urb24,585,cultivar,2018-08-07,PH,9,
urb24,60,cultivar,2018-08-07,PH,7,
urb24,628,cultivar,2018-08-07,PH,9,
urb24,96,cultivar,2018-08-07,PH,8.5,White spots heavy
urb25,173,cultivar,2018-08-07,PH,7.5,rain Leaf Decay
urb25,192,cultivar,2018-08-07,PH,8,
urb25,198,cultivar,2018-08-07,PH,8,
urb25,204,cultivar,2018-08-07,PH,7,White Spots
urb25,257,cultivar,2018-08-07,PH,5,PD
urb25,274,cultivar,2018-08-07,PH,6,Leaf Decay
urb25,335,cultivar,2018-08-07,PH,8.5,
urb25,344,cultivar,2018-08-07,PH,7,
urb25,348,cultivar,2018-08-07,PH,6.5,
urb25,371,cultivar,2018-08-07,PH,11,
urb25,374,cultivar,2018-08-07,PH,10,Curley Stem+ white near apical meristem
urb25,403,cultivar,2018-08-07,PH,9,
urb25,412,cultivar,2018-08-07,PH,7,
urb25,415,cultivar,2018-08-07,PH,10,
urb25,442,cultivar,2018-08-07,PH,6,
urb25,452,cultivar,2018-08-07,PH,10,
urb25,458,cultivar,2018-08-07,PH,7,
urb25,478,cultivar,2018-08-07,PH,7.5,
urb25,486,cultivar,2018-08-07,PH,10,
urb25,518,cultivar,2018-08-07,PH,8,
urb25,590,cultivar,2018-08-07,PH,13.5,
urb25,88,cultivar,2018-08-07,PH,8,
urb26,104,cultivar,2018-08-07,PH,7,PD
urb26,109,cultivar,2018-08-07,PH,7,
urb26,180,cultivar,2018-08-07,PH,7.5,
urb26,268,cultivar,2018-08-07,PH,9,
urb26,273,cultivar,2018-08-07,PH,5,
urb26,320,cultivar,2018-08-07,PH,8,
urb26,356,cultivar,2018-08-07,PH,7,
urb26,386,cultivar,2018-08-07,PH,9,
urb26,392,cultivar,2018-08-07,PH,7.5,
urb26,427,cultivar,2018-08-07,PH,7,
urb26,502,cultivar,2018-08-07,PH,9,
urb26,525,cultivar,2018-08-07,PH,8,PD
urb26,551,cultivar,2018-08-07,PH,7,
urb26,578,cultivar,2018-08-07,PH,8,
urb26,624,cultivar,2018-08-07,PH,9,
urb26,633,cultivar,2018-08-07,PH,8.2,
urb26,661,cultivar,2018-08-07,PH,8.4,
urb28,103,cultivar,2018-08-07,PH,11,browning leaves
urb28,118,cultivar,2018-08-07,PH,9.5,
urb28,171,cultivar,2018-08-07,PH,11,
urb28,205,cultivar,2018-08-07,PH,9,
urb28,240,cultivar,2018-08-07,PH,8.5,
urb28,27,cultivar,2018-08-07,PH,10,
urb28,295,cultivar,2018-08-07,PH,8,
urb28,318,cultivar,2018-08-07,PH,11,Leaf Decay at the top of plant
urb28,342,cultivar,2018-08-07,PH,9.5,PD
urb28,369,cultivar,2018-08-07,PH,9,
urb28,387,cultivar,2018-08-07,PH,6.5,Leaf Decay at the top of plant
urb28,39,cultivar,2018-08-07,PH,6.7,
urb28,474,cultivar,2018-08-07,PH,8,
urb28,49,cultivar,2018-08-07,PH,10,
urb28,50,cultivar,2018-08-07,PH,10.5,
urb28,506,cultivar,2018-08-07,PH,7,
urb28,512,cultivar,2018-08-07,PH,8,
urb28,541,cultivar,2018-08-07,PH,7,
urb28,62,cultivar,2018-08-07,PH,9.5,spider web in pot
urb28,660,cultivar,2018-08-07,PH,7,
urb28,75,cultivar,2018-08-07,PH,9,
urb28,77,cultivar,2018-08-07,PH,6.7,Herbivory (Herb)
urb29,113,cultivar,2018-08-07,PH,6.5,
urb29,124,cultivar,2018-08-07,PH,8.5,
urb29,158,cultivar,2018-08-07,PH,4,barely any leaves
urb29,165,cultivar,2018-08-07,PH,9.5,
urb29,170,cultivar,2018-08-07,PH,8.5,
urb29,363,cultivar,2018-08-07,PH,8.2,
urb29,394,cultivar,2018-08-07,PH,10,
urb29,400,cultivar,2018-08-07,PH,7.5,Fungi mushroom in pot
urb29,504,cultivar,2018-08-07,PH,8,
urb29,552,cultivar,2018-08-07,PH,6,leaf decay at top
urb31,108,cultivar,2018-08-07,PH,8.5,
urb31,220,cultivar,2018-08-07,PH,7,
urb31,231,cultivar,2018-08-07,PH,8,
urb31,233,cultivar,2018-08-07,PH,7,
urb31,247,cultivar,2018-08-07,PH,7.5,
urb31,308,cultivar,2018-08-07,PH,8,
urb31,346,cultivar,2018-08-07,PH,9.5,
urb31,372,cultivar,2018-08-07,PH,11.2,
urb31,434,cultivar,2018-08-07,PH,9,
urb31,460,cultivar,2018-08-07,PH,7,
urb31,48,cultivar,2018-08-07,PH,8,
urb31,481,cultivar,2018-08-07,PH,10,
urb31,495,cultivar,2018-08-07,PH,8,yellowing
urb31,514,cultivar,2018-08-07,PH,8,
urb31,539,cultivar,2018-08-07,PH,9,
urb31,55,cultivar,2018-08-07,PH,6.5,
urb31,576,cultivar,2018-08-07,PH,8.5,
urb31,588,cultivar,2018-08-07,PH,10,
urb31,59,cultivar,2018-08-07,PH,8.7,
urb31,612,cultivar,2018-08-07,PH,10,
urb31,63,cultivar,2018-08-07,PH,12.5,
urb31,644,cultivar,2018-08-07,PH,7.5,
urb31,91,cultivar,2018-08-07,PH,7.5,water in pot (soggy soil)
urb32,208,cultivar,2018-08-07,PH,7.5,
urb32,264,cultivar,2018-08-07,PH,7,
urb32,336,cultivar,2018-08-07,PH,3,PD
urb32,350,cultivar,2018-08-07,PH,10.5,Roots exposed
urb32,366,cultivar,2018-08-07,PH,10,
urb32,378,cultivar,2018-08-07,PH,6.5,
urb32,379,cultivar,2018-08-07,PH,7,
urb32,382,cultivar,2018-08-07,PH,8.2,
urb32,390,cultivar,2018-08-07,PH,7.5,
urb32,42,cultivar,2018-08-07,PH,8.5,
urb32,420,cultivar,2018-08-07,PH,8,
urb32,45,cultivar,2018-08-07,PH,9,
urb32,53,cultivar,2018-08-07,PH,9.7,
urb32,550,cultivar,2018-08-07,PH,11,Whitening near apical meristem
urb32,618,cultivar,2018-08-07,PH,8,
urb32,635,cultivar,2018-08-07,PH,8,Leaf decay at top
urb32,64,cultivar,2018-08-07,PH,8,PD
urb32,658,cultivar,2018-08-07,PH,7,
urb32,72,cultivar,2018-08-07,PH,9,
nat18,326,native,2018-08-31,PH,5.5,
nat18,480,native,2018-08-31,PH,4.5,
nat18,632,native,2018-08-31,PH,6.5,
nat19,100,native,2018-08-31,PH,8,
nat19,183,native,2018-08-31,PH,7.5,
nat19,185,native,2018-08-31,PH,5.5,
nat19,190,native,2018-08-31,PH,7,
nat19,202,native,2018-08-31,PH,9,
nat19,22,native,2018-08-31,PH,6,
nat19,223,native,2018-08-31,PH,7.5,
nat19,224,native,2018-08-31,PH,7,
nat19,270,native,2018-08-31,PH,9.2,
nat19,275,native,2018-08-31,PH,8,
nat19,33,native,2018-08-31,PH,5,
nat19,355,native,2018-08-31,PH,7.2,
nat19,364,native,2018-08-31,PH,7,
nat19,375,native,2018-08-31,PH,6,
nat19,397,native,2018-08-31,PH,6.5,
nat19,398,native,2018-08-31,PH,8,
nat19,430,native,2018-08-31,PH,6.5,
nat19,46,native,2018-08-31,PH,6,
nat19,468,native,2018-08-31,PH,5.7,
nat19,482,native,2018-08-31,PH,9.5,
nat19,513,native,2018-08-31,PH,5.5,
nat19,538,native,2018-08-31,PH,4.5,
nat19,557,native,2018-08-31,PH,5,
nat19,571,native,2018-08-31,PH,7.2,
nat19,596,native,2018-08-31,PH,8.5,
nat19,606,native,2018-08-31,PH,6,
nat19,611,native,2018-08-31,PH,5,
nat19,616,native,2018-08-31,PH,7.2,
nat19,627,native,2018-08-31,PH,6,
nat19,631,native,2018-08-31,PH,7,
nat19,642,native,2018-08-31,PH,2.2,
nat19,65,native,2018-08-31,PH,9,
nat19,657,native,2018-08-31,PH,6.5,
nat19,659,native,2018-08-31,PH,7.5,
nat19,74,native,2018-08-31,PH,6,
nat19,76,native,2018-08-31,PH,7,
nat20,301,native,2018-08-31,PH,7.5,
nat20,440,native,2018-08-31,PH,8.2,
nat20,446,native,2018-08-31,PH,7,
nat20,473,native,2018-08-31,PH,7.5,
nat20,519,native,2018-08-31,PH,7.5,
nat20,605,native,2018-08-31,PH,6.5,
nat20,615,native,2018-08-31,PH,5.2,
nat21,332,native,2018-08-31,PH,9,
nat21,333,native,2018-08-31,PH,9.5,
nat21,358,native,2018-08-31,PH,8,
nat21,422,native,2018-08-31,PH,6,
nat21,500,native,2018-08-31,PH,7.2,
nat21,527,native,2018-08-31,PH,7,
nat21,568,native,2018-08-31,PH,9,
nat21,573,native,2018-08-31,PH,7,
nat21,68,native,2018-08-31,PH,8,
nat22,101,native,2018-08-31,PH,6,
nat22,119,native,2018-08-31,PH,10,
nat22,142,native,2018-08-31,PH,7,
nat22,176,native,2018-08-31,PH,8,
nat22,191,native,2018-08-31,PH,5,
nat22,199,native,2018-08-31,PH,7,
nat22,25,native,2018-08-31,PH,8,
nat22,254,native,2018-08-31,PH,6.5,
nat22,353,native,2018-08-31,PH,10.5,
nat22,505,native,2018-08-31,PH,6.2,
nat22,535,native,2018-08-31,PH,9,
nat22,6,native,2018-08-31,PH,9.5,
nat22,609,native,2018-08-31,PH,9.5,
nat22,638,native,2018-08-31,PH,8,
nat23,2,native,2018-08-31,PH,9,
nat23,216,native,2018-08-31,PH,7,
nat23,244,native,2018-08-31,PH,5,
nat23,259,native,2018-08-31,PH,9,
nat23,309,native,2018-08-31,PH,3.2,
nat23,334,native,2018-08-31,PH,8.5,
nat23,380,native,2018-08-31,PH,5,
nat23,501,native,2018-08-31,PH,5,
nat23,575,native,2018-08-31,PH,6.2,
nat24,147,native,2018-08-31,PH,6.5,
nat24,485,native,2018-08-31,PH,7,
nat24,489,native,2018-08-31,PH,7.5,
nat24,8,native,2018-08-31,PH,4,
nat24,90,native,2018-08-31,PH,8,
nat25,187,native,2018-08-31,PH,6,
nat25,299,native,2018-08-31,PH,10,
nat25,433,native,2018-08-31,PH,5,
nat25,520,native,2018-08-31,PH,8,
nat25,537,native,2018-08-31,PH,7.5,
nat25,582,native,2018-08-31,PH,6,
nat25,613,native,2018-08-31,PH,8,
nat26,151,native,2018-08-31,PH,9,
nat26,16,native,2018-08-31,PH,5.5,
nat26,182,native,2018-08-31,PH,7,
nat26,269,native,2018-08-31,PH,7.5,
nat26,310,native,2018-08-31,PH,7,
nat26,338,native,2018-08-31,PH,6.5,
nat26,345,native,2018-08-31,PH,5.2,
nat26,373,native,2018-08-31,PH,7,
nat26,402,native,2018-08-31,PH,6.5,
nat26,414,native,2018-08-31,PH,7.5,
nat26,424,native,2018-08-31,PH,6,
nat26,47,native,2018-08-31,PH,8,
nat26,471,native,2018-08-31,PH,8.5,
nat26,524,native,2018-08-31,PH,7,
nat26,561,native,2018-08-31,PH,7,
nat26,625,native,2018-08-31,PH,7,
nat27,141,native,2018-08-31,PH,9,
nat27,152,native,2018-08-31,PH,5.5,
nat27,181,native,2018-08-31,PH,7,
nat27,206,native,2018-08-31,PH,8.5,
nat27,23,native,2018-08-31,PH,7,
nat27,260,native,2018-08-31,PH,6.2,
nat27,263,native,2018-08-31,PH,8.5,
nat27,341,native,2018-08-31,PH,7,
nat27,347,native,2018-08-31,PH,6,
nat27,4,native,2018-08-31,PH,5.5,
nat27,406,native,2018-08-31,PH,7,
nat27,455,native,2018-08-31,PH,6,
nat27,517,native,2018-08-31,PH,7,
nat27,57,native,2018-08-31,PH,5.5,
nat27,655,native,2018-08-31,PH,5.5,
nat28,219,native,2018-08-31,PH,5,
nat28,304,native,2018-08-31,PH,5,
nat28,351,native,2018-08-31,PH,8,
nat28,448,native,2018-08-31,PH,5.5,
nat28,543,native,2018-08-31,PH,9,
nat28,598,native,2018-08-31,PH,4.5,
nat29,122,native,2018-08-31,PH,9,
nat29,137,native,2018-08-31,PH,8,
nat29,139,native,2018-08-31,PH,7.5,
nat29,153,native,2018-08-31,PH,6,
nat29,188,native,2018-08-31,PH,5.2,
nat29,194,native,2018-08-31,PH,7,
nat29,401,native,2018-08-31,PH,7.5,
nat29,423,native,2018-08-31,PH,6,
nat29,479,native,2018-08-31,PH,7,
nat29,5,native,2018-08-31,PH,8,
nat29,544,native,2018-08-31,PH,6,
nat29,565,native,2018-08-31,PH,6,
nat29,620,native,2018-08-31,PH,6,
nat29,99,native,2018-08-31,PH,6,
nat30,14,native,2018-08-31,PH,6,
nat30,429,native,2018-08-31,PH,5.5,
nat30,451,native,2018-08-31,PH,7,
nat30,592,native,2018-08-31,PH,7,
nat30,594,native,2018-08-31,PH,2,
nat30,650,native,2018-08-31,PH,4.5,
nat30,653,native,2018-08-31,PH,6.2,
nat31,225,native,2018-08-31,PH,5.5,
nat31,279,native,2018-08-31,PH,7,
nat31,646,native,2018-08-31,PH,4.5,
nat32,138,native,2018-08-31,PH,7,
nat32,172,native,2018-08-31,PH,10,
nat32,197,native,2018-08-31,PH,7,
nat32,214,native,2018-08-31,PH,6,
nat32,303,native,2018-08-31,PH,6,
nat32,360,native,2018-08-31,PH,9,
nat32,385,native,2018-08-31,PH,6.5,
nat32,463,native,2018-08-31,PH,9,
nat33,297,native,2018-08-31,PH,8,
nat33,352,native,2018-08-31,PH,8.2,
nat33,365,native,2018-08-31,PH,9,
urb01,10,cultivar,2018-08-31,PH,5.5,
urb01,184,cultivar,2018-08-31,PH,8,
urb01,200,cultivar,2018-08-31,PH,7.5,
urb01,203,cultivar,2018-08-31,PH,8.5,
urb01,242,cultivar,2018-08-31,PH,7.5,
urb01,253,cultivar,2018-08-31,PH,8,
urb01,314,cultivar,2018-08-31,PH,9.5,
urb01,339,cultivar,2018-08-31,PH,8,
urb01,450,cultivar,2018-08-31,PH,13,
urb01,476,cultivar,2018-08-31,PH,6.5,
urb01,599,cultivar,2018-08-31,PH,8,
urb01,619,cultivar,2018-08-31,PH,7.5,
urb01,634,cultivar,2018-08-31,PH,8,
urb01,85,cultivar,2018-08-31,PH,8,
urb03,129,cultivar,2018-08-31,PH,14.5,
urb03,238,cultivar,2018-08-31,PH,8,
urb03,239,cultivar,2018-08-31,PH,9.5,
urb03,26,cultivar,2018-08-31,PH,9,
urb03,287,cultivar,2018-08-31,PH,10.2,
urb03,357,cultivar,2018-08-31,PH,13.5,
urb03,421,cultivar,2018-08-31,PH,9,
urb03,425,cultivar,2018-08-31,PH,6.2,
urb03,426,cultivar,2018-08-31,PH,10,
urb03,435,cultivar,2018-08-31,PH,9.7,
urb03,438,cultivar,2018-08-31,PH,9.5,
urb03,439,cultivar,2018-08-31,PH,7.2,
urb03,443,cultivar,2018-08-31,PH,8.5,
urb03,454,cultivar,2018-08-31,PH,8,
urb03,457,cultivar,2018-08-31,PH,8.5,
urb03,461,cultivar,2018-08-31,PH,7.5,
urb03,467,cultivar,2018-08-31,PH,6,
urb03,494,cultivar,2018-08-31,PH,8,
urb03,51,cultivar,2018-08-31,PH,10,
urb03,522,cultivar,2018-08-31,PH,10.5,
urb03,536,cultivar,2018-08-31,PH,9,
urb03,549,cultivar,2018-08-31,PH,8,
urb03,563,cultivar,2018-08-31,PH,10,
urb03,595,cultivar,2018-08-31,PH,11,
urb03,641,cultivar,2018-08-31,PH,9,
urb03,69,cultivar,2018-08-31,PH,7,
urb03,78,cultivar,2018-08-31,PH,7,
urb03,89,cultivar,2018-08-31,PH,8,
urb04,111,cultivar,2018-08-31,PH,9,
urb04,19,cultivar,2018-08-31,PH,8,
urb04,196,cultivar,2018-08-31,PH,9,
urb04,237,cultivar,2018-08-31,PH,9.5,
urb04,278,cultivar,2018-08-31,PH,7,
urb04,289,cultivar,2018-08-31,PH,7.7,
urb04,31,cultivar,2018-08-31,PH,8,
urb04,329,cultivar,2018-08-31,PH,10,
urb04,354,cultivar,2018-08-31,PH,14,
urb04,361,cultivar,2018-08-31,PH,9,
urb04,404,cultivar,2018-08-31,PH,9.5,
urb04,408,cultivar,2018-08-31,PH,10,
urb04,43,cultivar,2018-08-31,PH,8,
urb04,44,cultivar,2018-08-31,PH,9,
urb04,472,cultivar,2018-08-31,PH,7.5,
urb04,491,cultivar,2018-08-31,PH,8,
urb04,511,cultivar,2018-08-31,PH,7.5,
urb04,526,cultivar,2018-08-31,PH,7,
urb04,556,cultivar,2018-08-31,PH,8.5,
urb04,597,cultivar,2018-08-31,PH,7,
urb04,622,cultivar,2018-08-31,PH,7,
urb04,636,cultivar,2018-08-31,PH,9.5,
urb04,649,cultivar,2018-08-31,PH,11,
urb04,95,cultivar,2018-08-31,PH,10,
urb07,106,cultivar,2018-08-31,PH,9,
urb07,125,cultivar,2018-08-31,PH,10,
urb07,167,cultivar,2018-08-31,PH,8.5,
urb07,286,cultivar,2018-08-31,PH,8.5,
urb07,290,cultivar,2018-08-31,PH,8,
urb07,3,cultivar,2018-08-31,PH,9,
urb07,302,cultivar,2018-08-31,PH,7.5,
urb07,337,cultivar,2018-08-31,PH,8,
urb07,367,cultivar,2018-08-31,PH,12,
urb07,370,cultivar,2018-08-31,PH,8,
urb07,38,cultivar,2018-08-31,PH,5,
urb07,413,cultivar,2018-08-31,PH,8,
urb07,417,cultivar,2018-08-31,PH,7.7,
urb07,444,cultivar,2018-08-31,PH,7,
urb07,456,cultivar,2018-08-31,PH,6.5,
urb07,54,cultivar,2018-08-31,PH,8.5,
urb07,555,cultivar,2018-08-31,PH,7.5,
urb07,567,cultivar,2018-08-31,PH,10,
urb07,574,cultivar,2018-08-31,PH,8,
urb07,581,cultivar,2018-08-31,PH,5.7,
urb07,586,cultivar,2018-08-31,PH,9.5,
urb07,92,cultivar,2018-08-31,PH,7.5,
urb09,1,cultivar,2018-08-31,PH,12.5,
urb09,107,cultivar,2018-08-31,PH,10,
urb09,11,cultivar,2018-08-31,PH,10,
urb09,112,cultivar,2018-08-31,PH,13,
urb09,123,cultivar,2018-08-31,PH,12.5,
urb09,13,cultivar,2018-08-31,PH,10,
urb09,130,cultivar,2018-08-31,PH,15,
urb09,136,cultivar,2018-08-31,PH,13,
urb09,161,cultivar,2018-08-31,PH,8,
urb09,166,cultivar,2018-08-31,PH,13,
urb09,168,cultivar,2018-08-31,PH,9,
urb09,21,cultivar,2018-08-31,PH,12,
urb09,235,cultivar,2018-08-31,PH,11,
urb09,281,cultivar,2018-08-31,PH,13,
urb09,306,cultivar,2018-08-31,PH,11,
urb09,323,cultivar,2018-08-31,PH,8,
urb09,368,cultivar,2018-08-31,PH,17.5,
urb09,381,cultivar,2018-08-31,PH,8.5,
urb09,384,cultivar,2018-08-31,PH,4.5,
urb09,407,cultivar,2018-08-31,PH,12,
urb09,493,cultivar,2018-08-31,PH,11,
urb09,508,cultivar,2018-08-31,PH,11.5,
urb09,540,cultivar,2018-08-31,PH,12.5,
urb09,554,cultivar,2018-08-31,PH,13.5,
urb09,579,cultivar,2018-08-31,PH,12,
urb09,623,cultivar,2018-08-31,PH,10.5,
urb10,201,cultivar,2018-08-31,PH,8,
urb10,475,cultivar,2018-08-31,PH,5.5,
urb10,507,cultivar,2018-08-31,PH,6,
urb10,523,cultivar,2018-08-31,PH,8.5,
urb10,530,cultivar,2018-08-31,PH,7,
urb10,547,cultivar,2018-08-31,PH,7,
urb10,562,cultivar,2018-08-31,PH,9,
urb10,572,cultivar,2018-08-31,PH,7,
urb10,602,cultivar,2018-08-31,PH,6,
urb10,83,cultivar,2018-08-31,PH,7.5,
urb10,97,cultivar,2018-08-31,PH,8.5,
urb10,98,cultivar,2018-08-31,PH,7,
urb11,110,cultivar,2018-08-31,PH,10,
urb11,134,cultivar,2018-08-31,PH,9.5,
urb11,145,cultivar,2018-08-31,PH,8.5,
urb11,149,cultivar,2018-08-31,PH,8,
urb11,20,cultivar,2018-08-31,PH,5.5,
urb11,229,cultivar,2018-08-31,PH,8,
urb11,261,cultivar,2018-08-31,PH,11,
urb11,325,cultivar,2018-08-31,PH,8.5,
urb11,327,cultivar,2018-08-31,PH,10.5,
urb11,343,cultivar,2018-08-31,PH,8,
urb11,391,cultivar,2018-08-31,PH,8,
urb11,498,cultivar,2018-08-31,PH,9,
urb11,510,cultivar,2018-08-31,PH,10.2,
urb11,553,cultivar,2018-08-31,PH,9,
urb11,583,cultivar,2018-08-31,PH,8,
urb11,591,cultivar,2018-08-31,PH,9.5,
urb11,610,cultivar,2018-08-31,PH,4.5,
urb12,148,cultivar,2018-08-31,PH,11,
urb12,164,cultivar,2018-08-31,PH,6.5,
urb12,193,cultivar,2018-08-31,PH,7.5,
urb12,210,cultivar,2018-08-31,PH,9.5,
urb12,227,cultivar,2018-08-31,PH,6,
urb12,246,cultivar,2018-08-31,PH,6.5,
urb12,256,cultivar,2018-08-31,PH,10,
urb12,262,cultivar,2018-08-31,PH,7,
urb12,266,cultivar,2018-08-31,PH,12,
urb12,294,cultivar,2018-08-31,PH,9,
urb12,319,cultivar,2018-08-31,PH,11,
urb12,32,cultivar,2018-08-31,PH,9,
urb12,324,cultivar,2018-08-31,PH,10.2,
urb12,36,cultivar,2018-08-31,PH,8,
urb12,437,cultivar,2018-08-31,PH,9.5,
urb12,462,cultivar,2018-08-31,PH,9.5,
urb12,465,cultivar,2018-08-31,PH,9.5,
urb12,593,cultivar,2018-08-31,PH,10,
urb12,639,cultivar,2018-08-31,PH,8.7,
urb12,640,cultivar,2018-08-31,PH,8,
urb12,66,cultivar,2018-08-31,PH,5.5,
urb13,12,cultivar,2018-08-31,PH,7.5,
urb13,120,cultivar,2018-08-31,PH,12,
urb13,156,cultivar,2018-08-31,PH,16,
urb13,245,cultivar,2018-08-31,PH,8.5,
urb13,258,cultivar,2018-08-31,PH,8.5,
urb13,277,cultivar,2018-08-31,PH,10,
urb13,292,cultivar,2018-08-31,PH,10,
urb13,315,cultivar,2018-08-31,PH,9,
urb13,411,cultivar,2018-08-31,PH,9.5,
urb13,531,cultivar,2018-08-31,PH,4,
urb13,637,cultivar,2018-08-31,PH,9,
urb13,654,cultivar,2018-08-31,PH,11,
urb13,82,cultivar,2018-08-31,PH,11,
urb14,117,cultivar,2018-08-31,PH,9,
urb14,126,cultivar,2018-08-31,PH,8.5,
urb14,157,cultivar,2018-08-31,PH,8,
urb14,162,cultivar,2018-08-31,PH,9,
urb14,163,cultivar,2018-08-31,PH,9.5,
urb14,18,cultivar,2018-08-31,PH,9.5,
urb14,217,cultivar,2018-08-31,PH,8.5,
urb14,265,cultivar,2018-08-31,PH,8.5,
urb14,293,cultivar,2018-08-31,PH,8,
urb14,35,cultivar,2018-08-31,PH,9,
urb14,395,cultivar,2018-08-31,PH,8,
urb14,428,cultivar,2018-08-31,PH,9,
urb14,441,cultivar,2018-08-31,PH,7.5,
urb14,453,cultivar,2018-08-31,PH,9,
urb14,488,cultivar,2018-08-31,PH,7.7,
urb14,497,cultivar,2018-08-31,PH,7,
urb14,499,cultivar,2018-08-31,PH,7,
urb14,529,cultivar,2018-08-31,PH,7,
urb14,587,cultivar,2018-08-31,PH,8.5,
urb14,600,cultivar,2018-08-31,PH,10,
urb14,603,cultivar,2018-08-31,PH,10,
urb14,652,cultivar,2018-08-31,PH,8.5,
urb14,9,cultivar,2018-08-31,PH,9,
urb17,207,cultivar,2018-08-31,PH,8.5,
urb17,213,cultivar,2018-08-31,PH,8,
urb17,250,cultivar,2018-08-31,PH,8.5,
urb17,276,cultivar,2018-08-31,PH,12,
urb17,280,cultivar,2018-08-31,PH,9,
urb17,300,cultivar,2018-08-31,PH,10,
urb17,311,cultivar,2018-08-31,PH,9,
urb17,410,cultivar,2018-08-31,PH,11.2,
urb17,546,cultivar,2018-08-31,PH,8,
urb17,570,cultivar,2018-08-31,PH,7,
urb17,617,cultivar,2018-08-31,PH,13,
urb17,621,cultivar,2018-08-31,PH,8,
urb17,643,cultivar,2018-08-31,PH,9.5,
urb17,70,cultivar,2018-08-31,PH,10,
urb17,80,cultivar,2018-08-31,PH,6.5,
urb17,87,cultivar,2018-08-31,PH,8.5,
urb18,155,cultivar,2018-08-31,PH,7,
urb18,221,cultivar,2018-08-31,PH,3,
urb18,252,cultivar,2018-08-31,PH,5,
urb18,330,cultivar,2018-08-31,PH,9,
urb18,416,cultivar,2018-08-31,PH,6,
urb18,470,cultivar,2018-08-31,PH,6.5,
urb18,483,cultivar,2018-08-31,PH,10.5,
urb18,509,cultivar,2018-08-31,PH,7,
urb18,52,cultivar,2018-08-31,PH,7,
urb18,651,cultivar,2018-08-31,PH,6,
urb23,132,cultivar,2018-08-31,PH,6.5,
urb23,143,cultivar,2018-08-31,PH,11.5,
urb23,178,cultivar,2018-08-31,PH,9,
urb23,228,cultivar,2018-08-31,PH,7.5,
urb23,24,cultivar,2018-08-31,PH,9,
urb23,29,cultivar,2018-08-31,PH,6.5,
urb23,313,cultivar,2018-08-31,PH,7.5,
urb23,316,cultivar,2018-08-31,PH,9.5,
urb23,418,cultivar,2018-08-31,PH,9,
urb23,528,cultivar,2018-08-31,PH,8,
urb23,542,cultivar,2018-08-31,PH,11,
urb23,58,cultivar,2018-08-31,PH,9.5,
urb23,601,cultivar,2018-08-31,PH,10.5,
urb23,604,cultivar,2018-08-31,PH,8.5,
urb23,645,cultivar,2018-08-31,PH,8.2,ws + bs
urb23,81,cultivar,2018-08-31,PH,12,
urb24,133,cultivar,2018-08-31,PH,8,
urb24,160,cultivar,2018-08-31,PH,10,
urb24,169,cultivar,2018-08-31,PH,7.5,
urb24,209,cultivar,2018-08-31,PH,9.7,
urb24,234,cultivar,2018-08-31,PH,9,
urb24,248,cultivar,2018-08-31,PH,7,
urb24,284,cultivar,2018-08-31,PH,6,
urb24,377,cultivar,2018-08-31,PH,8,
urb24,431,cultivar,2018-08-31,PH,8.5,
urb24,449,cultivar,2018-08-31,PH,9,
urb24,490,cultivar,2018-08-31,PH,7,
urb24,516,cultivar,2018-08-31,PH,9,
urb24,585,cultivar,2018-08-31,PH,10,
urb24,60,cultivar,2018-08-31,PH,6,
urb24,628,cultivar,2018-08-31,PH,10,
urb24,96,cultivar,2018-08-31,PH,8.5,
urb25,173,cultivar,2018-08-31,PH,7,
urb25,192,cultivar,2018-08-31,PH,9,
urb25,198,cultivar,2018-08-31,PH,8.5,
urb25,204,cultivar,2018-08-31,PH,8.5,
urb25,257,cultivar,2018-08-31,PH,7,
urb25,274,cultivar,2018-08-31,PH,5.5,
urb25,335,cultivar,2018-08-31,PH,9.5,
urb25,344,cultivar,2018-08-31,PH,8,
urb25,348,cultivar,2018-08-31,PH,7.5,
urb25,371,cultivar,2018-08-31,PH,11.5,
urb25,374,cultivar,2018-08-31,PH,11,
urb25,403,cultivar,2018-08-31,PH,10,
urb25,412,cultivar,2018-08-31,PH,9,
urb25,415,cultivar,2018-08-31,PH,10,
urb25,442,cultivar,2018-08-31,PH,7,
urb25,452,cultivar,2018-08-31,PH,11.5,
urb25,458,cultivar,2018-08-31,PH,7,
urb25,478,cultivar,2018-08-31,PH,7.5,
urb25,486,cultivar,2018-08-31,PH,9,
urb25,518,cultivar,2018-08-31,PH,8.5,
urb25,590,cultivar,2018-08-31,PH,14,
urb25,88,cultivar,2018-08-31,PH,8.5,
urb26,104,cultivar,2018-08-31,PH,7.5,
urb26,109,cultivar,2018-08-31,PH,6,
urb26,180,cultivar,2018-08-31,PH,8,
urb26,268,cultivar,2018-08-31,PH,10,
urb26,273,cultivar,2018-08-31,PH,7.2,
urb26,320,cultivar,2018-08-31,PH,8,
urb26,356,cultivar,2018-08-31,PH,7,
urb26,386,cultivar,2018-08-31,PH,8,
urb26,392,cultivar,2018-08-31,PH,8,
urb26,427,cultivar,2018-08-31,PH,7,
urb26,502,cultivar,2018-08-31,PH,9,
urb26,525,cultivar,2018-08-31,PH,7.5,
urb26,551,cultivar,2018-08-31,PH,7,
urb26,578,cultivar,2018-08-31,PH,9,
urb26,624,cultivar,2018-08-31,PH,9.2,
urb26,633,cultivar,2018-08-31,PH,9.2,
urb26,661,cultivar,2018-08-31,PH,8.5,
urb28,103,cultivar,2018-08-31,PH,10.5,
urb28,118,cultivar,2018-08-31,PH,10,
urb28,171,cultivar,2018-08-31,PH,10,
urb28,205,cultivar,2018-08-31,PH,10,
urb28,240,cultivar,2018-08-31,PH,8,
urb28,27,cultivar,2018-08-31,PH,10,
urb28,295,cultivar,2018-08-31,PH,8,
urb28,318,cultivar,2018-08-31,PH,10,
urb28,342,cultivar,2018-08-31,PH,9.5,
urb28,369,cultivar,2018-08-31,PH,10,
urb28,387,cultivar,2018-08-31,PH,7.5,
urb28,39,cultivar,2018-08-31,PH,6.5,
urb28,474,cultivar,2018-08-31,PH,7.5,
urb28,49,cultivar,2018-08-31,PH,9.5,
urb28,50,cultivar,2018-08-31,PH,10.5,
urb28,506,cultivar,2018-08-31,PH,8,
urb28,512,cultivar,2018-08-31,PH,9,
urb28,541,cultivar,2018-08-31,PH,8.5,
urb28,62,cultivar,2018-08-31,PH,9.5,
urb28,660,cultivar,2018-08-31,PH,7.5,
urb28,75,cultivar,2018-08-31,PH,9,
urb28,77,cultivar,2018-08-31,PH,8,
urb29,113,cultivar,2018-08-31,PH,7,
urb29,124,cultivar,2018-08-31,PH,9,
urb29,158,cultivar,2018-08-31,PH,6,
urb29,165,cultivar,2018-08-31,PH,10,
urb29,363,cultivar,2018-08-31,PH,8,
urb29,394,cultivar,2018-08-31,PH,10,
urb29,400,cultivar,2018-08-31,PH,8,
urb29,504,cultivar,2018-08-31,PH,6.5,
urb29,552,cultivar,2018-08-31,PH,7,
urb31,108,cultivar,2018-08-31,PH,9,
urb31,220,cultivar,2018-08-31,PH,7.5,
urb31,231,cultivar,2018-08-31,PH,9,
urb31,233,cultivar,2018-08-31,PH,7,
urb31,247,cultivar,2018-08-31,PH,7,
urb31,308,cultivar,2018-08-31,PH,8,
urb31,346,cultivar,2018-08-31,PH,9.5,
urb31,372,cultivar,2018-08-31,PH,11,
urb31,434,cultivar,2018-08-31,PH,11,
urb31,460,cultivar,2018-08-31,PH,6.7,
urb31,48,cultivar,2018-08-31,PH,9,
urb31,481,cultivar,2018-08-31,PH,10,
urb31,495,cultivar,2018-08-31,PH,10.5,
urb31,514,cultivar,2018-08-31,PH,6.5,
urb31,539,cultivar,2018-08-31,PH,8.5,
urb31,55,cultivar,2018-08-31,PH,6,
urb31,576,cultivar,2018-08-31,PH,9.5,
urb31,588,cultivar,2018-08-31,PH,11,
urb31,59,cultivar,2018-08-31,PH,8,
urb31,612,cultivar,2018-08-31,PH,12,
urb31,63,cultivar,2018-08-31,PH,12.5,
urb31,644,cultivar,2018-08-31,PH,7.7,
urb31,91,cultivar,2018-08-31,PH,11,
urb32,189,cultivar,2018-08-31,PH,8,
urb32,208,cultivar,2018-08-31,PH,7.7,
urb32,264,cultivar,2018-08-31,PH,7.7,
urb32,350,cultivar,2018-08-31,PH,1.5,
urb32,366,cultivar,2018-08-31,PH,12,
urb32,378,cultivar,2018-08-31,PH,8,
urb32,379,cultivar,2018-08-31,PH,7,
urb32,382,cultivar,2018-08-31,PH,8,
urb32,390,cultivar,2018-08-31,PH,8,
urb32,42,cultivar,2018-08-31,PH,8,
urb32,420,cultivar,2018-08-31,PH,9,
urb32,45,cultivar,2018-08-31,PH,9,
urb32,53,cultivar,2018-08-31,PH,11,
urb32,550,cultivar,2018-08-31,PH,11,
urb32,618,cultivar,2018-08-31,PH,9.5,
urb32,635,cultivar,2018-08-31,PH,8,
urb32,64,cultivar,2018-08-31,PH,8,
urb32,658,cultivar,2018-08-31,PH,6.5,
urb32,72,cultivar,2018-08-31,PH,10,
nat18,326,native,2018-09-21,PH,5,
nat18,480,native,2018-09-21,PH,6,
nat18,632,native,2018-09-21,PH,6.5,
nat19,100,native,2018-09-21,PH,7,
nat19,183,native,2018-09-21,PH,6.5,
nat19,185,native,2018-09-21,PH,6.5,
nat19,190,native,2018-09-21,PH,7,
nat19,202,native,2018-09-21,PH,8,
nat19,22,native,2018-09-21,PH,6,Branch Fell
nat19,223,native,2018-09-21,PH,7.7,
nat19,224,native,2018-09-21,PH,6,
nat19,270,native,2018-09-21,PH,9.5,
nat19,275,native,2018-09-21,PH,6.5,H
nat19,33,native,2018-09-21,PH,4.5,bs+ys
nat19,355,native,2018-09-21,PH,7.5,
nat19,364,native,2018-09-21,PH,7,Bs
nat19,375,native,2018-09-21,PH,7,H
nat19,397,native,2018-09-21,PH,5.5,
nat19,398,native,2018-09-21,PH,5.7,
nat19,430,native,2018-09-21,PH,6.5,
nat19,46,native,2018-09-21,PH,5.5,
nat19,468,native,2018-09-21,PH,5.5,bt
nat19,482,native,2018-09-21,PH,7.5,
nat19,513,native,2018-09-21,PH,5,
nat19,538,native,2018-09-21,PH,4,
nat19,557,native,2018-09-21,PH,6,
nat19,571,native,2018-09-21,PH,7.7,
nat19,596,native,2018-09-21,PH,9,
nat19,606,native,2018-09-21,PH,6.5,
nat19,611,native,2018-09-21,PH,5,
nat19,616,native,2018-09-21,PH,8,
nat19,627,native,2018-09-21,PH,5.5,
nat19,631,native,2018-09-21,PH,7.5,
nat19,642,native,2018-09-21,PH,2.2,
nat19,65,native,2018-09-21,PH,5.5,PD (plant at dirt level)
nat19,657,native,2018-09-21,PH,7.5,
nat19,659,native,2018-09-21,PH,7.5,
nat19,74,native,2018-09-21,PH,6,
nat19,76,native,2018-09-21,PH,6.7,
nat20,301,native,2018-09-21,PH,7.2,
nat20,440,native,2018-09-21,PH,8,
nat20,446,native,2018-09-21,PH,6.5,
nat20,473,native,2018-09-21,PH,7.5,
nat20,519,native,2018-09-21,PH,7,
nat20,605,native,2018-09-21,PH,8,
nat20,615,native,2018-09-21,PH,6.5,
nat21,332,native,2018-09-21,PH,8.5,Rexp
nat21,333,native,2018-09-21,PH,9,H +Sweb
nat21,358,native,2018-09-21,PH,7.5,Herbivory nearby
nat21,422,native,2018-09-21,PH,6.5,
nat21,500,native,2018-09-21,PH,6.5,
nat21,527,native,2018-09-21,PH,5.5,
nat21,568,native,2018-09-21,PH,8.2,
nat21,573,native,2018-09-21,PH,8,
nat21,68,native,2018-09-21,PH,8.2,
nat22,101,native,2018-09-21,PH,6.2,
nat22,119,native,2018-09-21,PH,9,Y+ LDecay
nat22,142,native,2018-09-21,PH,7.7,
nat22,176,native,2018-09-21,PH,8.4,Lots of pine needles
nat22,191,native,2018-09-21,PH,5,
nat22,199,native,2018-09-21,PH,6.2,
nat22,25,native,2018-09-21,PH,7.5,H
nat22,254,native,2018-09-21,PH,6.7,
nat22,353,native,2018-09-21,PH,10,
nat22,505,native,2018-09-21,PH,6.7,
nat22,535,native,2018-09-21,PH,8.5,
nat22,609,native,2018-09-21,PH,9.5,
nat22,638,native,2018-09-21,PH,7,
nat23,2,native,2018-09-21,PH,9,LS +BS (brown spots)
nat23,216,native,2018-09-21,PH,5.5,
nat23,244,native,2018-09-21,PH,5,
nat23,259,native,2018-09-21,PH,8,
nat23,309,native,2018-09-21,PH,4,
nat23,334,native,2018-09-21,PH,8,
nat23,380,native,2018-09-21,PH,4.5,
nat23,501,native,2018-09-21,PH,5,
nat23,575,native,2018-09-21,PH,9,
nat24,147,native,2018-09-21,PH,8.2,Fungi nearby
nat24,485,native,2018-09-21,PH,7.2,
nat24,489,native,2018-09-21,PH,7.5,
nat24,8,native,2018-09-21,PH,4.2,LMAT (leaves missing at top)
nat24,90,native,2018-09-21,PH,8,
nat25,187,native,2018-09-21,PH,5.4,
nat25,299,native,2018-09-21,PH,9.5,
nat25,433,native,2018-09-21,PH,4.5,
nat25,520,native,2018-09-21,PH,8,
nat25,537,native,2018-09-21,PH,7.5,
nat25,582,native,2018-09-21,PH,7.7,
nat25,613,native,2018-09-21,PH,8.4,
nat26,151,native,2018-09-21,PH,9.5,
nat26,16,native,2018-09-21,PH,6,
nat26,182,native,2018-09-21,PH,7,
nat26,269,native,2018-09-21,PH,8,
nat26,310,native,2018-09-21,PH,6.7,
nat26,338,native,2018-09-21,PH,6.5,
nat26,345,native,2018-09-21,PH,5,
nat26,373,native,2018-09-21,PH,7,
nat26,402,native,2018-09-21,PH,6.5,
nat26,414,native,2018-09-21,PH,7,
nat26,424,native,2018-09-21,PH,6,
nat26,47,native,2018-09-21,PH,9,H+bs
nat26,471,native,2018-09-21,PH,8.7,Less insects
nat26,524,native,2018-09-21,PH,7,
nat26,561,native,2018-09-21,PH,6,
nat26,625,native,2018-09-21,PH,7,
nat27,141,native,2018-09-21,PH,8.2,Green Stem
nat27,152,native,2018-09-21,PH,6,
nat27,181,native,2018-09-21,PH,7,
nat27,206,native,2018-09-21,PH,7,
nat27,23,native,2018-09-21,PH,6,Branch Fell
nat27,260,native,2018-09-21,PH,6.2,
nat27,263,native,2018-09-21,PH,7,Debris nearby
nat27,341,native,2018-09-21,PH,7,
nat27,347,native,2018-09-21,PH,5,
nat27,4,native,2018-09-21,PH,5.5,LDecay
nat27,406,native,2018-09-21,PH,5.2,
nat27,455,native,2018-09-21,PH,5,
nat27,517,native,2018-09-21,PH,8.4,
nat27,57,native,2018-09-21,PH,5.5,
nat27,655,native,2018-09-21,PH,5.5,
nat28,219,native,2018-09-21,PH,5.7,
nat28,304,native,2018-09-21,PH,5.5,
nat28,351,native,2018-09-21,PH,8.5,
nat28,448,native,2018-09-21,PH,5.5,
nat28,543,native,2018-09-21,PH,9,
nat28,598,native,2018-09-21,PH,4.2,
nat29,122,native,2018-09-21,PH,8.5,
nat29,137,native,2018-09-21,PH,7.5,
nat29,139,native,2018-09-21,PH,8,
nat29,153,native,2018-09-21,PH,6.5,
nat29,188,native,2018-09-21,PH,5,
nat29,194,native,2018-09-21,PH,7,
nat29,401,native,2018-09-21,PH,4.5,
nat29,423,native,2018-09-21,PH,6,
nat29,479,native,2018-09-21,PH,7,
nat29,5,native,2018-09-21,PH,8.5,
nat29,544,native,2018-09-21,PH,6.2,
nat29,565,native,2018-09-21,PH,6.5,
nat29,620,native,2018-09-21,PH,5.5,
nat29,99,native,2018-09-21,PH,7.5,
nat30,14,native,2018-09-21,PH,7.5,
nat30,429,native,2018-09-21,PH,6.5,
nat30,451,native,2018-09-21,PH,6,
nat30,592,native,2018-09-21,PH,6.5,
nat30,594,native,2018-09-21,PH,2,
nat30,650,native,2018-09-21,PH,4.5,
nat30,653,native,2018-09-21,PH,6.5,
nat31,225,native,2018-09-21,PH,6.2,
nat31,279,native,2018-09-21,PH,7.2,
nat32,138,native,2018-09-21,PH,7.5,
nat32,172,native,2018-09-21,PH,8,
nat32,197,native,2018-09-21,PH,5.3,
nat32,214,native,2018-09-21,PH,7.5,
nat32,303,native,2018-09-21,PH,6.5,
nat32,360,native,2018-09-21,PH,9.2,Herbivory nearby
nat32,385,native,2018-09-21,PH,6,
nat32,463,native,2018-09-21,PH,8.5,
nat33,297,native,2018-09-21,PH,6.7,
nat33,352,native,2018-09-21,PH,7.7,
nat33,365,native,2018-09-21,PH,8,bt
urb01,10,cultivar,2018-09-21,PH,9.5,Y
urb01,184,cultivar,2018-09-21,PH,7.5,
urb01,200,cultivar,2018-09-21,PH,8,
urb01,203,cultivar,2018-09-21,PH,8.3,
urb01,242,cultivar,2018-09-21,PH,7,
urb01,253,cultivar,2018-09-21,PH,9.5,
urb01,314,cultivar,2018-09-21,PH,9.7,
urb01,339,cultivar,2018-09-21,PH,6,
urb01,450,cultivar,2018-09-21,PH,13,
urb01,476,cultivar,2018-09-21,PH,7,
urb01,599,cultivar,2018-09-21,PH,7.5,
urb01,619,cultivar,2018-09-21,PH,8,
urb01,634,cultivar,2018-09-21,PH,9,
urb01,85,cultivar,2018-09-21,PH,7.5,
urb03,129,cultivar,2018-09-21,PH,14.5,
urb03,238,cultivar,2018-09-21,PH,8,bs
urb03,239,cultivar,2018-09-21,PH,14.5,bs
urb03,26,cultivar,2018-09-21,PH,8.5,
urb03,287,cultivar,2018-09-21,PH,10,
urb03,357,cultivar,2018-09-21,PH,12,
urb03,421,cultivar,2018-09-21,PH,8.7,
urb03,425,cultivar,2018-09-21,PH,7,
urb03,426,cultivar,2018-09-21,PH,10,
urb03,435,cultivar,2018-09-21,PH,9.7,
urb03,438,cultivar,2018-09-21,PH,9,
urb03,439,cultivar,2018-09-21,PH,7,
urb03,443,cultivar,2018-09-21,PH,8,
urb03,454,cultivar,2018-09-21,PH,7.5,
urb03,457,cultivar,2018-09-21,PH,8,
urb03,461,cultivar,2018-09-21,PH,8,
urb03,467,cultivar,2018-09-21,PH,6,y
urb03,494,cultivar,2018-09-21,PH,8,y (heavy)
urb03,51,cultivar,2018-09-21,PH,9,
urb03,522,cultivar,2018-09-21,PH,10,
urb03,536,cultivar,2018-09-21,PH,8,
urb03,549,cultivar,2018-09-21,PH,9.5,
urb03,563,cultivar,2018-09-21,PH,11,
urb03,595,cultivar,2018-09-21,PH,11.5,
urb03,641,cultivar,2018-09-21,PH,8.5,
urb03,69,cultivar,2018-09-21,PH,7,
urb03,78,cultivar,2018-09-21,PH,8.2,
urb03,89,cultivar,2018-09-21,PH,6.5,
urb04,111,cultivar,2018-09-21,PH,9.7,
urb04,19,cultivar,2018-09-21,PH,8.7,WAT (white at top)
urb04,196,cultivar,2018-09-21,PH,9.5,
urb04,237,cultivar,2018-09-21,PH,10,H
urb04,289,cultivar,2018-09-21,PH,7,
urb04,31,cultivar,2018-09-21,PH,7.7,
urb04,329,cultivar,2018-09-21,PH,9,
urb04,354,cultivar,2018-09-21,PH,13,
urb04,361,cultivar,2018-09-21,PH,8.8,
urb04,404,cultivar,2018-09-21,PH,8.2,
urb04,408,cultivar,2018-09-21,PH,11,
urb04,43,cultivar,2018-09-21,PH,7,LMAT
urb04,44,cultivar,2018-09-21,PH,9,Bs
urb04,472,cultivar,2018-09-21,PH,7.5,
urb04,491,cultivar,2018-09-21,PH,7.5,
urb04,511,cultivar,2018-09-21,PH,7,
urb04,526,cultivar,2018-09-21,PH,6,
urb04,556,cultivar,2018-09-21,PH,8.5,
urb04,597,cultivar,2018-09-21,PH,7,
urb04,622,cultivar,2018-09-21,PH,6.5,
urb04,636,cultivar,2018-09-21,PH,9,
urb04,649,cultivar,2018-09-21,PH,10.5,
urb04,95,cultivar,2018-09-21,PH,9,LDecay
urb07,106,cultivar,2018-09-21,PH,9,
urb07,125,cultivar,2018-09-21,PH,9.5,
urb07,167,cultivar,2018-09-21,PH,8.5,
urb07,286,cultivar,2018-09-21,PH,8,
urb07,290,cultivar,2018-09-21,PH,7,H
urb07,3,cultivar,2018-09-21,PH,10,LDecay
urb07,302,cultivar,2018-09-21,PH,7,
urb07,337,cultivar,2018-09-21,PH,8,
urb07,367,cultivar,2018-09-21,PH,11,
urb07,370,cultivar,2018-09-21,PH,8.2,
urb07,38,cultivar,2018-09-21,PH,7,Y
urb07,413,cultivar,2018-09-21,PH,7.7,fungi
urb07,417,cultivar,2018-09-21,PH,7.2,
urb07,444,cultivar,2018-09-21,PH,7.5,
urb07,456,cultivar,2018-09-21,PH,6,
urb07,54,cultivar,2018-09-21,PH,8.5,bt (crispy leaf tips)
urb07,555,cultivar,2018-09-21,PH,8,
urb07,567,cultivar,2018-09-21,PH,9.5,
urb07,574,cultivar,2018-09-21,PH,6,
urb07,581,cultivar,2018-09-21,PH,6.5,
urb07,586,cultivar,2018-09-21,PH,5.5,
urb07,92,cultivar,2018-09-21,PH,7.5,
urb09,1,cultivar,2018-09-21,PH,13.5,LS (leaf spots)
urb09,107,cultivar,2018-09-21,PH,12.5,
urb09,11,cultivar,2018-09-21,PH,10,small
urb09,112,cultivar,2018-09-21,PH,17.5,
urb09,123,cultivar,2018-09-21,PH,12.5,
urb09,13,cultivar,2018-09-21,PH,10.5,y veins
urb09,130,cultivar,2018-09-21,PH,15,
urb09,136,cultivar,2018-09-21,PH,13,
urb09,161,cultivar,2018-09-21,PH,9,
urb09,166,cultivar,2018-09-21,PH,12.5,
urb09,168,cultivar,2018-09-21,PH,10.2,LDecay + LMAT
urb09,21,cultivar,2018-09-21,PH,13.5,Branch Fell
urb09,235,cultivar,2018-09-21,PH,11,
urb09,281,cultivar,2018-09-21,PH,13,
urb09,306,cultivar,2018-09-21,PH,11,
urb09,323,cultivar,2018-09-21,PH,8.5,
urb09,368,cultivar,2018-09-21,PH,17.5,
urb09,381,cultivar,2018-09-21,PH,9,
urb09,384,cultivar,2018-09-21,PH,5,
urb09,407,cultivar,2018-09-21,PH,12.5,Sweb in pot
urb09,493,cultivar,2018-09-21,PH,10,
urb09,508,cultivar,2018-09-21,PH,11.5,
urb09,540,cultivar,2018-09-21,PH,13.5,
urb09,554,cultivar,2018-09-21,PH,14.5,
urb09,579,cultivar,2018-09-21,PH,10.5,
urb09,623,cultivar,2018-09-21,PH,10,
urb10,201,cultivar,2018-09-21,PH,8,
urb10,475,cultivar,2018-09-21,PH,5.4,
urb10,507,cultivar,2018-09-21,PH,6.5,
urb10,523,cultivar,2018-09-21,PH,8,
urb10,530,cultivar,2018-09-21,PH,5.5,
urb10,547,cultivar,2018-09-21,PH,6.7,
urb10,562,cultivar,2018-09-21,PH,9,
urb10,572,cultivar,2018-09-21,PH,6.5,
urb10,602,cultivar,2018-09-21,PH,6,
urb10,83,cultivar,2018-09-21,PH,8.2,
urb10,97,cultivar,2018-09-21,PH,7.5,H
urb10,98,cultivar,2018-09-21,PH,7,
urb11,110,cultivar,2018-09-21,PH,10,
urb11,134,cultivar,2018-09-21,PH,9,
urb11,145,cultivar,2018-09-21,PH,8.5,Fungi nearby
urb11,149,cultivar,2018-09-21,PH,8,Fungi nearby
urb11,20,cultivar,2018-09-21,PH,5.5,Branch Fell
urb11,229,cultivar,2018-09-21,PH,8,
urb11,261,cultivar,2018-09-21,PH,10.5,
urb11,325,cultivar,2018-09-21,PH,8,LDecay
urb11,327,cultivar,2018-09-21,PH,11,
urb11,343,cultivar,2018-09-21,PH,7.2,
urb11,391,cultivar,2018-09-21,PH,8.5,H
urb11,498,cultivar,2018-09-21,PH,9.2,
urb11,510,cultivar,2018-09-21,PH,11,
urb11,553,cultivar,2018-09-21,PH,9,
urb11,583,cultivar,2018-09-21,PH,8,
urb11,591,cultivar,2018-09-21,PH,9.8,
urb11,610,cultivar,2018-09-21,PH,4.5,
urb12,148,cultivar,2018-09-21,PH,10.5,Fungi nearby
urb12,164,cultivar,2018-09-21,PH,6.5,Heavy Herbivory
urb12,193,cultivar,2018-09-21,PH,7.2,
urb12,210,cultivar,2018-09-21,PH,9.7,
urb12,227,cultivar,2018-09-21,PH,6.2,
urb12,246,cultivar,2018-09-21,PH,9,
urb12,256,cultivar,2018-09-21,PH,9.5,
urb12,262,cultivar,2018-09-21,PH,7,
urb12,266,cultivar,2018-09-21,PH,11.5,
urb12,294,cultivar,2018-09-21,PH,9.2,
urb12,319,cultivar,2018-09-21,PH,12,
urb12,32,cultivar,2018-09-21,PH,9,sweb +LDecay
urb12,324,cultivar,2018-09-21,PH,10,LDecay
urb12,36,cultivar,2018-09-21,PH,8.5,LDecay
urb12,437,cultivar,2018-09-21,PH,10,Ldecay
urb12,462,cultivar,2018-09-21,PH,9,rotting
urb12,465,cultivar,2018-09-21,PH,9,Less insects
urb12,593,cultivar,2018-09-21,PH,11,
urb12,639,cultivar,2018-09-21,PH,8.5,
urb12,640,cultivar,2018-09-21,PH,8.5,
urb13,12,cultivar,2018-09-21,PH,8,
urb13,120,cultivar,2018-09-21,PH,11,
urb13,156,cultivar,2018-09-21,PH,14,
urb13,245,cultivar,2018-09-21,PH,9.2,
urb13,258,cultivar,2018-09-21,PH,8.5,
urb13,277,cultivar,2018-09-21,PH,9,
urb13,292,cultivar,2018-09-21,PH,10,bs
urb13,315,cultivar,2018-09-21,PH,9,
urb13,411,cultivar,2018-09-21,PH,9.7,
urb13,637,cultivar,2018-09-21,PH,8.5,
urb13,654,cultivar,2018-09-21,PH,9.5,
urb13,82,cultivar,2018-09-21,PH,10.7,
urb14,126,cultivar,2018-09-21,PH,9,
urb14,157,cultivar,2018-09-21,PH,8.5,
urb14,162,cultivar,2018-09-21,PH,9,
urb14,163,cultivar,2018-09-21,PH,10,
urb14,18,cultivar,2018-09-21,PH,10,LDecay
urb14,217,cultivar,2018-09-21,PH,8.5,
urb14,265,cultivar,2018-09-21,PH,8,
urb14,293,cultivar,2018-09-21,PH,7,
urb14,35,cultivar,2018-09-21,PH,8.5,LDecay
urb14,395,cultivar,2018-09-21,PH,10.8,
urb14,428,cultivar,2018-09-21,PH,8,
urb14,441,cultivar,2018-09-21,PH,7.5,
urb14,453,cultivar,2018-09-21,PH,9,
urb14,488,cultivar,2018-09-21,PH,8.5,
urb14,497,cultivar,2018-09-21,PH,7,
urb14,529,cultivar,2018-09-21,PH,8,
urb14,587,cultivar,2018-09-21,PH,7,
urb14,600,cultivar,2018-09-21,PH,10,
urb14,603,cultivar,2018-09-21,PH,10,
urb14,652,cultivar,2018-09-21,PH,8,
urb14,9,cultivar,2018-09-21,PH,9,
urb17,207,cultivar,2018-09-21,PH,8.2,
urb17,213,cultivar,2018-09-21,PH,8,
urb17,250,cultivar,2018-09-21,PH,9,
urb17,276,cultivar,2018-09-21,PH,11,
urb17,280,cultivar,2018-09-21,PH,5.5,
urb17,300,cultivar,2018-09-21,PH,9,fungi
urb17,311,cultivar,2018-09-21,PH,8.2,
urb17,410,cultivar,2018-09-21,PH,10.5,
urb17,546,cultivar,2018-09-21,PH,8.5,
urb17,570,cultivar,2018-09-21,PH,7,
urb17,617,cultivar,2018-09-21,PH,13.7,
urb17,621,cultivar,2018-09-21,PH,7.4,
urb17,643,cultivar,2018-09-21,PH,10,collected sample
urb17,70,cultivar,2018-09-21,PH,9.5,
urb17,80,cultivar,2018-09-21,PH,6,
urb17,87,cultivar,2018-09-21,PH,9.5,
urb18,155,cultivar,2018-09-21,PH,7,
urb18,221,cultivar,2018-09-21,PH,2,
urb18,252,cultivar,2018-09-21,PH,4.7,
urb18,330,cultivar,2018-09-21,PH,9,
urb18,416,cultivar,2018-09-21,PH,8,
urb18,470,cultivar,2018-09-21,PH,6.5,Less insects
urb18,483,cultivar,2018-09-21,PH,10,
urb18,509,cultivar,2018-09-21,PH,7,
urb18,52,cultivar,2018-09-21,PH,5.5,just stem
urb18,651,cultivar,2018-09-21,PH,6.5,
urb23,132,cultivar,2018-09-21,PH,6.5,
urb23,143,cultivar,2018-09-21,PH,12,
urb23,178,cultivar,2018-09-21,PH,8.2,
urb23,228,cultivar,2018-09-21,PH,7.6,
urb23,24,cultivar,2018-09-21,PH,9,Branch Fell
urb23,29,cultivar,2018-09-21,PH,8,LMAT
urb23,313,cultivar,2018-09-21,PH,7,
urb23,316,cultivar,2018-09-21,PH,9.5,
urb23,418,cultivar,2018-09-21,PH,8.7,
urb23,528,cultivar,2018-09-21,PH,8.5,
urb23,542,cultivar,2018-09-21,PH,11,
urb23,58,cultivar,2018-09-21,PH,8.5,bs+ys
urb23,601,cultivar,2018-09-21,PH,10,
urb23,604,cultivar,2018-09-21,PH,8.5,
urb23,645,cultivar,2018-09-21,PH,7.5,
urb23,81,cultivar,2018-09-21,PH,13.5,
urb24,133,cultivar,2018-09-21,PH,7.5,
urb24,160,cultivar,2018-09-21,PH,10,
urb24,169,cultivar,2018-09-21,PH,8,
urb24,209,cultivar,2018-09-21,PH,9,
urb24,234,cultivar,2018-09-21,PH,7.7,
urb24,248,cultivar,2018-09-21,PH,6,
urb24,284,cultivar,2018-09-21,PH,5.5,
urb24,431,cultivar,2018-09-21,PH,7.2,
urb24,449,cultivar,2018-09-21,PH,9.5,
urb24,490,cultivar,2018-09-21,PH,8.5,
urb24,516,cultivar,2018-09-21,PH,10,
urb24,585,cultivar,2018-09-21,PH,9.5,
urb24,60,cultivar,2018-09-21,PH,6.5,
urb24,628,cultivar,2018-09-21,PH,9.5,
urb24,96,cultivar,2018-09-21,PH,8.5,
urb25,173,cultivar,2018-09-21,PH,8.5,Lots of pine needles
urb25,192,cultivar,2018-09-21,PH,10,
urb25,198,cultivar,2018-09-21,PH,8,
urb25,204,cultivar,2018-09-21,PH,7,
urb25,257,cultivar,2018-09-21,PH,6.2,
urb25,335,cultivar,2018-09-21,PH,9.5,
urb25,344,cultivar,2018-09-21,PH,7.5,
urb25,348,cultivar,2018-09-21,PH,7.5,
urb25,371,cultivar,2018-09-21,PH,12.5,
urb25,374,cultivar,2018-09-21,PH,10.2,LDecay
urb25,403,cultivar,2018-09-21,PH,8.5,sample collected
urb25,412,cultivar,2018-09-21,PH,8,H
urb25,415,cultivar,2018-09-21,PH,9,
urb25,442,cultivar,2018-09-21,PH,7.2,
urb25,452,cultivar,2018-09-21,PH,9.5,
urb25,458,cultivar,2018-09-21,PH,7,
urb25,478,cultivar,2018-09-21,PH,7,
urb25,486,cultivar,2018-09-21,PH,8.2,
urb25,518,cultivar,2018-09-21,PH,9,
urb25,590,cultivar,2018-09-21,PH,13.5,
urb25,88,cultivar,2018-09-21,PH,7.5,
urb26,104,cultivar,2018-09-21,PH,8,
urb26,109,cultivar,2018-09-21,PH,6,
urb26,180,cultivar,2018-09-21,PH,8,
urb26,268,cultivar,2018-09-21,PH,11,
urb26,273,cultivar,2018-09-21,PH,7.5,Sweb
urb26,320,cultivar,2018-09-21,PH,8.5,
urb26,356,cultivar,2018-09-21,PH,7,
urb26,386,cultivar,2018-09-21,PH,8.7,
urb26,392,cultivar,2018-09-21,PH,8.7,H
urb26,427,cultivar,2018-09-21,PH,7,
urb26,502,cultivar,2018-09-21,PH,8.7,
urb26,525,cultivar,2018-09-21,PH,7.5,
urb26,551,cultivar,2018-09-21,PH,7,
urb26,578,cultivar,2018-09-21,PH,12,
urb26,624,cultivar,2018-09-21,PH,9,
urb26,633,cultivar,2018-09-21,PH,8.5,
urb26,661,cultivar,2018-09-21,PH,8.5,
urb28,103,cultivar,2018-09-21,PH,11.5,
urb28,118,cultivar,2018-09-21,PH,9,
urb28,171,cultivar,2018-09-21,PH,10,
urb28,205,cultivar,2018-09-21,PH,9.7,
urb28,240,cultivar,2018-09-21,PH,9,
urb28,27,cultivar,2018-09-21,PH,10,
urb28,295,cultivar,2018-09-21,PH,7.5,
urb28,318,cultivar,2018-09-21,PH,10,
urb28,342,cultivar,2018-09-21,PH,10.5,
urb28,369,cultivar,2018-09-21,PH,10.5,
urb28,387,cultivar,2018-09-21,PH,7,
urb28,39,cultivar,2018-09-21,PH,7,bs+H
urb28,474,cultivar,2018-09-21,PH,8,
urb28,49,cultivar,2018-09-21,PH,9.5,
urb28,50,cultivar,2018-09-21,PH,10.5,bs
urb28,506,cultivar,2018-09-21,PH,8.4,
urb28,512,cultivar,2018-09-21,PH,8,
urb28,541,cultivar,2018-09-21,PH,9,
urb28,62,cultivar,2018-09-21,PH,10,bt
urb28,660,cultivar,2018-09-21,PH,8,
urb28,75,cultivar,2018-09-21,PH,8.5,
urb28,77,cultivar,2018-09-21,PH,7,
urb29,113,cultivar,2018-09-21,PH,7,
urb29,124,cultivar,2018-09-21,PH,9,
urb29,158,cultivar,2018-09-21,PH,1,
urb29,165,cultivar,2018-09-21,PH,9.5,
urb29,363,cultivar,2018-09-21,PH,8,
urb29,394,cultivar,2018-09-21,PH,10.5,bs
urb29,400,cultivar,2018-09-21,PH,8.5,
urb29,504,cultivar,2018-09-21,PH,7.5,
urb29,552,cultivar,2018-09-21,PH,6,
urb31,108,cultivar,2018-09-21,PH,9.7,
urb31,220,cultivar,2018-09-21,PH,7,
urb31,231,cultivar,2018-09-21,PH,9,
urb31,233,cultivar,2018-09-21,PH,7.5,
urb31,247,cultivar,2018-09-21,PH,8,
urb31,308,cultivar,2018-09-21,PH,8,
urb31,346,cultivar,2018-09-21,PH,8.5,
urb31,372,cultivar,2018-09-21,PH,12,
urb31,434,cultivar,2018-09-21,PH,9,
urb31,460,cultivar,2018-09-21,PH,6.5,
urb31,48,cultivar,2018-09-21,PH,8,H+LDecay
urb31,481,cultivar,2018-09-21,PH,9.5,
urb31,495,cultivar,2018-09-21,PH,9,
urb31,514,cultivar,2018-09-21,PH,6.5,
urb31,539,cultivar,2018-09-21,PH,8.5,
urb31,55,cultivar,2018-09-21,PH,6,bt
urb31,576,cultivar,2018-09-21,PH,5.2,
urb31,588,cultivar,2018-09-21,PH,11.5,
urb31,59,cultivar,2018-09-21,PH,8,
urb31,612,cultivar,2018-09-21,PH,10.7,
urb31,63,cultivar,2018-09-21,PH,10.5,
urb31,644,cultivar,2018-09-21,PH,8,
urb32,189,cultivar,2018-09-21,PH,8,
urb32,208,cultivar,2018-09-21,PH,8,
urb32,264,cultivar,2018-09-21,PH,7.5,PD
urb32,350,cultivar,2018-09-21,PH,11.2,
urb32,366,cultivar,2018-09-21,PH,12.5,
urb32,378,cultivar,2018-09-21,PH,7,
urb32,379,cultivar,2018-09-21,PH,7,
urb32,382,cultivar,2018-09-21,PH,8,Y
urb32,390,cultivar,2018-09-21,PH,7.5,
urb32,42,cultivar,2018-09-21,PH,8,bs
urb32,420,cultivar,2018-09-21,PH,9,
urb32,45,cultivar,2018-09-21,PH,9,ws+fungi
urb32,53,cultivar,2018-09-21,PH,11,
urb32,550,cultivar,2018-09-21,PH,12.5,
urb32,618,cultivar,2018-09-21,PH,9.5,
urb32,635,cultivar,2018-09-21,PH,7,
urb32,64,cultivar,2018-09-21,PH,8,
urb32,658,cultivar,2018-09-21,PH,6,
urb32,72,cultivar,2018-09-21,PH,9.5,
nat18,326,native,2018-10-20,PH,5.2,LD + RS
nat18,480,native,2018-10-20,PH,5.5,LD
nat18,632,native,2018-10-20,PH,5.8,
nat19,100,native,2018-10-20,PH,6.7,GS
nat19,183,native,2018-10-20,PH,7,
nat19,185,native,2018-10-20,PH,5.4,LD  +Y +bs + wither
nat19,190,native,2018-10-20,PH,7,RS
nat19,202,native,2018-10-20,PH,6.5,GS
nat19,22,native,2018-10-20,PH,6,rs+ H
nat19,223,native,2018-10-20,PH,8,H + LD
nat19,224,native,2018-10-20,PH,5.6,
nat19,270,native,2018-10-20,PH,7.7,REXP +  LD
nat19,275,native,2018-10-20,PH,6.6,H + bs
nat19,33,native,2018-10-20,PH,5,Red veins (rv) + LD
nat19,355,native,2018-10-20,PH,8,WS (white spots)
nat19,364,native,2018-10-20,PH,7.6,RS + bs
nat19,375,native,2018-10-20,PH,7,
nat19,397,native,2018-10-20,PH,5,Pd + LD
nat19,398,native,2018-10-20,PH,7,LL + fungi
nat19,430,native,2018-10-20,PH,7,LD
nat19,46,native,2018-10-20,PH,5.7,gs
nat19,468,native,2018-10-20,PH,5.3,LD
nat19,482,native,2018-10-20,PH,7.5,LD
nat19,513,native,2018-10-20,PH,5.5,BS
nat19,538,native,2018-10-20,PH,4.9,
nat19,557,native,2018-10-20,PH,7.3,GS
nat19,571,native,2018-10-20,PH,7.9,
nat19,596,native,2018-10-20,PH,7.7,LD
nat19,606,native,2018-10-20,PH,7.1,Y
nat19,611,native,2018-10-20,PH,5,
nat19,616,native,2018-10-20,PH,7,Rs
nat19,627,native,2018-10-20,PH,6.4,Sweb
nat19,631,native,2018-10-20,PH,7,LD
nat19,642,native,2018-10-20,PH,2.5,
nat19,65,native,2018-10-20,PH,5.5,plant out of pot
nat19,657,native,2018-10-20,PH,6,White leaf edges
nat19,659,native,2018-10-20,PH,7.5,LD
nat19,76,native,2018-10-20,PH,6.3,rs
nat20,301,native,2018-10-20,PH,7,LD
nat20,440,native,2018-10-20,PH,8,
nat20,446,native,2018-10-20,PH,6.7,LD
nat20,473,native,2018-10-20,PH,8,LD
nat20,519,native,2018-10-20,PH,7.1,LD
nat20,605,native,2018-10-20,PH,7,bs + Rexp
nat20,615,native,2018-10-20,PH,5,
nat21,332,native,2018-10-20,PH,8,LD + RS
nat21,333,native,2018-10-20,PH,9.1,Rexp + GS
nat21,358,native,2018-10-20,PH,8,LD
nat21,422,native,2018-10-20,PH,6.3,
nat21,500,native,2018-10-20,PH,7.5,LD + PD (plant in dirt - on its side in the dirt)
nat21,527,native,2018-10-20,PH,6.2,LD
nat21,568,native,2018-10-20,PH,8.5,RL (red leaves)
nat21,573,native,2018-10-20,PH,7.4,LD
nat21,68,native,2018-10-20,PH,8.4,rs + LD
nat22,101,native,2018-10-20,PH,5.5,
nat22,119,native,2018-10-20,PH,9.7,ld
nat22,142,native,2018-10-20,PH,6.5,rs
nat22,176,native,2018-10-20,PH,8,gs
nat22,191,native,2018-10-20,PH,5.5,Excess LL
nat22,199,native,2018-10-20,PH,7,
nat22,25,native,2018-10-20,PH,6,gs
nat22,254,native,2018-10-20,PH,6.7,H
nat22,353,native,2018-10-20,PH,10.5,GS
nat22,505,native,2018-10-20,PH,6.6,LD
nat22,535,native,2018-10-20,PH,8.4,
nat22,609,native,2018-10-20,PH,9.5,
nat22,638,native,2018-10-20,PH,7.6,LD
nat23,2,native,2018-10-20,PH,10,red and brown spots
nat23,216,native,2018-10-20,PH,6,LD
nat23,244,native,2018-10-20,PH,4.5,Excess LL
nat23,259,native,2018-10-20,PH,7,RS + H
nat23,309,native,2018-10-20,PH,3.7,GS
nat23,334,native,2018-10-20,PH,5.3,Rexp + LD
nat23,380,native,2018-10-20,PH,4.4,
nat23,501,native,2018-10-20,PH,5,
nat23,575,native,2018-10-20,PH,6.3,
nat24,147,native,2018-10-20,PH,7,Y +RS
nat24,485,native,2018-10-20,PH,6.8,
nat24,489,native,2018-10-20,PH,7.5,
nat24,8,native,2018-10-20,PH,4.2,
nat24,90,native,2018-10-20,PH,8,
nat25,187,native,2018-10-20,PH,4,Excess LL + LD
nat25,299,native,2018-10-20,PH,9,GS
nat25,433,native,2018-10-20,PH,4.6,
nat25,520,native,2018-10-20,PH,7.5,LD
nat25,537,native,2018-10-20,PH,8.6,H + LD
nat25,582,native,2018-10-20,PH,5.6,
nat25,613,native,2018-10-20,PH,7.6,
nat26,151,native,2018-10-20,PH,9,SL (small leaves)
nat26,16,native,2018-10-20,PH,6,
nat26,182,native,2018-10-20,PH,6.4,Y
nat26,269,native,2018-10-20,PH,7.5,LMAT
nat26,310,native,2018-10-20,PH,6.5,GS
nat26,338,native,2018-10-20,PH,6.7,GS
nat26,345,native,2018-10-20,PH,4.5,
nat26,373,native,2018-10-20,PH,7.5,Y
nat26,402,native,2018-10-20,PH,7.2,
nat26,414,native,2018-10-20,PH,5.7,LD
nat26,424,native,2018-10-20,PH,5.7,R
nat26,47,native,2018-10-20,PH,8,gs
nat26,471,native,2018-10-20,PH,7.7,LPM
nat26,524,native,2018-10-20,PH,7.7,S
nat26,561,native,2018-10-20,PH,7.5,LD
nat26,625,native,2018-10-20,PH,6,BS
nat27,141,native,2018-10-20,PH,5.5,Rexp + gs
nat27,152,native,2018-10-20,PH,5.4,
nat27,181,native,2018-10-20,PH,7,
nat27,206,native,2018-10-20,PH,6.7,
nat27,23,native,2018-10-20,PH,6,Green only on stem (gs)
nat27,260,native,2018-10-20,PH,6.4,
nat27,263,native,2018-10-20,PH,5,Rexp
nat27,341,native,2018-10-20,PH,4.9,RD + Rexp
nat27,347,native,2018-10-20,PH,5.8,LD +RS
nat27,4,native,2018-10-20,PH,6.2,
nat27,406,native,2018-10-20,PH,5,LD
nat27,455,native,2018-10-20,PH,5.3,
nat27,517,native,2018-10-20,PH,8.7,Y+ LD
nat27,57,native,2018-10-20,PH,5.5,bs
nat27,655,native,2018-10-20,PH,6,
nat28,219,native,2018-10-20,PH,5.5,
nat28,304,native,2018-10-20,PH,5.6,Excess LL + jumping insects
nat28,351,native,2018-10-20,PH,8,Rexp
nat28,448,native,2018-10-20,PH,5.4,
nat28,543,native,2018-10-20,PH,7.8,
nat28,598,native,2018-10-20,PH,4.9,PD +GS
nat29,122,native,2018-10-20,PH,9,
nat29,137,native,2018-10-20,PH,8.5,RS +GS + LD
nat29,139,native,2018-10-20,PH,6.7,Withered
nat29,153,native,2018-10-20,PH,7.5,bs
nat29,188,native,2018-10-20,PH,5.3,
nat29,194,native,2018-10-20,PH,7,LD
nat29,401,native,2018-10-20,PH,4,LD
nat29,423,native,2018-10-20,PH,5.9,LD
nat29,479,native,2018-10-20,PH,8,
nat29,5,native,2018-10-20,PH,8.5,bs (brown spots)
nat29,544,native,2018-10-20,PH,6.7,LDC
nat29,565,native,2018-10-20,PH,6,
nat29,620,native,2018-10-20,PH,5.5,
nat29,99,native,2018-10-20,PH,6,LD+rs
nat30,14,native,2018-10-20,PH,5.7,Wilting (w)
nat30,429,native,2018-10-20,PH,5.9,LD + GS
nat30,451,native,2018-10-20,PH,6.1,
nat30,592,native,2018-10-20,PH,7.5,
nat30,594,native,2018-10-20,PH,2,small growth
nat30,650,native,2018-10-20,PH,4.4,
nat30,653,native,2018-10-20,PH,5.2,PD + LD
nat31,225,native,2018-10-20,PH,5,
nat31,279,native,2018-10-20,PH,7.4,
nat32,138,native,2018-10-20,PH,7,LD
nat32,172,native,2018-10-20,PH,6,Rexp +GS
nat32,197,native,2018-10-20,PH,5,LD
nat32,214,native,2018-10-20,PH,6.8,LD
nat32,303,native,2018-10-20,PH,7,H
nat32,360,native,2018-10-20,PH,9,NGAT + LD (New Growth at Top)
nat32,385,native,2018-10-20,PH,6.4,Excesss LL + BS
nat32,463,native,2018-10-20,PH,8.6,BS
nat33,297,native,2018-10-20,PH,7.4,
nat33,352,native,2018-10-20,PH,7,LD
nat33,365,native,2018-10-20,PH,8.7,LD
urb01,10,cultivar,2018-10-20,PH,6,
urb01,184,cultivar,2018-10-20,PH,7,LD
urb01,200,cultivar,2018-10-20,PH,7,RS
urb01,203,cultivar,2018-10-20,PH,8,LL (leaf litter) + LD
urb01,242,cultivar,2018-10-20,PH,7,LD
urb01,253,cultivar,2018-10-20,PH,8.2,LD + fungi in pot
urb01,314,cultivar,2018-10-20,PH,9,LD + BS
urb01,339,cultivar,2018-10-20,PH,7,RS + LD
urb01,450,cultivar,2018-10-20,PH,11.5,LD
urb01,476,cultivar,2018-10-20,PH,6.5,LD
urb01,599,cultivar,2018-10-20,PH,8.1,WS + LD
urb01,619,cultivar,2018-10-20,PH,7.5,
urb01,634,cultivar,2018-10-20,PH,8.3,LD
urb01,85,cultivar,2018-10-20,PH,8,
urb03,129,cultivar,2018-10-20,PH,14.5,H+ folded leaf
urb03,238,cultivar,2018-10-20,PH,7.4,LD + BS
urb03,239,cultivar,2018-10-20,PH,13.5,H
urb03,26,cultivar,2018-10-20,PH,9,H
urb03,287,cultivar,2018-10-20,PH,10.5,LD + RS
urb03,357,cultivar,2018-10-20,PH,13,Top leaves stuck toghether
urb03,421,cultivar,2018-10-20,PH,8.7,H + LDC
urb03,425,cultivar,2018-10-20,PH,7.2,LD
urb03,426,cultivar,2018-10-20,PH,10.3,
urb03,435,cultivar,2018-10-20,PH,10.5,
urb03,438,cultivar,2018-10-20,PH,8,LD + Sweb
urb03,439,cultivar,2018-10-20,PH,7.6,
urb03,443,cultivar,2018-10-20,PH,9.8,
urb03,454,cultivar,2018-10-20,PH,8,
urb03,457,cultivar,2018-10-20,PH,6,LD
urb03,461,cultivar,2018-10-20,PH,7.9,
urb03,467,cultivar,2018-10-20,PH,5.6,
urb03,494,cultivar,2018-10-20,PH,7.4,LD
urb03,51,cultivar,2018-10-20,PH,9.8,H+ rs
urb03,522,cultivar,2018-10-20,PH,9.5,CS
urb03,536,cultivar,2018-10-20,PH,9,LD + BS
urb03,549,cultivar,2018-10-20,PH,8.5,Sweb
urb03,563,cultivar,2018-10-20,PH,10,
urb03,595,cultivar,2018-10-20,PH,10.7,H
urb03,641,cultivar,2018-10-20,PH,8.5,Sweb
urb03,69,cultivar,2018-10-20,PH,7.5,rs
urb03,78,cultivar,2018-10-20,PH,6.5,gs
urb03,89,cultivar,2018-10-20,PH,7,Crispy
urb04,111,cultivar,2018-10-20,PH,8.7,rs
urb04,19,cultivar,2018-10-20,PH,8.7,Leaf decay (Ld)
urb04,196,cultivar,2018-10-20,PH,9,
urb04,237,cultivar,2018-10-20,PH,9.5,RS
urb04,289,cultivar,2018-10-20,PH,8,GS
urb04,31,cultivar,2018-10-20,PH,8,LDC
urb04,329,cultivar,2018-10-20,PH,9.5,RS
urb04,354,cultivar,2018-10-20,PH,13,LD
urb04,361,cultivar,2018-10-20,PH,9,
urb04,404,cultivar,2018-10-20,PH,8.5,LD
urb04,408,cultivar,2018-10-20,PH,10.8,BS
urb04,43,cultivar,2018-10-20,PH,8,(New growth at the top) NGAT
urb04,44,cultivar,2018-10-20,PH,8.7,gs
urb04,472,cultivar,2018-10-20,PH,7.9,
urb04,491,cultivar,2018-10-20,PH,9.2,LD
urb04,511,cultivar,2018-10-20,PH,7.6,Cs
urb04,526,cultivar,2018-10-20,PH,6.6,RS
urb04,556,cultivar,2018-10-20,PH,7.5,PD+ GS
urb04,597,cultivar,2018-10-20,PH,6.5,PD +GS
urb04,622,cultivar,2018-10-20,PH,6.9,
urb04,636,cultivar,2018-10-20,PH,10,H + LD
urb04,649,cultivar,2018-10-20,PH,9.6,BS
urb04,95,cultivar,2018-10-20,PH,9.5,
urb07,106,cultivar,2018-10-20,PH,9.2,LD
urb07,125,cultivar,2018-10-20,PH,9,
urb07,167,cultivar,2018-10-20,PH,8.6,
urb07,286,cultivar,2018-10-20,PH,9,LD
urb07,290,cultivar,2018-10-20,PH,7.5,
urb07,3,cultivar,2018-10-20,PH,10.5,abnormally small leaves and white spots
urb07,302,cultivar,2018-10-20,PH,8,BS + LD + H
urb07,337,cultivar,2018-10-20,PH,7.5,BT
urb07,367,cultivar,2018-10-20,PH,11.5,LDC
urb07,370,cultivar,2018-10-20,PH,7.6,LD
urb07,38,cultivar,2018-10-20,PH,7,rs
urb07,413,cultivar,2018-10-20,PH,7,H + LD
urb07,417,cultivar,2018-10-20,PH,7,
urb07,444,cultivar,2018-10-20,PH,7.4,
urb07,456,cultivar,2018-10-20,PH,7,Lots of leaves on top node
urb07,54,cultivar,2018-10-20,PH,9,rs
urb07,555,cultivar,2018-10-20,PH,7.9,LMP
urb07,567,cultivar,2018-10-20,PH,9.6,LD
urb07,574,cultivar,2018-10-20,PH,7.5,
urb07,581,cultivar,2018-10-20,PH,6,BLT (Bell shaped leaf type)
urb07,586,cultivar,2018-10-20,PH,7.5,PD+ Rexp
urb07,92,cultivar,2018-10-20,PH,7.1,Collected
urb09,1,cultivar,2018-10-20,PH,13.2,white spots
urb09,107,cultivar,2018-10-20,PH,9,RS + LD
urb09,11,cultivar,2018-10-20,PH,10.5,Herbivory (H)
urb09,112,cultivar,2018-10-20,PH,14,H
urb09,123,cultivar,2018-10-20,PH,13.5,ld
urb09,13,cultivar,2018-10-20,PH,10,red on tips of leaves (rl)
urb09,130,cultivar,2018-10-20,PH,14.5,
urb09,136,cultivar,2018-10-20,PH,13,H +LD
urb09,161,cultivar,2018-10-20,PH,8,GS
urb09,166,cultivar,2018-10-20,PH,11.4,LD + GS
urb09,168,cultivar,2018-10-20,PH,10,LD
urb09,21,cultivar,2018-10-20,PH,14,
urb09,235,cultivar,2018-10-20,PH,11,H
urb09,281,cultivar,2018-10-20,PH,12.5,BT
urb09,306,cultivar,2018-10-20,PH,12,LD +BS
urb09,323,cultivar,2018-10-20,PH,8.5,BS + Y
urb09,368,cultivar,2018-10-20,PH,17,H
urb09,381,cultivar,2018-10-20,PH,8.5,
urb09,384,cultivar,2018-10-20,PH,5.2,CS
urb09,407,cultivar,2018-10-20,PH,12.5,
urb09,493,cultivar,2018-10-20,PH,11.2,LD + H
urb09,508,cultivar,2018-10-20,PH,11.5,LD
urb09,540,cultivar,2018-10-20,PH,12.6,Spiders + Ws
urb09,554,cultivar,2018-10-20,PH,15.4,BS
urb09,579,cultivar,2018-10-20,PH,12.3,LD
urb09,623,cultivar,2018-10-20,PH,9.3,BS
urb10,201,cultivar,2018-10-20,PH,8,
urb10,475,cultivar,2018-10-20,PH,7.2,
urb10,507,cultivar,2018-10-20,PH,5.6,
urb10,523,cultivar,2018-10-20,PH,8.3,BS
urb10,530,cultivar,2018-10-20,PH,6.4,
urb10,547,cultivar,2018-10-20,PH,6.9,Y
urb10,562,cultivar,2018-10-20,PH,8,LD
urb10,572,cultivar,2018-10-20,PH,6.3,BS
urb10,602,cultivar,2018-10-20,PH,6,bs
urb10,83,cultivar,2018-10-20,PH,7.5,H
urb10,97,cultivar,2018-10-20,PH,6.5,H+rs
urb10,98,cultivar,2018-10-20,PH,7,Y
urb11,110,cultivar,2018-10-20,PH,10.5,LD + gs
urb11,134,cultivar,2018-10-20,PH,9.5,Rs + Bs
urb11,145,cultivar,2018-10-20,PH,8.8,GS
urb11,149,cultivar,2018-10-20,PH,8,LD
urb11,20,cultivar,2018-10-20,PH,5.5,bs+rs
urb11,229,cultivar,2018-10-20,PH,7.8,H +BS
urb11,261,cultivar,2018-10-20,PH,10.3,Y + ld
urb11,325,cultivar,2018-10-20,PH,7.5,LD + BS
urb11,327,cultivar,2018-10-20,PH,10.2,BS
urb11,343,cultivar,2018-10-20,PH,7,Y
urb11,391,cultivar,2018-10-20,PH,8.2,LD + Y
urb11,498,cultivar,2018-10-20,PH,8.6,RS +LD
urb11,510,cultivar,2018-10-20,PH,11,Red Leaves
urb11,553,cultivar,2018-10-20,PH,9,BS
urb11,583,cultivar,2018-10-20,PH,8.5,LMP
urb11,591,cultivar,2018-10-20,PH,9,
urb11,610,cultivar,2018-10-20,PH,4.7,
urb12,148,cultivar,2018-10-20,PH,10.5,LMAT (leaves missing at the top zone)
urb12,164,cultivar,2018-10-20,PH,6.6,Sweb + LD
urb12,193,cultivar,2018-10-20,PH,7,GS
urb12,210,cultivar,2018-10-20,PH,9,
urb12,227,cultivar,2018-10-20,PH,6,
urb12,246,cultivar,2018-10-20,PH,9.5,
urb12,256,cultivar,2018-10-20,PH,8.3,Y
urb12,266,cultivar,2018-10-20,PH,11.6,GS
urb12,294,cultivar,2018-10-20,PH,11.5,LD+ BS
urb12,319,cultivar,2018-10-20,PH,11.5,
urb12,32,cultivar,2018-10-20,PH,9,gs
urb12,324,cultivar,2018-10-20,PH,9.5,GS
urb12,36,cultivar,2018-10-20,PH,8,
urb12,437,cultivar,2018-10-20,PH,9.5,LD + Y
urb12,465,cultivar,2018-10-20,PH,8.6,LD
urb12,593,cultivar,2018-10-20,PH,10.6,RL
urb12,639,cultivar,2018-10-20,PH,8.5,GS
urb12,640,cultivar,2018-10-20,PH,8,GS
urb13,12,cultivar,2018-10-20,PH,8,"yellowing (y)
)"
urb13,120,cultivar,2018-10-20,PH,11,gs + ld
urb13,156,cultivar,2018-10-20,PH,16.8,rs
urb13,245,cultivar,2018-10-20,PH,9.7,LMP (leaves missing parts)
urb13,258,cultivar,2018-10-20,PH,7.8,bs + LD
urb13,277,cultivar,2018-10-20,PH,9,Y
urb13,292,cultivar,2018-10-20,PH,10.5,LD
urb13,315,cultivar,2018-10-20,PH,9.2,
urb13,411,cultivar,2018-10-20,PH,10,LD
urb13,637,cultivar,2018-10-20,PH,8.7,LD + WS
urb13,654,cultivar,2018-10-20,PH,9.7,LD
urb13,82,cultivar,2018-10-20,PH,11,
urb14,117,cultivar,2018-10-20,PH,7,Rexp
urb14,126,cultivar,2018-10-20,PH,9,
urb14,157,cultivar,2018-10-20,PH,8,LD
urb14,162,cultivar,2018-10-20,PH,9.6,RS
urb14,163,cultivar,2018-10-20,PH,10.7,H
urb14,18,cultivar,2018-10-20,PH,9.5,rs
urb14,217,cultivar,2018-10-20,PH,8.7,RS
urb14,265,cultivar,2018-10-20,PH,8.5,RS + Y + BT
urb14,293,cultivar,2018-10-20,PH,7.2,LD
urb14,35,cultivar,2018-10-20,PH,8.5,gs
urb14,395,cultivar,2018-10-20,PH,8.4,WS + LD
urb14,428,cultivar,2018-10-20,PH,8.2,LD
urb14,441,cultivar,2018-10-20,PH,7.7,LD
urb14,453,cultivar,2018-10-20,PH,8.6,LD
urb14,488,cultivar,2018-10-20,PH,8,RS
urb14,497,cultivar,2018-10-20,PH,7,
urb14,529,cultivar,2018-10-20,PH,8.6,
urb14,587,cultivar,2018-10-20,PH,8.3,LD
urb14,600,cultivar,2018-10-20,PH,9,LD
urb14,603,cultivar,2018-10-20,PH,10.1,H
urb14,652,cultivar,2018-10-20,PH,7.8,
urb14,9,cultivar,2018-10-20,PH,8.5,red spots (rs) + bs
urb17,207,cultivar,2018-10-20,PH,8.5,LD
urb17,213,cultivar,2018-10-20,PH,8.2,H
urb17,250,cultivar,2018-10-20,PH,8,LD
urb17,276,cultivar,2018-10-20,PH,11.5,GS
urb17,280,cultivar,2018-10-20,PH,9.5,GS
urb17,300,cultivar,2018-10-20,PH,10,WS + RS  + LD
urb17,311,cultivar,2018-10-20,PH,8,LD
urb17,410,cultivar,2018-10-20,PH,9.3,BS
urb17,546,cultivar,2018-10-20,PH,9,
urb17,570,cultivar,2018-10-20,PH,6.5,
urb17,617,cultivar,2018-10-20,PH,14.5,LD
urb17,621,cultivar,2018-10-20,PH,8.5,
urb17,643,cultivar,2018-10-20,PH,9.8,
urb17,70,cultivar,2018-10-20,PH,10.3,y+rs
urb17,80,cultivar,2018-10-20,PH,5.5,y+rs
urb17,87,cultivar,2018-10-20,PH,8.7,Rexp (roots exposed) + GS (green stem)
urb18,155,cultivar,2018-10-20,PH,8,rs +LD
urb18,252,cultivar,2018-10-20,PH,5,RS
urb18,330,cultivar,2018-10-20,PH,8.2,
urb18,416,cultivar,2018-10-20,PH,7,LMP
urb18,470,cultivar,2018-10-20,PH,6.3,
urb18,483,cultivar,2018-10-20,PH,10.4,
urb18,509,cultivar,2018-10-20,PH,8.2,
urb18,52,cultivar,2018-10-20,PH,5.7,gs
urb18,651,cultivar,2018-10-20,PH,7.5,LD + LMP
urb23,132,cultivar,2018-10-20,PH,6.5,small leaves
urb23,143,cultivar,2018-10-20,PH,12.5,LD
urb23,178,cultivar,2018-10-20,PH,8,LD
urb23,228,cultivar,2018-10-20,PH,7,
urb23,24,cultivar,2018-10-20,PH,9,
urb23,29,cultivar,2018-10-20,PH,7.5,rs
urb23,313,cultivar,2018-10-20,PH,8.5,LD + BS
urb23,316,cultivar,2018-10-20,PH,10.5,LD
urb23,418,cultivar,2018-10-20,PH,8.8,
urb23,528,cultivar,2018-10-20,PH,8.6,LD
urb23,542,cultivar,2018-10-20,PH,9.8,
urb23,58,cultivar,2018-10-20,PH,9.7,
urb23,601,cultivar,2018-10-20,PH,10,H +RS
urb23,604,cultivar,2018-10-20,PH,8.8,bs
urb23,645,cultivar,2018-10-20,PH,7.8,LD
urb23,81,cultivar,2018-10-20,PH,13.5,
urb24,133,cultivar,2018-10-20,PH,7.5,RS
urb24,160,cultivar,2018-10-20,PH,5.5,(parts of leaves missing) PLM
urb24,169,cultivar,2018-10-20,PH,8,Rexp + LD
urb24,209,cultivar,2018-10-20,PH,9.4,LD
urb24,234,cultivar,2018-10-20,PH,8,LD + BS
urb24,248,cultivar,2018-10-20,PH,6,BS
urb24,284,cultivar,2018-10-20,PH,5.5,SL
urb24,431,cultivar,2018-10-20,PH,7.9,LD
urb24,449,cultivar,2018-10-20,PH,9,LD
urb24,490,cultivar,2018-10-20,PH,5.5,
urb24,516,cultivar,2018-10-20,PH,10,bs
urb24,585,cultivar,2018-10-20,PH,9.3,GS
urb24,60,cultivar,2018-10-20,PH,7,gs
urb24,628,cultivar,2018-10-20,PH,9.5,H + LD
urb25,173,cultivar,2018-10-20,PH,7,LDC + wilting
urb25,192,cultivar,2018-10-20,PH,9,LD+  H
urb25,198,cultivar,2018-10-20,PH,8,
urb25,204,cultivar,2018-10-20,PH,8,
urb25,257,cultivar,2018-10-20,PH,5,Rexp + LD
urb25,335,cultivar,2018-10-20,PH,10.8,Ld
urb25,344,cultivar,2018-10-20,PH,6.3,
urb25,348,cultivar,2018-10-20,PH,7.2,LD
urb25,371,cultivar,2018-10-20,PH,11.9,LD
urb25,374,cultivar,2018-10-20,PH,10,H
urb25,403,cultivar,2018-10-20,PH,9.3,LD
urb25,412,cultivar,2018-10-20,PH,8.2,LD
urb25,415,cultivar,2018-10-20,PH,9.1,LD + H
urb25,442,cultivar,2018-10-20,PH,7,Y = LD
urb25,452,cultivar,2018-10-20,PH,10.4,Rexp + GS
urb25,458,cultivar,2018-10-20,PH,7,
urb25,478,cultivar,2018-10-20,PH,7.4,RS
urb25,486,cultivar,2018-10-20,PH,8.2,
urb25,518,cultivar,2018-10-20,PH,7.9,
urb25,590,cultivar,2018-10-20,PH,13.5,
urb25,88,cultivar,2018-10-20,PH,8,
urb26,104,cultivar,2018-10-20,PH,7.5,Rexp + GS
urb26,109,cultivar,2018-10-20,PH,6.5,LD
urb26,180,cultivar,2018-10-20,PH,8.8,
urb26,268,cultivar,2018-10-20,PH,10,
urb26,273,cultivar,2018-10-20,PH,7.7,Rexp + LD
urb26,320,cultivar,2018-10-20,PH,8,
urb26,356,cultivar,2018-10-20,PH,7,
urb26,386,cultivar,2018-10-20,PH,8,LD
urb26,392,cultivar,2018-10-20,PH,7.5,GS
urb26,427,cultivar,2018-10-20,PH,7.4,
urb26,502,cultivar,2018-10-20,PH,8.7,NLS (narrow leaf style)
urb26,525,cultivar,2018-10-20,PH,8,CS
urb26,551,cultivar,2018-10-20,PH,6.9,LD + RL
urb26,578,cultivar,2018-10-20,PH,5.9,Y
urb26,624,cultivar,2018-10-20,PH,9.1,LD
urb26,633,cultivar,2018-10-20,PH,8.6,BT
urb26,661,cultivar,2018-10-20,PH,8.8,
urb28,103,cultivar,2018-10-20,PH,10,Swet + y (yellowing)
urb28,118,cultivar,2018-10-20,PH,9.5,rs
urb28,171,cultivar,2018-10-20,PH,10,LDC
urb28,205,cultivar,2018-10-20,PH,9.5,
urb28,240,cultivar,2018-10-20,PH,9,Jumping bugs
urb28,27,cultivar,2018-10-20,PH,10,rs+bs
urb28,295,cultivar,2018-10-20,PH,7.5,LD +BS
urb28,318,cultivar,2018-10-20,PH,10.5,LD
urb28,342,cultivar,2018-10-20,PH,8.2,Rexp
urb28,369,cultivar,2018-10-20,PH,9.6,
urb28,387,cultivar,2018-10-20,PH,8,LD
urb28,39,cultivar,2018-10-20,PH,8,rs+LD
urb28,474,cultivar,2018-10-20,PH,8,
urb28,49,cultivar,2018-10-20,PH,9.5,rs
urb28,50,cultivar,2018-10-20,PH,10.5,LD +rs
urb28,506,cultivar,2018-10-20,PH,7.8,H +LD
urb28,512,cultivar,2018-10-20,PH,7.5,ws
urb28,541,cultivar,2018-10-20,PH,10,small leaves
urb28,62,cultivar,2018-10-20,PH,10,
urb28,660,cultivar,2018-10-20,PH,6.6,RS
urb28,75,cultivar,2018-10-20,PH,9,
urb28,77,cultivar,2018-10-20,PH,7.2,LD
urb29,113,cultivar,2018-10-20,PH,7,y+bs
urb29,124,cultivar,2018-10-20,PH,9.5,
urb29,158,cultivar,2018-10-20,PH,6.2,
urb29,165,cultivar,2018-10-20,PH,9,LD
urb29,363,cultivar,2018-10-20,PH,8.5,
urb29,394,cultivar,2018-10-20,PH,9.5,LD
urb29,400,cultivar,2018-10-20,PH,9,LD
urb29,504,cultivar,2018-10-20,PH,7.5,LD
urb29,552,cultivar,2018-10-20,PH,6.9,
urb31,108,cultivar,2018-10-20,PH,10,H
urb31,220,cultivar,2018-10-20,PH,6.9,
urb31,231,cultivar,2018-10-20,PH,8,bt + y
urb31,233,cultivar,2018-10-20,PH,6.2,bt + rs
urb31,247,cultivar,2018-10-20,PH,8.4,LD
urb31,308,cultivar,2018-10-20,PH,8,LD + H
urb31,346,cultivar,2018-10-20,PH,7.5,
urb31,372,cultivar,2018-10-20,PH,11,
urb31,434,cultivar,2018-10-20,PH,8.6,LD
urb31,460,cultivar,2018-10-20,PH,6.8,
urb31,48,cultivar,2018-10-20,PH,7,gs
urb31,481,cultivar,2018-10-20,PH,9.8,NGAT
urb31,495,cultivar,2018-10-20,PH,9.5,LD
urb31,514,cultivar,2018-10-20,PH,6.4,LMP
urb31,539,cultivar,2018-10-20,PH,9.4,
urb31,55,cultivar,2018-10-20,PH,6.5,
urb31,576,cultivar,2018-10-20,PH,9,RL + LD
urb31,588,cultivar,2018-10-20,PH,10.5,MGAT
urb31,59,cultivar,2018-10-20,PH,8.2,gs
urb31,612,cultivar,2018-10-20,PH,10.6,
urb31,63,cultivar,2018-10-20,PH,13.5,
urb31,644,cultivar,2018-10-20,PH,7.8,
urb32,189,cultivar,2018-10-20,PH,8,LD
urb32,208,cultivar,2018-10-20,PH,7,GS
urb32,264,cultivar,2018-10-20,PH,7.6,
urb32,350,cultivar,2018-10-20,PH,13.3,LD
urb32,366,cultivar,2018-10-20,PH,12.5,LD +Rs
urb32,378,cultivar,2018-10-20,PH,7.7,LD
urb32,379,cultivar,2018-10-20,PH,4,
urb32,382,cultivar,2018-10-20,PH,8.5,LD
urb32,390,cultivar,2018-10-20,PH,8,BS
urb32,42,cultivar,2018-10-20,PH,8.2,
urb32,420,cultivar,2018-10-20,PH,8.4,
urb32,45,cultivar,2018-10-20,PH,9,
urb32,53,cultivar,2018-10-20,PH,11,rs+ LD
urb32,550,cultivar,2018-10-20,PH,13.4,H + LD
urb32,618,cultivar,2018-10-20,PH,10,LMP
urb32,635,cultivar,2018-10-20,PH,8.2,LD
urb32,64,cultivar,2018-10-20,PH,7.6,rs
urb32,658,cultivar,2018-10-20,PH,6,H
urb32,72,cultivar,2018-10-20,PH,9.4,rs
nat18,326,native,2019-05-02,PH,8.5,
nat18,480,native,2019-05-02,PH,5.5,
nat18,632,native,2019-05-02,PH,8.6,
nat19,100,native,2019-05-02,PH,7.5,
nat19,183,native,2019-05-02,PH,10.1,
nat19,185,native,2019-05-02,PH,11.3,
nat19,190,native,2019-05-02,PH,11.7,
nat19,22,native,2019-05-02,PH,20.8,
nat19,223,native,2019-05-02,PH,11.8,
nat19,270,native,2019-05-02,PH,13.8,
nat19,275,native,2019-05-02,PH,11.5,
nat19,33,native,2019-05-02,PH,5.5,
nat19,355,native,2019-05-02,PH,13.4,
nat19,364,native,2019-05-02,PH,10.1,
nat19,375,native,2019-05-02,PH,11.5,
nat19,397,native,2019-05-02,PH,9.7,
nat19,430,native,2019-05-02,PH,12.4,
nat19,46,native,2019-05-02,PH,10.1,
nat19,468,native,2019-05-02,PH,9.9,
nat19,482,native,2019-05-02,PH,10.1,
nat19,513,native,2019-05-02,PH,12,
nat19,538,native,2019-05-02,PH,8.5,
nat19,557,native,2019-05-02,PH,8.7,
nat19,596,native,2019-05-02,PH,10,
nat19,606,native,2019-05-02,PH,11.5,
nat19,611,native,2019-05-02,PH,9.1,
nat19,616,native,2019-05-02,PH,11.9,
nat19,627,native,2019-05-02,PH,6.5,
nat19,631,native,2019-05-02,PH,12.8,
nat19,657,native,2019-05-02,PH,10,
nat19,659,native,2019-05-02,PH,11.4,
nat19,76,native,2019-05-02,PH,12,
nat20,301,native,2019-05-02,PH,8.5,
nat20,446,native,2019-05-02,PH,10.5,
nat20,473,native,2019-05-02,PH,14.4,
nat20,519,native,2019-05-02,PH,10.6,
nat20,605,native,2019-05-02,PH,10.4,
nat20,615,native,2019-05-02,PH,8.5,
nat21,332,native,2019-05-02,PH,12.5,
nat21,333,native,2019-05-02,PH,12,
nat21,358,native,2019-05-02,PH,12.4,
nat21,422,native,2019-05-02,PH,9.9,
nat21,500,native,2019-05-02,PH,10.5,
nat21,527,native,2019-05-02,PH,11.1,
nat21,568,native,2019-05-02,PH,14.1,
nat21,573,native,2019-05-02,PH,13,
nat21,68,native,2019-05-02,PH,12.9,
nat22,101,native,2019-05-02,PH,9.5,
nat22,119,native,2019-05-02,PH,12.6,
nat22,142,native,2019-05-02,PH,8.8,
nat22,176,native,2019-05-02,PH,12,
nat22,191,native,2019-05-02,PH,5.2,
nat22,199,native,2019-05-02,PH,10.3,
nat22,25,native,2019-05-02,PH,9.9,
nat22,254,native,2019-05-02,PH,10.2,
nat22,353,native,2019-05-02,PH,13,
nat22,505,native,2019-05-02,PH,6.5,
nat22,535,native,2019-05-02,PH,14,
nat22,609,native,2019-05-02,PH,11.5,
nat22,638,native,2019-05-02,PH,12,
nat23,2,native,2019-05-02,PH,13.6,
nat23,216,native,2019-05-02,PH,11.6,
nat23,244,native,2019-05-02,PH,9.2,
nat23,259,native,2019-05-02,PH,14.4,
nat23,309,native,2019-05-02,PH,5.8,
nat23,380,native,2019-05-02,PH,8.2,
nat23,501,native,2019-05-02,PH,9.5,
nat24,147,native,2019-05-02,PH,12,
nat24,485,native,2019-05-02,PH,10.8,
nat24,489,native,2019-05-02,PH,11.4,
nat24,90,native,2019-05-02,PH,10.9,
nat25,187,native,2019-05-02,PH,8,
nat25,299,native,2019-05-02,PH,9.8,
nat25,433,native,2019-05-02,PH,8.9,
nat25,520,native,2019-05-02,PH,11.5,
nat25,582,native,2019-05-02,PH,10.9,
nat25,613,native,2019-05-02,PH,11.2,
nat26,151,native,2019-05-02,PH,13.5,
nat26,16,native,2019-05-02,PH,7.4,
nat26,182,native,2019-05-02,PH,13.1,
nat26,269,native,2019-05-02,PH,10.5,
nat26,310,native,2019-05-02,PH,9.2,
nat26,338,native,2019-05-02,PH,8.9,
nat26,345,native,2019-05-02,PH,9.6,
nat26,373,native,2019-05-02,PH,11.1,
nat26,402,native,2019-05-02,PH,8.1,
nat26,414,native,2019-05-02,PH,10.8,
nat26,424,native,2019-05-02,PH,11.1,
nat26,47,native,2019-05-02,PH,10.7,
nat26,471,native,2019-05-02,PH,10,
nat26,524,native,2019-05-02,PH,10.4,
nat26,561,native,2019-05-02,PH,12.8,
nat26,625,native,2019-05-02,PH,13.1,
nat27,152,native,2019-05-02,PH,7.4,
nat27,181,native,2019-05-02,PH,10.8,
nat27,206,native,2019-05-02,PH,11,
nat27,260,native,2019-05-02,PH,9,
nat27,347,native,2019-05-02,PH,9.6,
nat27,4,native,2019-05-02,PH,7.8,
nat27,406,native,2019-05-02,PH,8.6,
nat27,455,native,2019-05-02,PH,7.1,
nat27,517,native,2019-05-02,PH,11.5,
nat27,57,native,2019-05-02,PH,7.5,
nat27,655,native,2019-05-02,PH,7.9,
nat28,219,native,2019-05-02,PH,7.9,
nat28,304,native,2019-05-02,PH,7.1,
nat28,351,native,2019-05-02,PH,10.9,
nat28,448,native,2019-05-02,PH,8,
nat28,543,native,2019-05-02,PH,11.9,
nat28,598,native,2019-05-02,PH,6.9,
nat29,122,native,2019-05-02,PH,11.5,
nat29,137,native,2019-05-02,PH,11.4,
nat29,139,native,2019-05-02,PH,9.2,
nat29,153,native,2019-05-02,PH,11,
nat29,188,native,2019-05-02,PH,9.6,
nat29,194,native,2019-05-02,PH,11,
nat29,401,native,2019-05-02,PH,9.5,
nat29,423,native,2019-05-02,PH,8.1,
nat29,479,native,2019-05-02,PH,10.4,
nat29,5,native,2019-05-02,PH,12,
nat29,544,native,2019-05-02,PH,10.9,
nat29,565,native,2019-05-02,PH,12.1,
nat29,620,native,2019-05-02,PH,9.2,
nat29,99,native,2019-05-02,PH,10,
nat30,14,native,2019-05-02,PH,8.5,
nat30,429,native,2019-05-02,PH,6.5,
nat30,451,native,2019-05-02,PH,5.9,
nat30,650,native,2019-05-02,PH,5.9,
nat31,225,native,2019-05-02,PH,11.5,
nat31,279,native,2019-05-02,PH,10.4,
nat32,138,native,2019-05-02,PH,7.8,
nat32,197,native,2019-05-02,PH,13.2,
nat32,214,native,2019-05-02,PH,11.9,
nat32,303,native,2019-05-02,PH,11.5,
nat32,360,native,2019-05-02,PH,11.8,
nat32,385,native,2019-05-02,PH,13.6,
nat32,463,native,2019-05-02,PH,13.8,
nat33,297,native,2019-05-02,PH,10.4,
nat33,352,native,2019-05-02,PH,10.8,
nat33,365,native,2019-05-02,PH,11.5,
urb01,184,cultivar,2019-05-02,PH,12.8,
urb01,200,cultivar,2019-05-02,PH,12.2,
urb01,203,cultivar,2019-05-02,PH,13.2,
urb01,242,cultivar,2019-05-02,PH,11.9,
urb01,253,cultivar,2019-05-02,PH,13.7,
urb01,314,cultivar,2019-05-02,PH,13.1,
urb01,339,cultivar,2019-05-02,PH,13.5,
urb01,450,cultivar,2019-05-02,PH,13.5,
urb01,476,cultivar,2019-05-02,PH,13.5,
urb01,599,cultivar,2019-05-02,PH,9.4,
urb01,634,cultivar,2019-05-02,PH,15.2,
urb01,85,cultivar,2019-05-02,PH,11,
urb03,129,cultivar,2019-05-02,PH,18.5,
urb03,238,cultivar,2019-05-02,PH,9.1,
urb03,239,cultivar,2019-05-02,PH,17.9,
urb03,26,cultivar,2019-05-02,PH,14.1,
urb03,287,cultivar,2019-05-02,PH,13.9,
urb03,357,cultivar,2019-05-02,PH,14.5,
urb03,421,cultivar,2019-05-02,PH,14.9,
urb03,425,cultivar,2019-05-02,PH,12.6,
urb03,426,cultivar,2019-05-02,PH,17,
urb03,435,cultivar,2019-05-02,PH,14.9,
urb03,438,cultivar,2019-05-02,PH,12.1,
urb03,439,cultivar,2019-05-02,PH,11,
urb03,443,cultivar,2019-05-02,PH,13.2,
urb03,454,cultivar,2019-05-02,PH,10.2,
urb03,457,cultivar,2019-05-02,PH,15,
urb03,461,cultivar,2019-05-02,PH,9.7,
urb03,467,cultivar,2019-05-02,PH,11.6,
urb03,494,cultivar,2019-05-02,PH,10.7,
urb03,51,cultivar,2019-05-02,PH,14.6,
urb03,522,cultivar,2019-05-02,PH,12.9,
urb03,536,cultivar,2019-05-02,PH,16.7,
urb03,549,cultivar,2019-05-02,PH,13.8,
urb03,563,cultivar,2019-05-02,PH,16.4,
urb03,595,cultivar,2019-05-02,PH,15.8,
urb03,641,cultivar,2019-05-02,PH,16.9,
urb03,69,cultivar,2019-05-02,PH,12.2,
urb03,78,cultivar,2019-05-02,PH,12,
urb04,111,cultivar,2019-05-02,PH,10,
urb04,19,cultivar,2019-05-02,PH,11.8,
urb04,196,cultivar,2019-05-02,PH,15.7,
urb04,237,cultivar,2019-05-02,PH,15.2,
urb04,289,cultivar,2019-05-02,PH,13,
urb04,31,cultivar,2019-05-02,PH,12,
urb04,329,cultivar,2019-05-02,PH,12.4,
urb04,354,cultivar,2019-05-02,PH,16,
urb04,361,cultivar,2019-05-02,PH,10.1,
urb04,404,cultivar,2019-05-02,PH,11,
urb04,408,cultivar,2019-05-02,PH,15.6,
urb04,43,cultivar,2019-05-02,PH,9,
urb04,44,cultivar,2019-05-02,PH,14.1,
urb04,472,cultivar,2019-05-02,PH,15.1,
urb04,511,cultivar,2019-05-02,PH,10.4,
urb04,526,cultivar,2019-05-02,PH,11.1,
urb04,556,cultivar,2019-05-02,PH,8.2,
urb04,622,cultivar,2019-05-02,PH,9.9,
urb04,636,cultivar,2019-05-02,PH,14.6,
urb04,649,cultivar,2019-05-02,PH,18.5,
urb04,95,cultivar,2019-05-02,PH,12.9,
urb07,106,cultivar,2019-05-02,PH,15.5,
urb07,125,cultivar,2019-05-02,PH,9,
urb07,167,cultivar,2019-05-02,PH,12,
urb07,286,cultivar,2019-05-02,PH,11.8,
urb07,290,cultivar,2019-05-02,PH,13.9,
urb07,3,cultivar,2019-05-02,PH,11,
urb07,302,cultivar,2019-05-02,PH,12.1,
urb07,337,cultivar,2019-05-02,PH,13,
urb07,367,cultivar,2019-05-02,PH,13.6,
urb07,370,cultivar,2019-05-02,PH,10.8,
urb07,38,cultivar,2019-05-02,PH,13.1,
urb07,413,cultivar,2019-05-02,PH,11.9,
urb07,444,cultivar,2019-05-02,PH,11.1,
urb07,456,cultivar,2019-05-02,PH,14.6,
urb07,54,cultivar,2019-05-02,PH,12.5,
urb07,567,cultivar,2019-05-02,PH,13.6,
urb07,574,cultivar,2019-05-02,PH,11.4,
urb07,581,cultivar,2019-05-02,PH,15.9,
urb07,586,cultivar,2019-05-02,PH,10.6,
urb07,92,cultivar,2019-05-02,PH,12,
urb09,1,cultivar,2019-05-02,PH,21.2,
urb09,107,cultivar,2019-05-02,PH,13.4,
urb09,11,cultivar,2019-05-02,PH,15.5,
urb09,112,cultivar,2019-05-02,PH,19.5,
urb09,123,cultivar,2019-05-02,PH,17.9,
urb09,13,cultivar,2019-05-02,PH,16.3,
urb09,130,cultivar,2019-05-02,PH,18.5,
urb09,136,cultivar,2019-05-02,PH,19,
urb09,161,cultivar,2019-05-02,PH,13.6,
urb09,166,cultivar,2019-05-02,PH,16.5,
urb09,168,cultivar,2019-05-02,PH,15.3,
urb09,21,cultivar,2019-05-02,PH,10.8,
urb09,235,cultivar,2019-05-02,PH,15.8,
urb09,281,cultivar,2019-05-02,PH,19.4,
urb09,306,cultivar,2019-05-02,PH,16.8,
urb09,323,cultivar,2019-05-02,PH,12.5,
urb09,368,cultivar,2019-05-02,PH,20.1,
urb09,381,cultivar,2019-05-02,PH,14.5,
urb09,384,cultivar,2019-05-02,PH,9.6,
urb09,407,cultivar,2019-05-02,PH,20,
urb09,493,cultivar,2019-05-02,PH,16.4,
urb09,508,cultivar,2019-05-02,PH,17.8,
urb09,540,cultivar,2019-05-02,PH,20.1,
urb09,554,cultivar,2019-05-02,PH,21.6,
urb09,579,cultivar,2019-05-02,PH,18.1,
urb09,623,cultivar,2019-05-02,PH,18.5,
urb10,201,cultivar,2019-05-02,PH,9.5,
urb10,475,cultivar,2019-05-02,PH,11,
urb10,507,cultivar,2019-05-02,PH,10.5,
urb10,523,cultivar,2019-05-02,PH,13,
urb10,530,cultivar,2019-05-02,PH,12.5,
urb10,547,cultivar,2019-05-02,PH,11.9,
urb10,572,cultivar,2019-05-02,PH,11.4,
urb10,602,cultivar,2019-05-02,PH,10.2,
urb10,97,cultivar,2019-05-02,PH,12.2,
urb10,98,cultivar,2019-05-02,PH,12,
urb11,110,cultivar,2019-05-02,PH,14.5,
urb11,134,cultivar,2019-05-02,PH,13.8,
urb11,145,cultivar,2019-05-02,PH,10.5,
urb11,149,cultivar,2019-05-02,PH,12.9,
urb11,20,cultivar,2019-05-02,PH,11.4,
urb11,229,cultivar,2019-05-02,PH,12,
urb11,261,cultivar,2019-05-02,PH,16,
urb11,325,cultivar,2019-05-02,PH,11.4,
urb11,327,cultivar,2019-05-02,PH,14,
urb11,343,cultivar,2019-05-02,PH,13.9,
urb11,391,cultivar,2019-05-02,PH,12.2,
urb11,498,cultivar,2019-05-02,PH,15.4,
urb11,510,cultivar,2019-05-02,PH,16,
urb11,553,cultivar,2019-05-02,PH,15.4,
urb11,583,cultivar,2019-05-02,PH,13.4,
urb11,591,cultivar,2019-05-02,PH,14.8,
urb11,610,cultivar,2019-05-02,PH,7.4,
urb12,148,cultivar,2019-05-02,PH,11.8,
urb12,193,cultivar,2019-05-02,PH,9.7,
urb12,210,cultivar,2019-05-02,PH,15.7,
urb12,227,cultivar,2019-05-02,PH,9.9,
urb12,246,cultivar,2019-05-02,PH,10.8,
urb12,256,cultivar,2019-05-02,PH,13,
urb12,266,cultivar,2019-05-02,PH,15.5,
urb12,294,cultivar,2019-05-02,PH,15.4,
urb12,319,cultivar,2019-05-02,PH,15.4,
urb12,32,cultivar,2019-05-02,PH,14.4,
urb12,324,cultivar,2019-05-02,PH,12.4,
urb12,36,cultivar,2019-05-02,PH,12.7,
urb12,437,cultivar,2019-05-02,PH,11,
urb12,462,cultivar,2019-05-02,PH,13.4,
urb12,465,cultivar,2019-05-02,PH,14.2,
urb12,496,cultivar,2019-05-02,PH,9.6,
urb12,593,cultivar,2019-05-02,PH,16.2,
urb12,639,cultivar,2019-05-02,PH,12.4,
urb12,640,cultivar,2019-05-02,PH,8.2,
urb13,12,cultivar,2019-05-02,PH,15.8,
urb13,120,cultivar,2019-05-02,PH,14.5,
urb13,156,cultivar,2019-05-02,PH,21,
urb13,245,cultivar,2019-05-02,PH,10.9,
urb13,258,cultivar,2019-05-02,PH,10.1,
urb13,277,cultivar,2019-05-02,PH,17.5,
urb13,292,cultivar,2019-05-02,PH,14.1,
urb13,315,cultivar,2019-05-02,PH,16.2,
urb13,411,cultivar,2019-05-02,PH,12.1,
urb13,637,cultivar,2019-05-02,PH,13,
urb13,654,cultivar,2019-05-02,PH,12,
urb13,82,cultivar,2019-05-02,PH,12,
urb14,126,cultivar,2019-05-02,PH,12.1,
urb14,157,cultivar,2019-05-02,PH,11,
urb14,162,cultivar,2019-05-02,PH,11.4,
urb14,163,cultivar,2019-05-02,PH,12,
urb14,18,cultivar,2019-05-02,PH,13.3,
urb14,217,cultivar,2019-05-02,PH,13.8,
urb14,265,cultivar,2019-05-02,PH,13,
urb14,293,cultivar,2019-05-02,PH,11,
urb14,35,cultivar,2019-05-02,PH,12,
urb14,395,cultivar,2019-05-02,PH,12.9,
urb14,428,cultivar,2019-05-02,PH,14,
urb14,441,cultivar,2019-05-02,PH,13.2,
urb14,453,cultivar,2019-05-02,PH,13.2,
urb14,488,cultivar,2019-05-02,PH,13.9,
urb14,497,cultivar,2019-05-02,PH,10.4,
urb14,529,cultivar,2019-05-02,PH,11.2,
urb14,587,cultivar,2019-05-02,PH,8.8,
urb14,603,cultivar,2019-05-02,PH,14.6,
urb14,652,cultivar,2019-05-02,PH,13,
urb14,9,cultivar,2019-05-02,PH,14.4,
urb17,207,cultivar,2019-05-02,PH,13.4,
urb17,213,cultivar,2019-05-02,PH,9.2,
urb17,250,cultivar,2019-05-02,PH,13,
urb17,276,cultivar,2019-05-02,PH,15,
urb17,280,cultivar,2019-05-02,PH,10.5,
urb17,300,cultivar,2019-05-02,PH,9.6,
urb17,311,cultivar,2019-05-02,PH,15.1,
urb17,410,cultivar,2019-05-02,PH,14.8,
urb17,546,cultivar,2019-05-02,PH,13.9,
urb17,570,cultivar,2019-05-02,PH,11.6,
urb17,617,cultivar,2019-05-02,PH,18.5,
urb17,621,cultivar,2019-05-02,PH,9.7,
urb17,70,cultivar,2019-05-02,PH,15.5,
urb17,80,cultivar,2019-05-02,PH,9.4,
urb18,155,cultivar,2019-05-02,PH,11.7,
urb18,330,cultivar,2019-05-02,PH,13,
urb18,416,cultivar,2019-05-02,PH,10,
urb18,470,cultivar,2019-05-02,PH,12,
urb18,483,cultivar,2019-05-02,PH,14.2,
urb18,509,cultivar,2019-05-02,PH,12.4,
urb18,52,cultivar,2019-05-02,PH,6.1,
urb23,132,cultivar,2019-05-02,PH,8.5,
urb23,143,cultivar,2019-05-02,PH,13,
urb23,178,cultivar,2019-05-02,PH,12.9,
urb23,24,cultivar,2019-05-02,PH,15.4,
urb23,29,cultivar,2019-05-02,PH,11.3,
urb23,313,cultivar,2019-05-02,PH,10.8,
urb23,316,cultivar,2019-05-02,PH,14.8,
urb23,418,cultivar,2019-05-02,PH,13.5,
urb23,528,cultivar,2019-05-02,PH,12.2,
urb23,542,cultivar,2019-05-02,PH,13.6,
urb23,58,cultivar,2019-05-02,PH,7,
urb23,601,cultivar,2019-05-02,PH,17.5,
urb23,604,cultivar,2019-05-02,PH,12,
urb23,645,cultivar,2019-05-02,PH,9.4,
urb23,81,cultivar,2019-05-02,PH,18.2,
urb24,133,cultivar,2019-05-02,PH,15.2,
urb24,160,cultivar,2019-05-02,PH,12.9,
urb24,169,cultivar,2019-05-02,PH,11.1,
urb24,209,cultivar,2019-05-02,PH,13.9,
urb24,234,cultivar,2019-05-02,PH,13.2,
urb24,248,cultivar,2019-05-02,PH,11.5,
urb24,284,cultivar,2019-05-02,PH,10.2,
urb24,431,cultivar,2019-05-02,PH,13.3,
urb24,449,cultivar,2019-05-02,PH,14.1,
urb24,490,cultivar,2019-05-02,PH,9.5,
urb24,516,cultivar,2019-05-02,PH,15,
urb24,585,cultivar,2019-05-02,PH,12.5,
urb24,60,cultivar,2019-05-02,PH,13.1,
urb24,628,cultivar,2019-05-02,PH,13.1,
urb25,173,cultivar,2019-05-02,PH,9.5,
urb25,192,cultivar,2019-05-02,PH,14.4,
urb25,198,cultivar,2019-05-02,PH,11.5,
urb25,335,cultivar,2019-05-02,PH,14.7,
urb25,344,cultivar,2019-05-02,PH,9.5,
urb25,348,cultivar,2019-05-02,PH,11,
urb25,371,cultivar,2019-05-02,PH,15.2,
urb25,374,cultivar,2019-05-02,PH,13.8,
urb25,403,cultivar,2019-05-02,PH,12.2,
urb25,412,cultivar,2019-05-02,PH,11.2,
urb25,415,cultivar,2019-05-02,PH,11.4,
urb25,442,cultivar,2019-05-02,PH,12.7,
urb25,452,cultivar,2019-05-02,PH,14.2,
urb25,458,cultivar,2019-05-02,PH,10.6,
urb25,478,cultivar,2019-05-02,PH,14.2,
urb25,486,cultivar,2019-05-02,PH,13.9,
urb25,518,cultivar,2019-05-02,PH,10.5,
urb25,590,cultivar,2019-05-02,PH,16.5,
urb25,88,cultivar,2019-05-02,PH,13.1,
urb26,109,cultivar,2019-05-02,PH,10,
urb26,180,cultivar,2019-05-02,PH,13.6,
urb26,268,cultivar,2019-05-02,PH,13.8,
urb26,320,cultivar,2019-05-02,PH,13.6,
urb26,356,cultivar,2019-05-02,PH,15.4,
urb26,386,cultivar,2019-05-02,PH,9.2,
urb26,392,cultivar,2019-05-02,PH,10.3,
urb26,427,cultivar,2019-05-02,PH,11.5,
urb26,502,cultivar,2019-05-02,PH,14.9,
urb26,525,cultivar,2019-05-02,PH,13,
urb26,551,cultivar,2019-05-02,PH,10.9,
urb26,578,cultivar,2019-05-02,PH,14.5,
urb26,624,cultivar,2019-05-02,PH,12.5,
urb26,633,cultivar,2019-05-02,PH,14.2,
urb26,661,cultivar,2019-05-02,PH,15.8,
urb28,103,cultivar,2019-05-02,PH,15.5,
urb28,118,cultivar,2019-05-02,PH,17,
urb28,171,cultivar,2019-05-02,PH,14.6,
urb28,205,cultivar,2019-05-02,PH,16.5,
urb28,27,cultivar,2019-05-02,PH,16.6,
urb28,295,cultivar,2019-05-02,PH,12.5,
urb28,318,cultivar,2019-05-02,PH,12.6,
urb28,342,cultivar,2019-05-02,PH,12.9,
urb28,369,cultivar,2019-05-02,PH,15.1,
urb28,387,cultivar,2019-05-02,PH,13.9,
urb28,39,cultivar,2019-05-02,PH,12.9,
urb28,474,cultivar,2019-05-02,PH,15.5,
urb28,49,cultivar,2019-05-02,PH,15,
urb28,50,cultivar,2019-05-02,PH,14.7,
urb28,506,cultivar,2019-05-02,PH,12.2,
urb28,512,cultivar,2019-05-02,PH,14.9,
urb28,541,cultivar,2019-05-02,PH,12.1,
urb28,62,cultivar,2019-05-02,PH,13.5,
urb28,660,cultivar,2019-05-02,PH,12.1,
urb28,75,cultivar,2019-05-02,PH,10.8,
urb29,113,cultivar,2019-05-02,PH,12,
urb29,124,cultivar,2019-05-02,PH,14,
urb29,165,cultivar,2019-05-02,PH,13.8,
urb29,363,cultivar,2019-05-02,PH,12,
urb29,394,cultivar,2019-05-02,PH,14.2,
urb29,400,cultivar,2019-05-02,PH,12.5,
urb29,504,cultivar,2019-05-02,PH,10.8,
urb29,552,cultivar,2019-05-02,PH,6.4,
urb31,108,cultivar,2019-05-02,PH,15.9,
urb31,220,cultivar,2019-05-02,PH,11,
urb31,231,cultivar,2019-05-02,PH,11.3,
urb31,233,cultivar,2019-05-02,PH,11,
urb31,247,cultivar,2019-05-02,PH,8.9,
urb31,308,cultivar,2019-05-02,PH,12.5,
urb31,346,cultivar,2019-05-02,PH,9.1,
urb31,372,cultivar,2019-05-02,PH,16.2,
urb31,434,cultivar,2019-05-02,PH,12.6,
urb31,460,cultivar,2019-05-02,PH,8.4,
urb31,481,cultivar,2019-05-02,PH,9,
urb31,495,cultivar,2019-05-02,PH,12.3,
urb31,514,cultivar,2019-05-02,PH,11,
urb31,539,cultivar,2019-05-02,PH,12,
urb31,55,cultivar,2019-05-02,PH,9.9,
urb31,576,cultivar,2019-05-02,PH,15,
urb31,588,cultivar,2019-05-02,PH,15.7,
urb31,59,cultivar,2019-05-02,PH,13.5,
urb31,612,cultivar,2019-05-02,PH,16.9,
urb31,63,cultivar,2019-05-02,PH,14.1,
urb31,644,cultivar,2019-05-02,PH,10.2,
urb32,189,cultivar,2019-05-02,PH,12.4,
urb32,208,cultivar,2019-05-02,PH,11.4,
urb32,264,cultivar,2019-05-02,PH,13.3,
urb32,350,cultivar,2019-05-02,PH,13.6,
urb32,366,cultivar,2019-05-02,PH,15,
urb32,378,cultivar,2019-05-02,PH,11.9,
urb32,379,cultivar,2019-05-02,PH,13.6,
urb32,382,cultivar,2019-05-02,PH,13.6,
urb32,390,cultivar,2019-05-02,PH,14.4,
urb32,42,cultivar,2019-05-02,PH,14,
urb32,420,cultivar,2019-05-02,PH,12,
urb32,45,cultivar,2019-05-02,PH,13.5,
urb32,53,cultivar,2019-05-02,PH,8.6,
urb32,550,cultivar,2019-05-02,PH,17.8,
urb32,618,cultivar,2019-05-02,PH,13.5,
urb32,635,cultivar,2019-05-02,PH,12.5,
urb32,64,cultivar,2019-05-02,PH,12.6,
urb32,658,cultivar,2019-05-02,PH,8.5,
urb32,72,cultivar,2019-05-02,PH,14.5,
nat18,326,native,2019-06-13,PH,15.2,
nat18,480,native,2019-06-13,PH,7,
nat18,632,native,2019-06-13,PH,12,
nat19,100,native,2019-06-13,PH,11.5,
nat19,183,native,2019-06-13,PH,12,
nat19,185,native,2019-06-13,PH,15,
nat19,190,native,2019-06-13,PH,13,
nat19,22,native,2019-06-13,PH,21,
nat19,223,native,2019-06-13,PH,18.5,
nat19,270,native,2019-06-13,PH,11.5,
nat19,275,native,2019-06-13,PH,19,
nat19,33,native,2019-06-13,PH,4.8,
nat19,355,native,2019-06-13,PH,21.5,
nat19,364,native,2019-06-13,PH,17,
nat19,375,native,2019-06-13,PH,18,
nat19,397,native,2019-06-13,PH,14,
nat19,430,native,2019-06-13,PH,19,
nat19,46,native,2019-06-13,PH,16,
nat19,468,native,2019-06-13,PH,13.5,
nat19,482,native,2019-06-13,PH,15,
nat19,513,native,2019-06-13,PH,22.5,
nat19,538,native,2019-06-13,PH,16.5,
nat19,557,native,2019-06-13,PH,13,
nat19,596,native,2019-06-13,PH,15,
nat19,606,native,2019-06-13,PH,18,
nat19,611,native,2019-06-13,PH,14,
nat19,616,native,2019-06-13,PH,17,
nat19,627,native,2019-06-13,PH,6,
nat19,631,native,2019-06-13,PH,21.5,
nat19,657,native,2019-06-13,PH,16.5,
nat19,659,native,2019-06-13,PH,16.3,
nat19,76,native,2019-06-13,PH,18,
nat20,301,native,2019-06-13,PH,10.5,
nat20,446,native,2019-06-13,PH,17,
nat20,473,native,2019-06-13,PH,19,
nat20,519,native,2019-06-13,PH,16,
nat20,605,native,2019-06-13,PH,13,
nat20,615,native,2019-06-13,PH,16.8,
nat21,332,native,2019-06-13,PH,14,
nat21,333,native,2019-06-13,PH,18,
nat21,358,native,2019-06-13,PH,18.5,
nat21,422,native,2019-06-13,PH,14,
nat21,500,native,2019-06-13,PH,11,
nat21,527,native,2019-06-13,PH,18,
nat21,568,native,2019-06-13,PH,21.2,
nat21,573,native,2019-06-13,PH,24,
nat21,68,native,2019-06-13,PH,17.5,
nat22,101,native,2019-06-13,PH,14,
nat22,119,native,2019-06-13,PH,18,
nat22,142,native,2019-06-13,PH,12.5,
nat22,176,native,2019-06-13,PH,13.5,
nat22,191,native,2019-06-13,PH,7,
nat22,199,native,2019-06-13,PH,14,
nat22,25,native,2019-06-13,PH,15,
nat22,254,native,2019-06-13,PH,16.5,
nat22,353,native,2019-06-13,PH,15.5,
nat22,505,native,2019-06-13,PH,11,
nat22,535,native,2019-06-13,PH,19,
nat22,609,native,2019-06-13,PH,18.5,
nat22,638,native,2019-06-13,PH,19,
nat23,2,native,2019-06-13,PH,19.5,
nat23,216,native,2019-06-13,PH,11.5,
nat23,244,native,2019-06-13,PH,8,
nat23,259,native,2019-06-13,PH,15,
nat23,309,native,2019-06-13,PH,8.8,
nat23,380,native,2019-06-13,PH,14.2,
nat23,501,native,2019-06-13,PH,15.2,
nat24,147,native,2019-06-13,PH,17,
nat24,485,native,2019-06-13,PH,17,
nat24,489,native,2019-06-13,PH,14,
nat24,90,native,2019-06-13,PH,16,
nat25,187,native,2019-06-13,PH,13,
nat25,299,native,2019-06-13,PH,10,
nat25,433,native,2019-06-13,PH,14,
nat25,520,native,2019-06-13,PH,19,
nat25,582,native,2019-06-13,PH,19,
nat25,613,native,2019-06-13,PH,16.8,
nat26,151,native,2019-06-13,PH,15,
nat26,16,native,2019-06-13,PH,9,
nat26,182,native,2019-06-13,PH,20.5,
nat26,269,native,2019-06-13,PH,13,
nat26,310,native,2019-06-13,PH,14,
nat26,338,native,2019-06-13,PH,13,
nat26,345,native,2019-06-13,PH,15.5,
nat26,373,native,2019-06-13,PH,17.5,
nat26,402,native,2019-06-13,PH,11,
nat26,414,native,2019-06-13,PH,14,
nat26,424,native,2019-06-13,PH,15,
nat26,47,native,2019-06-13,PH,18,
nat26,471,native,2019-06-13,PH,14.5,
nat26,524,native,2019-06-13,PH,16,
nat26,561,native,2019-06-13,PH,21.5,
nat26,625,native,2019-06-13,PH,22,
nat27,152,native,2019-06-13,PH,11,
nat27,181,native,2019-06-13,PH,18,
nat27,206,native,2019-06-13,PH,14,
nat27,260,native,2019-06-13,PH,12.5,
nat27,347,native,2019-06-13,PH,11,
nat27,4,native,2019-06-13,PH,12.5,
nat27,406,native,2019-06-13,PH,9,
nat27,455,native,2019-06-13,PH,9,
nat27,517,native,2019-06-13,PH,19,
nat27,57,native,2019-06-13,PH,9.5,
nat27,655,native,2019-06-13,PH,10,
nat28,219,native,2019-06-13,PH,10.5,
nat28,304,native,2019-06-13,PH,11,
nat28,351,native,2019-06-13,PH,15.8,
nat28,448,native,2019-06-13,PH,14.5,
nat28,543,native,2019-06-13,PH,19,
nat28,598,native,2019-06-13,PH,8,
nat29,122,native,2019-06-13,PH,18,
nat29,137,native,2019-06-13,PH,13.5,
nat29,139,native,2019-06-13,PH,13.5,
nat29,153,native,2019-06-13,PH,17,
nat29,188,native,2019-06-13,PH,13,
nat29,194,native,2019-06-13,PH,15.5,
nat29,401,native,2019-06-13,PH,15,
nat29,423,native,2019-06-13,PH,11,
nat29,479,native,2019-06-13,PH,15.5,
nat29,5,native,2019-06-13,PH,20,
nat29,544,native,2019-06-13,PH,15,
nat29,565,native,2019-06-13,PH,20.2,
nat29,620,native,2019-06-13,PH,15.2,
nat29,99,native,2019-06-13,PH,10,
nat30,14,native,2019-06-13,PH,10,
nat30,429,native,2019-06-13,PH,8.5,
nat30,451,native,2019-06-13,PH,8.5,
nat30,650,native,2019-06-13,PH,7.9,
nat31,225,native,2019-06-13,PH,12,
nat31,279,native,2019-06-13,PH,16.5,
nat32,138,native,2019-06-13,PH,6,
nat32,197,native,2019-06-13,PH,13,
nat32,214,native,2019-06-13,PH,15,
nat32,303,native,2019-06-13,PH,16.5,
nat32,360,native,2019-06-13,PH,20.5,
nat32,385,native,2019-06-13,PH,20.5,
nat32,463,native,2019-06-13,PH,17.2,
nat33,297,native,2019-06-13,PH,11,
nat33,352,native,2019-06-13,PH,16,
nat33,365,native,2019-06-13,PH,16,
urb01,184,cultivar,2019-06-13,PH,20,
urb01,200,cultivar,2019-06-13,PH,18.5,
urb01,203,cultivar,2019-06-13,PH,15.2,
urb01,242,cultivar,2019-06-13,PH,18,
urb01,253,cultivar,2019-06-13,PH,23.5,
urb01,314,cultivar,2019-06-13,PH,15.8,
urb01,339,cultivar,2019-06-13,PH,16,
urb01,450,cultivar,2019-06-13,PH,16.5,
urb01,476,cultivar,2019-06-13,PH,21.2,
urb01,599,cultivar,2019-06-13,PH,13,
urb01,634,cultivar,2019-06-13,PH,28,
urb01,85,cultivar,2019-06-13,PH,15,
urb03,129,cultivar,2019-06-13,PH,20,
urb03,238,cultivar,2019-06-13,PH,12.5,
urb03,239,cultivar,2019-06-13,PH,21,
urb03,26,cultivar,2019-06-13,PH,23,
urb03,287,cultivar,2019-06-13,PH,20,
urb03,357,cultivar,2019-06-13,PH,24.6,
urb03,421,cultivar,2019-06-13,PH,23,
urb03,425,cultivar,2019-06-13,PH,17,
urb03,426,cultivar,2019-06-13,PH,21.2,
urb03,435,cultivar,2019-06-13,PH,23.5,
urb03,438,cultivar,2019-06-13,PH,19.5,
urb03,439,cultivar,2019-06-13,PH,15,
urb03,443,cultivar,2019-06-13,PH,21,
urb03,454,cultivar,2019-06-13,PH,16.2,
urb03,457,cultivar,2019-06-13,PH,19,
urb03,461,cultivar,2019-06-13,PH,12.5,
urb03,467,cultivar,2019-06-13,PH,15.5,
urb03,494,cultivar,2019-06-13,PH,16.2,
urb03,51,cultivar,2019-06-13,PH,16,
urb03,522,cultivar,2019-06-13,PH,19,
urb03,536,cultivar,2019-06-13,PH,29.5,
urb03,549,cultivar,2019-06-13,PH,20,
urb03,563,cultivar,2019-06-13,PH,24,
urb03,595,cultivar,2019-06-13,PH,24.5,
urb03,641,cultivar,2019-06-13,PH,23.2,
urb03,69,cultivar,2019-06-13,PH,16,
urb03,78,cultivar,2019-06-13,PH,19,
urb04,111,cultivar,2019-06-13,PH,15,
urb04,19,cultivar,2019-06-13,PH,17,
urb04,196,cultivar,2019-06-13,PH,18,
urb04,237,cultivar,2019-06-13,PH,21.5,
urb04,289,cultivar,2019-06-13,PH,18,
urb04,31,cultivar,2019-06-13,PH,15.5,
urb04,329,cultivar,2019-06-13,PH,14.7,
urb04,354,cultivar,2019-06-13,PH,20.2,
urb04,361,cultivar,2019-06-13,PH,15.5,
urb04,404,cultivar,2019-06-13,PH,16.5,
urb04,408,cultivar,2019-06-13,PH,20.5,
urb04,43,cultivar,2019-06-13,PH,13.5,
urb04,44,cultivar,2019-06-13,PH,19,
urb04,472,cultivar,2019-06-13,PH,24,
urb04,491,cultivar,2019-06-13,PH,16.5,
urb04,511,cultivar,2019-06-13,PH,13.5,
urb04,526,cultivar,2019-06-13,PH,16.8,
urb04,556,cultivar,2019-06-13,PH,9,
urb04,622,cultivar,2019-06-13,PH,14,
urb04,636,cultivar,2019-06-13,PH,23.8,
urb04,649,cultivar,2019-06-13,PH,29,
urb04,95,cultivar,2019-06-13,PH,14.5,
urb07,106,cultivar,2019-06-13,PH,19,
urb07,125,cultivar,2019-06-13,PH,12,
urb07,167,cultivar,2019-06-13,PH,13.5,
urb07,286,cultivar,2019-06-13,PH,15,
urb07,290,cultivar,2019-06-13,PH,19.5,
urb07,3,cultivar,2019-06-13,PH,20,
urb07,302,cultivar,2019-06-13,PH,17.5,
urb07,337,cultivar,2019-06-13,PH,16.5,
urb07,367,cultivar,2019-06-13,PH,20.5,
urb07,370,cultivar,2019-06-13,PH,14,
urb07,38,cultivar,2019-06-13,PH,19.8,
urb07,413,cultivar,2019-06-13,PH,16.5,
urb07,444,cultivar,2019-06-13,PH,14,
urb07,456,cultivar,2019-06-13,PH,20.5,
urb07,54,cultivar,2019-06-13,PH,18,
urb07,567,cultivar,2019-06-13,PH,19.3,
urb07,574,cultivar,2019-06-13,PH,14.2,
urb07,581,cultivar,2019-06-13,PH,27,
urb07,586,cultivar,2019-06-13,PH,11,
urb07,92,cultivar,2019-06-13,PH,17,
urb09,1,cultivar,2019-06-13,PH,30,
urb09,107,cultivar,2019-06-13,PH,17,
urb09,11,cultivar,2019-06-13,PH,21,
urb09,112,cultivar,2019-06-13,PH,24.5,
urb09,123,cultivar,2019-06-13,PH,25,
urb09,13,cultivar,2019-06-13,PH,23.5,
urb09,130,cultivar,2019-06-13,PH,26,
urb09,136,cultivar,2019-06-13,PH,23.5,
urb09,161,cultivar,2019-06-13,PH,18,
urb09,166,cultivar,2019-06-13,PH,16,
urb09,168,cultivar,2019-06-13,PH,19,
urb09,21,cultivar,2019-06-13,PH,29,
urb09,235,cultivar,2019-06-13,PH,22,
urb09,281,cultivar,2019-06-13,PH,26.8,
urb09,306,cultivar,2019-06-13,PH,23.6,
urb09,323,cultivar,2019-06-13,PH,19,
urb09,368,cultivar,2019-06-13,PH,26,
urb09,381,cultivar,2019-06-13,PH,21.5,
urb09,384,cultivar,2019-06-13,PH,13.5,
urb09,407,cultivar,2019-06-13,PH,33,
urb09,493,cultivar,2019-06-13,PH,24,
urb09,508,cultivar,2019-06-13,PH,23,
urb09,540,cultivar,2019-06-13,PH,32,
urb09,554,cultivar,2019-06-13,PH,30,
urb09,579,cultivar,2019-06-13,PH,22,
urb09,623,cultivar,2019-06-13,PH,30.2,
urb10,201,cultivar,2019-06-13,PH,11.8,
urb10,475,cultivar,2019-06-13,PH,21,
urb10,507,cultivar,2019-06-13,PH,15,
urb10,523,cultivar,2019-06-13,PH,18,
urb10,530,cultivar,2019-06-13,PH,20.2,
urb10,547,cultivar,2019-06-13,PH,22.5,
urb10,572,cultivar,2019-06-13,PH,16,
urb10,602,cultivar,2019-06-13,PH,19,
urb10,97,cultivar,2019-06-13,PH,16.5,
urb10,98,cultivar,2019-06-13,PH,18,
urb11,110,cultivar,2019-06-13,PH,19,
urb11,134,cultivar,2019-06-13,PH,21,
urb11,145,cultivar,2019-06-13,PH,14,
urb11,149,cultivar,2019-06-13,PH,19,
urb11,20,cultivar,2019-06-13,PH,17,
urb11,229,cultivar,2019-06-13,PH,14.5,
urb11,261,cultivar,2019-06-13,PH,22,
urb11,325,cultivar,2019-06-13,PH,16.8,
urb11,327,cultivar,2019-06-13,PH,19.5,
urb11,343,cultivar,2019-06-13,PH,19.5,
urb11,391,cultivar,2019-06-13,PH,20,
urb11,498,cultivar,2019-06-13,PH,24,
urb11,510,cultivar,2019-06-13,PH,24,
urb11,553,cultivar,2019-06-13,PH,24.2,
urb11,583,cultivar,2019-06-13,PH,22,
urb11,591,cultivar,2019-06-13,PH,26,
urb11,610,cultivar,2019-06-13,PH,9.8,
urb12,148,cultivar,2019-06-13,PH,12.5,
urb12,193,cultivar,2019-06-13,PH,12,
urb12,210,cultivar,2019-06-13,PH,21,
urb12,227,cultivar,2019-06-13,PH,14,
urb12,246,cultivar,2019-06-13,PH,12.7,
urb12,256,cultivar,2019-06-13,PH,16.5,
urb12,266,cultivar,2019-06-13,PH,19,
urb12,294,cultivar,2019-06-13,PH,22,
urb12,319,cultivar,2019-06-13,PH,18.4,
urb12,32,cultivar,2019-06-13,PH,19,
urb12,324,cultivar,2019-06-13,PH,14.5,
urb12,36,cultivar,2019-06-13,PH,15.2,
urb12,437,cultivar,2019-06-13,PH,17.5,
urb12,465,cultivar,2019-06-13,PH,18.5,
urb12,496,cultivar,2019-06-13,PH,24,
urb12,593,cultivar,2019-06-13,PH,26.5,
urb12,639,cultivar,2019-06-13,PH,19.4,
urb12,640,cultivar,2019-06-13,PH,10,
urb13,12,cultivar,2019-06-13,PH,25,
urb13,120,cultivar,2019-06-13,PH,18,
urb13,156,cultivar,2019-06-13,PH,18,
urb13,245,cultivar,2019-06-13,PH,15.2,
urb13,277,cultivar,2019-06-13,PH,27,
urb13,292,cultivar,2019-06-13,PH,17,
urb13,315,cultivar,2019-06-13,PH,19,
urb13,411,cultivar,2019-06-13,PH,19,
urb13,637,cultivar,2019-06-13,PH,14,
urb13,654,cultivar,2019-06-13,PH,15,
urb13,82,cultivar,2019-06-13,PH,23.5,
urb14,126,cultivar,2019-06-13,PH,18,
urb14,157,cultivar,2019-06-13,PH,14.5,
urb14,162,cultivar,2019-06-13,PH,15,
urb14,163,cultivar,2019-06-13,PH,16.5,
urb14,18,cultivar,2019-06-13,PH,15,
urb14,217,cultivar,2019-06-13,PH,15,
urb14,265,cultivar,2019-06-13,PH,20,
urb14,293,cultivar,2019-06-13,PH,16.5,
urb14,35,cultivar,2019-06-13,PH,14,
urb14,395,cultivar,2019-06-13,PH,22,
urb14,428,cultivar,2019-06-13,PH,17.2,
urb14,441,cultivar,2019-06-13,PH,21.5,
urb14,453,cultivar,2019-06-13,PH,19,
urb14,488,cultivar,2019-06-13,PH,21,
urb14,497,cultivar,2019-06-13,PH,13.5,
urb14,529,cultivar,2019-06-13,PH,13.2,
urb14,587,cultivar,2019-06-13,PH,9.5,
urb14,603,cultivar,2019-06-13,PH,19.2,
urb14,652,cultivar,2019-06-13,PH,21,
urb14,9,cultivar,2019-06-13,PH,16,
urb17,207,cultivar,2019-06-13,PH,19.5,
urb17,213,cultivar,2019-06-13,PH,10.5,
urb17,250,cultivar,2019-06-13,PH,18,
urb17,276,cultivar,2019-06-13,PH,18.5,
urb17,280,cultivar,2019-06-13,PH,11.2,
urb17,300,cultivar,2019-06-13,PH,15,
urb17,311,cultivar,2019-06-13,PH,24,
urb17,410,cultivar,2019-06-13,PH,16,
urb17,546,cultivar,2019-06-13,PH,22.5,
urb17,570,cultivar,2019-06-13,PH,18,
urb17,617,cultivar,2019-06-13,PH,24,
urb17,621,cultivar,2019-06-13,PH,13.5,
urb17,70,cultivar,2019-06-13,PH,24,
urb17,80,cultivar,2019-06-13,PH,9,
urb18,155,cultivar,2019-06-13,PH,12.5,
urb18,330,cultivar,2019-06-13,PH,17,
urb18,416,cultivar,2019-06-13,PH,15,
urb18,470,cultivar,2019-06-13,PH,21.5,
urb18,483,cultivar,2019-06-13,PH,18,
urb18,509,cultivar,2019-06-13,PH,16.5,
urb18,52,cultivar,2019-06-13,PH,5.8,
urb23,132,cultivar,2019-06-13,PH,9.5,
urb23,143,cultivar,2019-06-13,PH,17.5,
urb23,178,cultivar,2019-06-13,PH,18.5,
urb23,24,cultivar,2019-06-13,PH,21,
urb23,29,cultivar,2019-06-13,PH,11,
urb23,313,cultivar,2019-06-13,PH,14.5,
urb23,316,cultivar,2019-06-13,PH,17.2,
urb23,418,cultivar,2019-06-13,PH,19.5,
urb23,528,cultivar,2019-06-13,PH,19.5,
urb23,542,cultivar,2019-06-13,PH,20,
urb23,58,cultivar,2019-06-13,PH,9,
urb23,601,cultivar,2019-06-13,PH,24.6,
urb23,604,cultivar,2019-06-13,PH,21,
urb23,645,cultivar,2019-06-13,PH,10,
urb23,81,cultivar,2019-06-13,PH,23,
urb24,133,cultivar,2019-06-13,PH,22.5,
urb24,160,cultivar,2019-06-13,PH,15,
urb24,169,cultivar,2019-06-13,PH,14.5,
urb24,209,cultivar,2019-06-13,PH,18,
urb24,234,cultivar,2019-06-13,PH,19,
urb24,248,cultivar,2019-06-13,PH,17.5,
urb24,284,cultivar,2019-06-13,PH,12,
urb24,431,cultivar,2019-06-13,PH,19,
urb24,449,cultivar,2019-06-13,PH,19.8,
urb24,490,cultivar,2019-06-13,PH,9.2,
urb24,516,cultivar,2019-06-13,PH,21,
urb24,585,cultivar,2019-06-13,PH,16,
urb24,60,cultivar,2019-06-13,PH,20.5,
urb24,628,cultivar,2019-06-13,PH,21.2,
urb25,173,cultivar,2019-06-13,PH,15,
urb25,192,cultivar,2019-06-13,PH,20.5,
urb25,198,cultivar,2019-06-13,PH,16.5,
urb25,335,cultivar,2019-06-13,PH,23.5,
urb25,344,cultivar,2019-06-13,PH,15.2,
urb25,348,cultivar,2019-06-13,PH,15.5,
urb25,371,cultivar,2019-06-13,PH,15,
urb25,374,cultivar,2019-06-13,PH,15.5,
urb25,403,cultivar,2019-06-13,PH,16,
urb25,412,cultivar,2019-06-13,PH,14,
urb25,415,cultivar,2019-06-13,PH,16,
urb25,442,cultivar,2019-06-13,PH,21,
urb25,452,cultivar,2019-06-13,PH,20,
urb25,458,cultivar,2019-06-13,PH,17,
urb25,478,cultivar,2019-06-13,PH,25.2,
urb25,486,cultivar,2019-06-13,PH,22.5,
urb25,518,cultivar,2019-06-13,PH,17,
urb25,590,cultivar,2019-06-13,PH,20,
urb25,88,cultivar,2019-06-13,PH,25,
urb26,109,cultivar,2019-06-13,PH,14.5,
urb26,180,cultivar,2019-06-13,PH,18,
urb26,268,cultivar,2019-06-13,PH,15.5,
urb26,320,cultivar,2019-06-13,PH,22.5,
urb26,356,cultivar,2019-06-13,PH,26.5,
urb26,386,cultivar,2019-06-13,PH,15,
urb26,392,cultivar,2019-06-13,PH,15,
urb26,427,cultivar,2019-06-13,PH,16,
urb26,502,cultivar,2019-06-13,PH,19.5,
urb26,525,cultivar,2019-06-13,PH,16,
urb26,551,cultivar,2019-06-13,PH,19,
urb26,578,cultivar,2019-06-13,PH,17,
urb26,624,cultivar,2019-06-13,PH,18,
urb26,633,cultivar,2019-06-13,PH,23,
urb26,661,cultivar,2019-06-13,PH,22,
urb28,103,cultivar,2019-06-13,PH,19,
urb28,118,cultivar,2019-06-13,PH,24.5,
urb28,171,cultivar,2019-06-13,PH,19,
urb28,205,cultivar,2019-06-13,PH,22.5,
urb28,27,cultivar,2019-06-13,PH,25,
urb28,295,cultivar,2019-06-13,PH,16,
urb28,342,cultivar,2019-06-13,PH,13,
urb28,369,cultivar,2019-06-13,PH,21.5,
urb28,387,cultivar,2019-06-13,PH,21,
urb28,39,cultivar,2019-06-13,PH,22,
urb28,474,cultivar,2019-06-13,PH,23.2,
urb28,49,cultivar,2019-06-13,PH,21,
urb28,50,cultivar,2019-06-13,PH,18.2,
urb28,506,cultivar,2019-06-13,PH,20,
urb28,512,cultivar,2019-06-13,PH,23.5,
urb28,541,cultivar,2019-06-13,PH,19,
urb28,62,cultivar,2019-06-13,PH,18,
urb28,660,cultivar,2019-06-13,PH,21.1,
urb28,75,cultivar,2019-06-13,PH,14,
urb29,113,cultivar,2019-06-13,PH,17,
urb29,124,cultivar,2019-06-13,PH,17.5,
urb29,165,cultivar,2019-06-13,PH,15.5,
urb29,363,cultivar,2019-06-13,PH,20,
urb29,394,cultivar,2019-06-13,PH,21,
urb29,400,cultivar,2019-06-13,PH,16.5,
urb29,504,cultivar,2019-06-13,PH,12.5,
urb29,552,cultivar,2019-06-13,PH,8.5,
urb31,108,cultivar,2019-06-13,PH,22,
urb31,220,cultivar,2019-06-13,PH,13.5,
urb31,231,cultivar,2019-06-13,PH,13,
urb31,233,cultivar,2019-06-13,PH,13,
urb31,247,cultivar,2019-06-13,PH,9.6,
urb31,308,cultivar,2019-06-13,PH,17,
urb31,346,cultivar,2019-06-13,PH,11,
urb31,372,cultivar,2019-06-13,PH,20.5,
urb31,434,cultivar,2019-06-13,PH,18,
urb31,460,cultivar,2019-06-13,PH,12,
urb31,481,cultivar,2019-06-13,PH,12.5,
urb31,495,cultivar,2019-06-13,PH,16,
urb31,514,cultivar,2019-06-13,PH,16.5,
urb31,539,cultivar,2019-06-13,PH,17.4,
urb31,55,cultivar,2019-06-13,PH,13.5,
urb31,576,cultivar,2019-06-13,PH,18,
urb31,588,cultivar,2019-06-13,PH,21.2,
urb31,59,cultivar,2019-06-13,PH,20,
urb31,612,cultivar,2019-06-13,PH,23.5,
urb31,63,cultivar,2019-06-13,PH,21,
urb31,644,cultivar,2019-06-13,PH,12.8,
urb32,189,cultivar,2019-06-13,PH,14.2,
urb32,208,cultivar,2019-06-13,PH,16,
urb32,264,cultivar,2019-06-13,PH,23,
urb32,350,cultivar,2019-06-13,PH,15,
urb32,366,cultivar,2019-06-13,PH,17,
urb32,378,cultivar,2019-06-13,PH,20,
urb32,379,cultivar,2019-06-13,PH,19.5,
urb32,382,cultivar,2019-06-13,PH,19,
urb32,390,cultivar,2019-06-13,PH,21.5,
urb32,42,cultivar,2019-06-13,PH,21,
urb32,420,cultivar,2019-06-13,PH,17.5,
urb32,45,cultivar,2019-06-13,PH,20,
urb32,53,cultivar,2019-06-13,PH,11,
urb32,550,cultivar,2019-06-13,PH,25,
urb32,618,cultivar,2019-06-13,PH,22.8,
urb32,635,cultivar,2019-06-13,PH,18.5,
urb32,64,cultivar,2019-06-13,PH,21,
urb32,658,cultivar,2019-06-13,PH,11.1,
urb32,72,cultivar,2019-06-13,PH,21,
nat18,326,native,2019-09-18,PH,14.8,
nat18,480,native,2019-09-18,PH,15,
nat18,632,native,2019-09-18,PH,18.6,
nat19,100,native,2019-09-18,PH,9.2,
nat19,183,native,2019-09-18,PH,15,
nat19,185,native,2019-09-18,PH,17,
nat19,190,native,2019-09-18,PH,19.6,
nat19,22,native,2019-09-18,PH,20.5,
nat19,223,native,2019-09-18,PH,22.1,
nat19,270,native,2019-09-18,PH,15.7,
nat19,275,native,2019-09-18,PH,19.6,
nat19,33,native,2019-09-18,PH,10,
nat19,355,native,2019-09-18,PH,26.4,
nat19,364,native,2019-09-18,PH,25.1,
nat19,375,native,2019-09-18,PH,20.1,
nat19,397,native,2019-09-18,PH,16,
nat19,430,native,2019-09-18,PH,21.1,
nat19,46,native,2019-09-18,PH,20.5,
nat19,482,native,2019-09-18,PH,20,
nat19,513,native,2019-09-18,PH,26.9,
nat19,538,native,2019-09-18,PH,21.9,
nat19,557,native,2019-09-18,PH,18,
nat19,596,native,2019-09-18,PH,14.8,
nat19,606,native,2019-09-18,PH,24.8,
nat19,611,native,2019-09-18,PH,22.6,
nat19,616,native,2019-09-18,PH,21.6,
nat19,627,native,2019-09-18,PH,7.6,
nat19,631,native,2019-09-18,PH,26,
nat19,657,native,2019-09-18,PH,19,
nat19,659,native,2019-09-18,PH,18.8,
nat19,76,native,2019-09-18,PH,21,
nat20,301,native,2019-09-18,PH,15.1,
nat20,446,native,2019-09-18,PH,20.7,
nat20,473,native,2019-09-18,PH,22.1,
nat20,519,native,2019-09-18,PH,17.1,
nat20,605,native,2019-09-18,PH,19.1,
nat20,615,native,2019-09-18,PH,16.6,
nat21,332,native,2019-09-18,PH,17.8,
nat21,333,native,2019-09-18,PH,20.7,
nat21,358,native,2019-09-18,PH,25.6,
nat21,422,native,2019-09-18,PH,17.5,
nat21,500,native,2019-09-18,PH,21.2,
nat21,527,native,2019-09-18,PH,24.4,
nat21,568,native,2019-09-18,PH,25.8,
nat21,573,native,2019-09-18,PH,35,
nat21,68,native,2019-09-18,PH,20.6,
nat22,101,native,2019-09-18,PH,13.2,
nat22,119,native,2019-09-18,PH,18.5,
nat22,142,native,2019-09-18,PH,16.5,
nat22,176,native,2019-09-18,PH,14.3,
nat22,191,native,2019-09-18,PH,9.1,
nat22,199,native,2019-09-18,PH,15.1,
nat22,25,native,2019-09-18,PH,17,
nat22,254,native,2019-09-18,PH,18.9,
nat22,353,native,2019-09-18,PH,24.1,
nat22,505,native,2019-09-18,PH,13,
nat22,535,native,2019-09-18,PH,21.4,
nat22,609,native,2019-09-18,PH,23.9,
nat22,638,native,2019-09-18,PH,22.6,
nat23,2,native,2019-09-18,PH,24.1,
nat23,216,native,2019-09-18,PH,17.3,
nat23,244,native,2019-09-18,PH,20.2,
nat23,259,native,2019-09-18,PH,20.4,
nat23,309,native,2019-09-18,PH,12.1,
nat23,380,native,2019-09-18,PH,17.6,
nat23,501,native,2019-09-18,PH,19,
nat24,147,native,2019-09-18,PH,20,
nat24,485,native,2019-09-18,PH,27.5,
nat24,489,native,2019-09-18,PH,23.5,
nat24,90,native,2019-09-18,PH,18.6,
nat25,187,native,2019-09-18,PH,14.2,
nat25,299,native,2019-09-18,PH,12,
nat25,433,native,2019-09-18,PH,18.6,
nat25,520,native,2019-09-18,PH,20.1,
nat25,582,native,2019-09-18,PH,21.5,
nat25,613,native,2019-09-18,PH,21.2,
nat26,151,native,2019-09-18,PH,22,
nat26,16,native,2019-09-18,PH,10,
nat26,182,native,2019-09-18,PH,25.3,
nat26,269,native,2019-09-18,PH,19.1,
nat26,310,native,2019-09-18,PH,17.7,
nat26,338,native,2019-09-18,PH,12.6,
nat26,345,native,2019-09-18,PH,19.9,
nat26,373,native,2019-09-18,PH,25.8,
nat26,402,native,2019-09-18,PH,19.4,
nat26,414,native,2019-09-18,PH,17.5,
nat26,424,native,2019-09-18,PH,16.6,
nat26,47,native,2019-09-18,PH,21.6,
nat26,471,native,2019-09-18,PH,18.9,
nat26,524,native,2019-09-18,PH,19,
nat26,561,native,2019-09-18,PH,32.7,
nat26,625,native,2019-09-18,PH,28.7,
nat27,152,native,2019-09-18,PH,14.5,
nat27,181,native,2019-09-18,PH,21.1,
nat27,260,native,2019-09-18,PH,15.6,
nat27,347,native,2019-09-18,PH,14.2,
nat27,4,native,2019-09-18,PH,15.1,
nat27,406,native,2019-09-18,PH,17,
nat27,455,native,2019-09-18,PH,12.1,
nat27,517,native,2019-09-18,PH,26.5,
nat27,57,native,2019-09-18,PH,12.5,
nat27,655,native,2019-09-18,PH,16.4,
nat28,219,native,2019-09-18,PH,14.4,
nat28,304,native,2019-09-18,PH,13.8,
nat28,351,native,2019-09-18,PH,19.2,
nat28,448,native,2019-09-18,PH,19.4,
nat28,543,native,2019-09-18,PH,23.8,
nat28,598,native,2019-09-18,PH,14.5,
nat29,122,native,2019-09-18,PH,22.2,
nat29,137,native,2019-09-18,PH,18.4,
nat29,139,native,2019-09-18,PH,18,
nat29,153,native,2019-09-18,PH,24,
nat29,188,native,2019-09-18,PH,16.5,
nat29,194,native,2019-09-18,PH,20,
nat29,401,native,2019-09-18,PH,28.2,
nat29,423,native,2019-09-18,PH,11.5,
nat29,479,native,2019-09-18,PH,26,
nat29,5,native,2019-09-18,PH,24.4,
nat29,544,native,2019-09-18,PH,20.5,
nat29,565,native,2019-09-18,PH,27,
nat29,620,native,2019-09-18,PH,23,
nat29,99,native,2019-09-18,PH,14.3,
nat30,14,native,2019-09-18,PH,17,
nat30,429,native,2019-09-18,PH,13.3,
nat30,451,native,2019-09-18,PH,15,
nat30,650,native,2019-09-18,PH,13.5,
nat31,225,native,2019-09-18,PH,18.6,
nat31,279,native,2019-09-18,PH,17.4,
nat32,138,native,2019-09-18,PH,11,
nat32,197,native,2019-09-18,PH,18.6,
nat32,214,native,2019-09-18,PH,17.3,
nat32,303,native,2019-09-18,PH,17.6,
nat32,360,native,2019-09-18,PH,25.2,
nat32,385,native,2019-09-18,PH,21.7,
nat32,463,native,2019-09-18,PH,22.9,
nat33,297,native,2019-09-18,PH,18.6,
nat33,352,native,2019-09-18,PH,19.2,
nat33,365,native,2019-09-18,PH,23.5,
urb01,184,cultivar,2019-09-18,PH,28.6,
urb01,200,cultivar,2019-09-18,PH,22,
urb01,203,cultivar,2019-09-18,PH,22.6,
urb01,242,cultivar,2019-09-18,PH,19.5,
urb01,253,cultivar,2019-09-18,PH,25.2,
urb01,314,cultivar,2019-09-18,PH,17.8,
urb01,339,cultivar,2019-09-18,PH,20.4,
urb01,450,cultivar,2019-09-18,PH,19.6,
urb01,476,cultivar,2019-09-18,PH,24.7,
urb01,599,cultivar,2019-09-18,PH,15.5,
urb01,634,cultivar,2019-09-18,PH,24,
urb01,85,cultivar,2019-09-18,PH,16.7,
urb03,129,cultivar,2019-09-18,PH,25.5,
urb03,238,cultivar,2019-09-18,PH,14.1,
urb03,239,cultivar,2019-09-18,PH,21.8,
urb03,26,cultivar,2019-09-18,PH,27.6,
urb03,287,cultivar,2019-09-18,PH,26.5,
urb03,357,cultivar,2019-09-18,PH,40.2,
urb03,421,cultivar,2019-09-18,PH,25.6,
urb03,425,cultivar,2019-09-18,PH,17.6,
urb03,426,cultivar,2019-09-18,PH,25.8,
urb03,435,cultivar,2019-09-18,PH,29.7,
urb03,438,cultivar,2019-09-18,PH,26.1,
urb03,439,cultivar,2019-09-18,PH,17.4,
urb03,443,cultivar,2019-09-18,PH,22.1,
urb03,454,cultivar,2019-09-18,PH,21.8,
urb03,457,cultivar,2019-09-18,PH,24,
urb03,461,cultivar,2019-09-18,PH,22.2,
urb03,467,cultivar,2019-09-18,PH,17.1,
urb03,494,cultivar,2019-09-18,PH,23.2,
urb03,51,cultivar,2019-09-18,PH,24,
urb03,522,cultivar,2019-09-18,PH,23.9,
urb03,536,cultivar,2019-09-18,PH,38.3,
urb03,549,cultivar,2019-09-18,PH,25.5,
urb03,563,cultivar,2019-09-18,PH,32.2,
urb03,595,cultivar,2019-09-18,PH,31.5,
urb03,641,cultivar,2019-09-18,PH,29.8,
urb03,69,cultivar,2019-09-18,PH,17.5,
urb03,78,cultivar,2019-09-18,PH,20.5,
urb04,111,cultivar,2019-09-18,PH,15,
urb04,19,cultivar,2019-09-18,PH,19.5,
urb04,196,cultivar,2019-09-18,PH,20.1,
urb04,237,cultivar,2019-09-18,PH,21.1,
urb04,289,cultivar,2019-09-18,PH,19.4,
urb04,31,cultivar,2019-09-18,PH,18.3,
urb04,354,cultivar,2019-09-18,PH,23.2,
urb04,361,cultivar,2019-09-18,PH,20.5,
urb04,404,cultivar,2019-09-18,PH,19.5,
urb04,408,cultivar,2019-09-18,PH,25.5,
urb04,43,cultivar,2019-09-18,PH,13.3,
urb04,44,cultivar,2019-09-18,PH,21.7,
urb04,472,cultivar,2019-09-18,PH,26.5,
urb04,491,cultivar,2019-09-18,PH,19.1,
urb04,511,cultivar,2019-09-18,PH,19.4,
urb04,526,cultivar,2019-09-18,PH,25.2,
urb04,556,cultivar,2019-09-18,PH,14.4,
urb04,622,cultivar,2019-09-18,PH,22.2,
urb04,636,cultivar,2019-09-18,PH,26.3,
urb04,649,cultivar,2019-09-18,PH,32.2,
urb04,95,cultivar,2019-09-18,PH,16,
urb07,106,cultivar,2019-09-18,PH,24.2,
urb07,125,cultivar,2019-09-18,PH,18.5,
urb07,167,cultivar,2019-09-18,PH,15.5,
urb07,286,cultivar,2019-09-18,PH,16.6,
urb07,290,cultivar,2019-09-18,PH,22.1,
urb07,3,cultivar,2019-09-18,PH,21.1,
urb07,302,cultivar,2019-09-18,PH,19,
urb07,337,cultivar,2019-09-18,PH,20.5,
urb07,367,cultivar,2019-09-18,PH,26.5,
urb07,370,cultivar,2019-09-18,PH,16.7,
urb07,38,cultivar,2019-09-18,PH,24.1,
urb07,413,cultivar,2019-09-18,PH,18.5,
urb07,444,cultivar,2019-09-18,PH,17.4,
urb07,456,cultivar,2019-09-18,PH,21.5,
urb07,54,cultivar,2019-09-18,PH,20.5,
urb07,567,cultivar,2019-09-18,PH,24.6,
urb07,574,cultivar,2019-09-18,PH,21,
urb07,581,cultivar,2019-09-18,PH,29.5,
urb07,586,cultivar,2019-09-18,PH,18.9,
urb07,92,cultivar,2019-09-18,PH,20.4,
urb09,1,cultivar,2019-09-18,PH,35.6,
urb09,107,cultivar,2019-09-18,PH,23.6,
urb09,11,cultivar,2019-09-18,PH,31.7,
urb09,112,cultivar,2019-09-18,PH,35.1,
urb09,123,cultivar,2019-09-18,PH,26.5,
urb09,13,cultivar,2019-09-18,PH,28,
urb09,130,cultivar,2019-09-18,PH,29.6,
urb09,136,cultivar,2019-09-18,PH,31.7,
urb09,161,cultivar,2019-09-18,PH,20.3,
urb09,166,cultivar,2019-09-18,PH,24.2,
urb09,168,cultivar,2019-09-18,PH,20.6,
urb09,21,cultivar,2019-09-18,PH,38,
urb09,235,cultivar,2019-09-18,PH,24.8,
urb09,281,cultivar,2019-09-18,PH,38.6,
urb09,306,cultivar,2019-09-18,PH,27.2,
urb09,323,cultivar,2019-09-18,PH,26,
urb09,368,cultivar,2019-09-18,PH,47,
urb09,381,cultivar,2019-09-18,PH,25.9,
urb09,384,cultivar,2019-09-18,PH,17,
urb09,407,cultivar,2019-09-18,PH,50.8,
urb09,493,cultivar,2019-09-18,PH,38.6,
urb09,508,cultivar,2019-09-18,PH,27.5,
urb09,540,cultivar,2019-09-18,PH,25,
urb09,554,cultivar,2019-09-18,PH,31.2,
urb09,579,cultivar,2019-09-18,PH,31.2,
urb09,623,cultivar,2019-09-18,PH,43,
urb10,201,cultivar,2019-09-18,PH,14.6,
urb10,475,cultivar,2019-09-18,PH,29.5,
urb10,507,cultivar,2019-09-18,PH,22.9,
urb10,523,cultivar,2019-09-18,PH,27.6,
urb10,530,cultivar,2019-09-18,PH,21.1,
urb10,547,cultivar,2019-09-18,PH,34,
urb10,572,cultivar,2019-09-18,PH,27.5,
urb10,602,cultivar,2019-09-18,PH,29,
urb10,97,cultivar,2019-09-18,PH,18.2,
urb10,98,cultivar,2019-09-18,PH,22.5,
urb11,110,cultivar,2019-09-18,PH,21.5,
urb11,134,cultivar,2019-09-18,PH,21.5,
urb11,145,cultivar,2019-09-18,PH,15,
urb11,149,cultivar,2019-09-18,PH,18.4,
urb11,20,cultivar,2019-09-18,PH,20.7,
urb11,229,cultivar,2019-09-18,PH,19,
urb11,261,cultivar,2019-09-18,PH,22.9,
urb11,325,cultivar,2019-09-18,PH,25.2,
urb11,327,cultivar,2019-09-18,PH,23,
urb11,343,cultivar,2019-09-18,PH,21.7,
urb11,391,cultivar,2019-09-18,PH,23.6,
urb11,498,cultivar,2019-09-18,PH,26.4,
urb11,510,cultivar,2019-09-18,PH,29.3,
urb11,553,cultivar,2019-09-18,PH,33.7,
urb11,583,cultivar,2019-09-18,PH,22.6,
urb11,591,cultivar,2019-09-18,PH,34.5,
urb11,610,cultivar,2019-09-18,PH,13.5,
urb12,148,cultivar,2019-09-18,PH,18,
urb12,193,cultivar,2019-09-18,PH,14.5,
urb12,210,cultivar,2019-09-18,PH,23.3,
urb12,227,cultivar,2019-09-18,PH,19.4,
urb12,246,cultivar,2019-09-18,PH,17.4,
urb12,256,cultivar,2019-09-18,PH,18.5,
urb12,266,cultivar,2019-09-18,PH,23.4,
urb12,294,cultivar,2019-09-18,PH,28.7,
urb12,319,cultivar,2019-09-18,PH,23.4,
urb12,32,cultivar,2019-09-18,PH,20.4,
urb12,324,cultivar,2019-09-18,PH,22.1,
urb12,36,cultivar,2019-09-18,PH,22,
urb12,437,cultivar,2019-09-18,PH,22,
urb12,465,cultivar,2019-09-18,PH,20.5,
urb12,593,cultivar,2019-09-18,PH,37,
urb12,639,cultivar,2019-09-18,PH,25.3,
urb12,640,cultivar,2019-09-18,PH,8.5,
urb13,12,cultivar,2019-09-18,PH,27,
urb13,120,cultivar,2019-09-18,PH,19.8,
urb13,156,cultivar,2019-09-18,PH,36.6,
urb13,245,cultivar,2019-09-18,PH,21.1,
urb13,277,cultivar,2019-09-18,PH,28.4,
urb13,292,cultivar,2019-09-18,PH,18.9,
urb13,315,cultivar,2019-09-18,PH,21.2,
urb13,411,cultivar,2019-09-18,PH,24.4,
urb13,637,cultivar,2019-09-18,PH,19.8,
urb13,654,cultivar,2019-09-18,PH,18.9,
urb13,82,cultivar,2019-09-18,PH,25.6,
urb14,126,cultivar,2019-09-18,PH,21.5,
urb14,157,cultivar,2019-09-18,PH,19.5,
urb14,162,cultivar,2019-09-18,PH,17.3,
urb14,163,cultivar,2019-09-18,PH,22.5,
urb14,18,cultivar,2019-09-18,PH,18.2,
urb14,217,cultivar,2019-09-18,PH,18.5,
urb14,265,cultivar,2019-09-18,PH,22.1,
urb14,293,cultivar,2019-09-18,PH,18.2,
urb14,35,cultivar,2019-09-18,PH,16.9,
urb14,395,cultivar,2019-09-18,PH,28.5,
urb14,428,cultivar,2019-09-18,PH,24.2,
urb14,441,cultivar,2019-09-18,PH,24.6,
urb14,453,cultivar,2019-09-18,PH,25.1,
urb14,488,cultivar,2019-09-18,PH,23.5,
urb14,497,cultivar,2019-09-18,PH,24.2,
urb14,529,cultivar,2019-09-18,PH,23.7,
urb14,587,cultivar,2019-09-18,PH,18.8,
urb14,603,cultivar,2019-09-18,PH,24,
urb14,652,cultivar,2019-09-18,PH,26.1,
urb14,9,cultivar,2019-09-18,PH,21.2,
urb17,207,cultivar,2019-09-18,PH,19.5,
urb17,213,cultivar,2019-09-18,PH,15.4,
urb17,250,cultivar,2019-09-18,PH,21.6,
urb17,276,cultivar,2019-09-18,PH,23.6,
urb17,280,cultivar,2019-09-18,PH,17.6,
urb17,300,cultivar,2019-09-18,PH,17,
urb17,311,cultivar,2019-09-18,PH,25,
urb17,410,cultivar,2019-09-18,PH,23.9,
urb17,546,cultivar,2019-09-18,PH,29.5,
urb17,570,cultivar,2019-09-18,PH,22.6,
urb17,617,cultivar,2019-09-18,PH,38.7,
urb17,621,cultivar,2019-09-18,PH,20.1,
urb17,70,cultivar,2019-09-18,PH,25.1,
urb17,80,cultivar,2019-09-18,PH,13,
urb18,155,cultivar,2019-09-18,PH,16.2,
urb18,330,cultivar,2019-09-18,PH,20.2,
urb18,416,cultivar,2019-09-18,PH,17.4,
urb18,470,cultivar,2019-09-18,PH,21.8,
urb18,483,cultivar,2019-09-18,PH,23.4,
urb18,509,cultivar,2019-09-18,PH,21.1,
urb18,52,cultivar,2019-09-18,PH,11,
urb23,132,cultivar,2019-09-18,PH,15.5,
urb23,143,cultivar,2019-09-18,PH,23,
urb23,178,cultivar,2019-09-18,PH,21.5,
urb23,24,cultivar,2019-09-18,PH,22.7,
urb23,29,cultivar,2019-09-18,PH,15.5,
urb23,313,cultivar,2019-09-18,PH,20.2,
urb23,316,cultivar,2019-09-18,PH,21.1,
urb23,418,cultivar,2019-09-18,PH,25.1,
urb23,528,cultivar,2019-09-18,PH,26.5,
urb23,542,cultivar,2019-09-18,PH,19.9,
urb23,58,cultivar,2019-09-18,PH,13.5,
urb23,601,cultivar,2019-09-18,PH,33.8,
urb23,604,cultivar,2019-09-18,PH,28.6,
urb23,645,cultivar,2019-09-18,PH,17.4,
urb23,81,cultivar,2019-09-18,PH,27.2,
urb24,133,cultivar,2019-09-18,PH,26,
urb24,160,cultivar,2019-09-18,PH,18,
urb24,169,cultivar,2019-09-18,PH,15.6,
urb24,209,cultivar,2019-09-18,PH,21,
urb24,234,cultivar,2019-09-18,PH,20.4,
urb24,248,cultivar,2019-09-18,PH,22.5,
urb24,284,cultivar,2019-09-18,PH,15.9,
urb24,431,cultivar,2019-09-18,PH,26.9,
urb24,449,cultivar,2019-09-18,PH,29.3,
urb24,516,cultivar,2019-09-18,PH,27.6,
urb24,585,cultivar,2019-09-18,PH,19.2,
urb24,60,cultivar,2019-09-18,PH,26.1,
urb24,628,cultivar,2019-09-18,PH,28.1,
urb25,173,cultivar,2019-09-18,PH,25.1,
urb25,192,cultivar,2019-09-18,PH,27.9,
urb25,198,cultivar,2019-09-18,PH,17.3,
urb25,335,cultivar,2019-09-18,PH,30.1,
urb25,344,cultivar,2019-09-18,PH,16.9,
urb25,348,cultivar,2019-09-18,PH,17.3,
urb25,371,cultivar,2019-09-18,PH,22.6,
urb25,374,cultivar,2019-09-18,PH,27.6,
urb25,403,cultivar,2019-09-18,PH,22.1,
urb25,412,cultivar,2019-09-18,PH,20,
urb25,415,cultivar,2019-09-18,PH,23,
urb25,442,cultivar,2019-09-18,PH,36.2,
urb25,452,cultivar,2019-09-18,PH,23.1,
urb25,458,cultivar,2019-09-18,PH,17.7,
urb25,478,cultivar,2019-09-18,PH,29.5,
urb25,486,cultivar,2019-09-18,PH,29.3,
urb25,518,cultivar,2019-09-18,PH,20,
urb25,590,cultivar,2019-09-18,PH,36,
urb25,88,cultivar,2019-09-18,PH,24.1,
urb26,109,cultivar,2019-09-18,PH,19.1,
urb26,180,cultivar,2019-09-18,PH,23.1,
urb26,268,cultivar,2019-09-18,PH,21,
urb26,320,cultivar,2019-09-18,PH,27.6,
urb26,356,cultivar,2019-09-18,PH,32.4,
urb26,386,cultivar,2019-09-18,PH,15.7,
urb26,392,cultivar,2019-09-18,PH,18.4,
urb26,427,cultivar,2019-09-18,PH,17,
urb26,502,cultivar,2019-09-18,PH,27.2,
urb26,525,cultivar,2019-09-18,PH,26.9,
urb26,551,cultivar,2019-09-18,PH,28.8,
urb26,578,cultivar,2019-09-18,PH,28.5,
urb26,624,cultivar,2019-09-18,PH,33.7,
urb26,633,cultivar,2019-09-18,PH,29.8,
urb26,661,cultivar,2019-09-18,PH,26,
urb28,103,cultivar,2019-09-18,PH,24.3,
urb28,118,cultivar,2019-09-18,PH,32,
urb28,171,cultivar,2019-09-18,PH,21.4,
urb28,205,cultivar,2019-09-18,PH,25.5,
urb28,27,cultivar,2019-09-18,PH,28,
urb28,295,cultivar,2019-09-18,PH,16.5,
urb28,318,cultivar,2019-09-18,PH,15.8,
urb28,342,cultivar,2019-09-18,PH,21.4,
urb28,369,cultivar,2019-09-18,PH,27.2,
urb28,387,cultivar,2019-09-18,PH,22.2,
urb28,39,cultivar,2019-09-18,PH,24.4,
urb28,474,cultivar,2019-09-18,PH,29,
urb28,49,cultivar,2019-09-18,PH,25.3,
urb28,50,cultivar,2019-09-18,PH,19.5,
urb28,506,cultivar,2019-09-18,PH,22.5,
urb28,512,cultivar,2019-09-18,PH,22.1,
urb28,541,cultivar,2019-09-18,PH,24.6,
urb28,62,cultivar,2019-09-18,PH,19,
urb28,660,cultivar,2019-09-18,PH,21,
urb28,75,cultivar,2019-09-18,PH,14.8,
urb29,113,cultivar,2019-09-18,PH,22,
urb29,124,cultivar,2019-09-18,PH,20.5,
urb29,165,cultivar,2019-09-18,PH,15.5,
urb29,363,cultivar,2019-09-18,PH,23.5,
urb29,394,cultivar,2019-09-18,PH,25.6,
urb29,400,cultivar,2019-09-18,PH,25.6,
urb29,504,cultivar,2019-09-18,PH,16.1,
urb29,552,cultivar,2019-09-18,PH,14.1,
urb31,108,cultivar,2019-09-18,PH,21.5,
urb31,231,cultivar,2019-09-18,PH,15.5,
urb31,233,cultivar,2019-09-18,PH,16.3,
urb31,308,cultivar,2019-09-18,PH,19.7,
urb31,346,cultivar,2019-09-18,PH,14,
urb31,372,cultivar,2019-09-18,PH,28.5,
urb31,434,cultivar,2019-09-18,PH,23,
urb31,460,cultivar,2019-09-18,PH,19,
urb31,481,cultivar,2019-09-18,PH,23,
urb31,495,cultivar,2019-09-18,PH,21.5,
urb31,514,cultivar,2019-09-18,PH,20.5,
urb31,539,cultivar,2019-09-18,PH,19.8,
urb31,55,cultivar,2019-09-18,PH,15.9,
urb31,576,cultivar,2019-09-18,PH,26.3,
urb31,588,cultivar,2019-09-18,PH,25.5,
urb31,59,cultivar,2019-09-18,PH,20.7,
urb31,612,cultivar,2019-09-18,PH,29.1,
urb31,63,cultivar,2019-09-18,PH,24.1,
urb31,644,cultivar,2019-09-18,PH,15.7,
urb32,189,cultivar,2019-09-18,PH,24.1,
urb32,208,cultivar,2019-09-18,PH,19.8,
urb32,264,cultivar,2019-09-18,PH,26.6,
urb32,350,cultivar,2019-09-18,PH,22.9,
urb32,366,cultivar,2019-09-18,PH,23.7,
urb32,378,cultivar,2019-09-18,PH,23.8,
urb32,379,cultivar,2019-09-18,PH,26.4,
urb32,382,cultivar,2019-09-18,PH,22,
urb32,390,cultivar,2019-09-18,PH,24.7,
urb32,42,cultivar,2019-09-18,PH,25.5,
urb32,420,cultivar,2019-09-18,PH,23.5,
urb32,45,cultivar,2019-09-18,PH,26.6,
urb32,53,cultivar,2019-09-18,PH,15,
urb32,550,cultivar,2019-09-18,PH,36.1,
urb32,618,cultivar,2019-09-18,PH,27.1,
urb32,635,cultivar,2019-09-18,PH,26,
urb32,64,cultivar,2019-09-18,PH,23.7,
urb32,658,cultivar,2019-09-18,PH,16.1,
urb32,72,cultivar,2019-09-18,PH,28,
nat18,326,native,2019-07-22,PH,14.6,
nat18,480,native,2019-07-22,PH,9.0,
nat18,632,native,2019-07-22,PH,16.7,
nat19,183,native,2019-07-22,PH,12.0,
nat19,185,native,2019-07-22,PH,15.8,
nat19,190,native,2019-07-22,PH,16.5,
nat19,22,native,2019-07-22,PH,18.0,
nat19,223,native,2019-07-22,PH,22.0,
nat19,270,native,2019-07-22,PH,11.0,
nat19,275,native,2019-07-22,PH,19.8,
nat19,33,native,2019-07-22,PH,9.0,
nat19,355,native,2019-07-22,PH,26.0,
nat19,364,native,2019-07-22,PH,24.6,
nat19,375,native,2019-07-22,PH,20.0,
nat19,397,native,2019-07-22,PH,10.5,
nat19,430,native,2019-07-22,PH,23.5,
nat19,46,native,2019-07-22,PH,19.2,
nat19,468,native,2019-07-22,PH,13.5,
nat19,482,native,2019-07-22,PH,19.2,
nat19,513,native,2019-07-22,PH,26.5,
nat19,538,native,2019-07-22,PH,22.3,
nat19,557,native,2019-07-22,PH,15.9,
nat19,596,native,2019-07-22,PH,13.0,
nat19,606,native,2019-07-22,PH,22.8,
nat19,611,native,2019-07-22,PH,18.2,
nat19,616,native,2019-07-22,PH,20.5,
nat19,627,native,2019-07-22,PH,6.2,
nat19,631,native,2019-07-22,PH,25.8,
nat19,657,native,2019-07-22,PH,17.0,
nat19,659,native,2019-07-22,PH,18.0,
nat19,76,native,2019-07-22,PH,19.0,
nat20,301,native,2019-07-22,PH,12.0,
nat20,446,native,2019-07-22,PH,18.9,
nat20,473,native,2019-07-22,PH,21.0,
nat20,519,native,2019-07-22,PH,18.5,
nat20,605,native,2019-07-22,PH,16.5,
nat20,615,native,2019-07-22,PH,17.0,
nat21,332,native,2019-07-22,PH,16.7,
nat21,333,native,2019-07-22,PH,19.4,
nat21,358,native,2019-07-22,PH,24.0,
nat21,422,native,2019-07-22,PH,17.0,
nat21,500,native,2019-07-22,PH,16.5,
nat21,527,native,2019-07-22,PH,22.0,
nat21,568,native,2019-07-22,PH,25.8,
nat21,573,native,2019-07-22,PH,34.5,
nat21,68,native,2019-07-22,PH,20.1,
nat22,101,native,2019-07-22,PH,12.0,
nat22,119,native,2019-07-22,PH,18.0,
nat22,142,native,2019-07-22,PH,15.0,
nat22,176,native,2019-07-22,PH,13.5,
nat22,191,native,2019-07-22,PH,8.5,
nat22,199,native,2019-07-22,PH,14.0,
nat22,25,native,2019-07-22,PH,16.0,
nat22,254,native,2019-07-22,PH,18.0,
nat22,353,native,2019-07-22,PH,19.0,
nat22,505,native,2019-07-22,PH,12.2,
nat22,535,native,2019-07-22,PH,19.0,
nat22,609,native,2019-07-22,PH,21.1,
nat22,638,native,2019-07-22,PH,26.0,
nat23,2,native,2019-07-22,PH,22.0,
nat23,216,native,2019-07-22,PH,13.0,
nat23,244,native,2019-07-22,PH,13.9,
nat23,259,native,2019-07-22,PH,14.0,
nat23,309,native,2019-07-22,PH,10.0,
nat23,380,native,2019-07-22,PH,17.6,
nat23,501,native,2019-07-22,PH,17.0,
nat24,485,native,2019-07-22,PH,24.0,
nat24,489,native,2019-07-22,PH,20.9,
nat24,90,native,2019-07-22,PH,15.3,
nat25,187,native,2019-07-22,PH,13.5,
nat25,299,native,2019-07-22,PH,11.5,
nat25,433,native,2019-07-22,PH,17.5,
nat25,520,native,2019-07-22,PH,21.5,
nat25,582,native,2019-07-22,PH,20.7,
nat25,613,native,2019-07-22,PH,20.2,
nat26,151,native,2019-07-22,PH,19.0,
nat26,16,native,2019-07-22,PH,6.5,
nat26,182,native,2019-07-22,PH,25.0,
nat26,269,native,2019-07-22,PH,15.0,
nat26,310,native,2019-07-22,PH,15.5,
nat26,338,native,2019-07-22,PH,12.0,
nat26,345,native,2019-07-22,PH,16.0,
nat26,373,native,2019-07-22,PH,25.0,
nat26,402,native,2019-07-22,PH,16.5,
nat26,414,native,2019-07-22,PH,14.5,
nat26,424,native,2019-07-22,PH,16.0,
nat26,47,native,2019-07-22,PH,20.0,
nat26,471,native,2019-07-22,PH,17.9,
nat26,524,native,2019-07-22,PH,19.0,
nat26,561,native,2019-07-22,PH,30.0,
nat26,625,native,2019-07-22,PH,29.0,
nat27,152,native,2019-07-22,PH,11.5,
nat27,181,native,2019-07-22,PH,21.0,
nat27,260,native,2019-07-22,PH,12.0,
nat27,347,native,2019-07-22,PH,13.0,
nat27,4,native,2019-07-22,PH,16.0,
nat27,406,native,2019-07-22,PH,14.5,
nat27,455,native,2019-07-22,PH,11.5,
nat27,517,native,2019-07-22,PH,25.5,
nat27,57,native,2019-07-22,PH,11.5,
nat27,655,native,2019-07-22,PH,14.1,
nat28,219,native,2019-07-22,PH,12.0,
nat28,304,native,2019-07-22,PH,12.0,
nat28,351,native,2019-07-22,PH,14.0,
nat28,448,native,2019-07-22,PH,19.0,
nat28,598,native,2019-07-22,PH,10.0,
nat29,122,native,2019-07-22,PH,22.0,
nat29,137,native,2019-07-22,PH,17.0,
nat29,139,native,2019-07-22,PH,16.5,
nat29,153,native,2019-07-22,PH,23.5,
nat29,188,native,2019-07-22,PH,14.5,
nat29,194,native,2019-07-22,PH,18.5,
nat29,401,native,2019-07-22,PH,25.0,
nat29,423,native,2019-07-22,PH,12.0,
nat29,479,native,2019-07-22,PH,21.0,
nat29,5,native,2019-07-22,PH,23.5,
nat29,544,native,2019-07-22,PH,15.7,
nat29,565,native,2019-07-22,PH,26.2,
nat29,620,native,2019-07-22,PH,21.8,
nat29,99,native,2019-07-22,PH,13.5,
nat30,14,native,2019-07-22,PH,10.7,
nat30,429,native,2019-07-22,PH,11.0,
nat30,451,native,2019-07-22,PH,11.1,
nat30,650,native,2019-07-22,PH,11.0,
nat31,225,native,2019-07-22,PH,16.0,
nat31,279,native,2019-07-22,PH,16.5,
nat32,138,native,2019-07-22,PH,8.8,
nat32,197,native,2019-07-22,PH,18.5,
nat32,214,native,2019-07-22,PH,17.0,
nat32,303,native,2019-07-22,PH,16.5,
nat32,360,native,2019-07-22,PH,24.8,
nat32,385,native,2019-07-22,PH,20.5,
nat32,463,native,2019-07-22,PH,21.0,
nat33,297,native,2019-07-22,PH,15.0,
nat33,352,native,2019-07-22,PH,17.2,
nat33,365,native,2019-07-22,PH,23.5,
urb01,184,cultivar,2019-07-22,PH,24.5,
urb01,200,cultivar,2019-07-22,PH,22.0,
urb01,203,cultivar,2019-07-22,PH,22.0,
urb01,242,cultivar,2019-07-22,PH,20.0,
urb01,253,cultivar,2019-07-22,PH,25.5,
urb01,314,cultivar,2019-07-22,PH,16.5,
urb01,339,cultivar,2019-07-22,PH,18.5,
urb01,450,cultivar,2019-07-22,PH,22.5,
urb01,476,cultivar,2019-07-22,PH,25.0,
urb01,599,cultivar,2019-07-22,PH,14.2,
urb01,634,cultivar,2019-07-22,PH,23.2,
urb03,238,cultivar,2019-07-22,PH,15.2,
urb03,239,cultivar,2019-07-22,PH,22.5,
urb03,26,cultivar,2019-07-22,PH,27.0,
urb03,287,cultivar,2019-07-22,PH,16.0,
urb03,357,cultivar,2019-07-22,PH,36.5,
urb03,421,cultivar,2019-07-22,PH,25.0,
urb03,425,cultivar,2019-07-22,PH,17.2,
urb03,426,cultivar,2019-07-22,PH,25.6,
urb03,435,cultivar,2019-07-22,PH,28.0,
urb03,438,cultivar,2019-07-22,PH,23.8,
urb03,439,cultivar,2019-07-22,PH,16.5,
urb03,443,cultivar,2019-07-22,PH,21.0,
urb03,454,cultivar,2019-07-22,PH,20.0,
urb03,457,cultivar,2019-07-22,PH,20.5,
urb03,461,cultivar,2019-07-22,PH,12.5,
urb03,467,cultivar,2019-07-22,PH,18.0,
urb03,494,cultivar,2019-07-22,PH,15.5,
urb03,51,cultivar,2019-07-22,PH,19.0,
urb03,522,cultivar,2019-07-22,PH,23.5,
urb03,536,cultivar,2019-07-22,PH,39.0,
urb03,549,cultivar,2019-07-22,PH,26.0,
urb03,563,cultivar,2019-07-22,PH,33.0,
urb03,595,cultivar,2019-07-22,PH,31.2,
urb03,641,cultivar,2019-07-22,PH,29.0,
urb03,69,cultivar,2019-07-22,PH,16.0,
urb03,78,cultivar,2019-07-22,PH,20.5,
urb04,111,cultivar,2019-07-22,PH,15.0,
urb04,19,cultivar,2019-07-22,PH,19.0,
urb04,196,cultivar,2019-07-22,PH,19.0,
urb04,237,cultivar,2019-07-22,PH,21.5,
urb04,289,cultivar,2019-07-22,PH,17.0,
urb04,31,cultivar,2019-07-22,PH,18.0,
urb04,329,cultivar,2019-07-22,PH,13.0,
urb04,354,cultivar,2019-07-22,PH,22.5,
urb04,361,cultivar,2019-07-22,PH,18.0,
urb04,404,cultivar,2019-07-22,PH,18.8,
urb04,408,cultivar,2019-07-22,PH,25.0,
urb04,43,cultivar,2019-07-22,PH,12.0,
urb04,44,cultivar,2019-07-22,PH,20.0,
urb04,472,cultivar,2019-07-22,PH,26.5,
urb04,491,cultivar,2019-07-22,PH,17.6,
urb04,511,cultivar,2019-07-22,PH,14.5,
urb04,526,cultivar,2019-07-22,PH,24.0,
urb04,556,cultivar,2019-07-22,PH,8.0,
urb04,622,cultivar,2019-07-22,PH,22.1,
urb04,636,cultivar,2019-07-22,PH,27.8,
urb04,649,cultivar,2019-07-22,PH,32.5,
urb04,95,cultivar,2019-07-22,PH,16.0,
urb07,106,cultivar,2019-07-22,PH,21.5,
urb07,125,cultivar,2019-07-22,PH,18.0,
urb07,167,cultivar,2019-07-22,PH,15.0,
urb07,286,cultivar,2019-07-22,PH,25.0,
urb07,290,cultivar,2019-07-22,PH,21.0,
urb07,3,cultivar,2019-07-22,PH,14.0,
urb07,302,cultivar,2019-07-22,PH,17.8,
urb07,337,cultivar,2019-07-22,PH,18.2,
urb07,367,cultivar,2019-07-22,PH,25.5,
urb07,370,cultivar,2019-07-22,PH,16.0,
urb07,38,cultivar,2019-07-22,PH,23.0,
urb07,413,cultivar,2019-07-22,PH,18.0,
urb07,444,cultivar,2019-07-22,PH,15.5,
urb07,456,cultivar,2019-07-22,PH,21.1,
urb07,54,cultivar,2019-07-22,PH,20.5,
urb07,567,cultivar,2019-07-22,PH,23.7,
urb07,574,cultivar,2019-07-22,PH,21.0,
urb07,581,cultivar,2019-07-22,PH,27.0,
urb07,586,cultivar,2019-07-22,PH,15.5,
urb07,92,cultivar,2019-07-22,PH,20.0,
urb09,1,cultivar,2019-07-22,PH,35.0,
urb09,107,cultivar,2019-07-22,PH,19.2,
urb09,11,cultivar,2019-07-22,PH,29.0,
urb09,112,cultivar,2019-07-22,PH,22.0,
urb09,123,cultivar,2019-07-22,PH,29.0,
urb09,13,cultivar,2019-07-22,PH,27.0,
urb09,130,cultivar,2019-07-22,PH,27.0,
urb09,161,cultivar,2019-07-22,PH,20.5,
urb09,166,cultivar,2019-07-22,PH,23.0,
urb09,168,cultivar,2019-07-22,PH,20.0,
urb09,21,cultivar,2019-07-22,PH,37.0,
urb09,235,cultivar,2019-07-22,PH,24.0,
urb09,281,cultivar,2019-07-22,PH,33.5,
urb09,306,cultivar,2019-07-22,PH,26.0,
urb09,323,cultivar,2019-07-22,PH,23.9,
urb09,368,cultivar,2019-07-22,PH,34.0,
urb09,381,cultivar,2019-07-22,PH,24.8,
urb09,384,cultivar,2019-07-22,PH,10.0,
urb09,407,cultivar,2019-07-22,PH,56.0,
urb09,493,cultivar,2019-07-22,PH,33.9,
urb09,508,cultivar,2019-07-22,PH,26.5,
urb09,540,cultivar,2019-07-22,PH,34.0,
urb09,554,cultivar,2019-07-22,PH,30.0,
urb09,579,cultivar,2019-07-22,PH,29.0,
urb09,623,cultivar,2019-07-22,PH,40.0,
urb10,201,cultivar,2019-07-22,PH,15.0,
urb10,475,cultivar,2019-07-22,PH,27.0,
urb10,507,cultivar,2019-07-22,PH,20.0,
urb10,523,cultivar,2019-07-22,PH,24.5,
urb10,530,cultivar,2019-07-22,PH,19.6,
urb10,547,cultivar,2019-07-22,PH,33.2,
urb10,572,cultivar,2019-07-22,PH,24.9,
urb10,602,cultivar,2019-07-22,PH,26.8,
urb10,97,cultivar,2019-07-22,PH,18.0,
urb10,98,cultivar,2019-07-22,PH,22.0,
urb11,110,cultivar,2019-07-22,PH,15.5,
urb11,134,cultivar,2019-07-22,PH,21.0,
urb11,149,cultivar,2019-07-22,PH,17.0,
urb11,20,cultivar,2019-07-22,PH,19.5,
urb11,229,cultivar,2019-07-22,PH,18.0,
urb11,261,cultivar,2019-07-22,PH,22.5,
urb11,325,cultivar,2019-07-22,PH,22.0,
urb11,327,cultivar,2019-07-22,PH,21.3,
urb11,343,cultivar,2019-07-22,PH,21.5,
urb11,391,cultivar,2019-07-22,PH,22.0,
urb11,498,cultivar,2019-07-22,PH,25.5,
urb11,510,cultivar,2019-07-22,PH,28.5,
urb11,553,cultivar,2019-07-22,PH,30.5,
urb11,583,cultivar,2019-07-22,PH,22.0,
urb11,591,cultivar,2019-07-22,PH,35.5,
urb11,610,cultivar,2019-07-22,PH,8.5,
urb12,148,cultivar,2019-07-22,PH,16.5,
urb12,193,cultivar,2019-07-22,PH,13.7,
urb12,210,cultivar,2019-07-22,PH,21.0,
urb12,227,cultivar,2019-07-22,PH,18.5,
urb12,246,cultivar,2019-07-22,PH,8.5,
urb12,256,cultivar,2019-07-22,PH,18.5,
urb12,266,cultivar,2019-07-22,PH,22.0,
urb12,294,cultivar,2019-07-22,PH,28.5,
urb12,319,cultivar,2019-07-22,PH,24.0,
urb12,32,cultivar,2019-07-22,PH,20.5,
urb12,324,cultivar,2019-07-22,PH,16.0,
urb12,36,cultivar,2019-07-22,PH,19.0,
urb12,437,cultivar,2019-07-22,PH,20.5,
urb12,465,cultivar,2019-07-22,PH,20.5,
urb12,593,cultivar,2019-07-22,PH,34.8,
urb12,639,cultivar,2019-07-22,PH,24.9,
urb12,640,cultivar,2019-07-22,PH,12.5,
urb13,12,cultivar,2019-07-22,PH,26.0,
urb13,120,cultivar,2019-07-22,PH,20.0,
urb13,156,cultivar,2019-07-22,PH,31.5,
urb13,245,cultivar,2019-07-22,PH,19.2,
urb13,277,cultivar,2019-07-22,PH,27.2,
urb13,292,cultivar,2019-07-22,PH,18.0,
urb13,315,cultivar,2019-07-22,PH,21.0,
urb13,411,cultivar,2019-07-22,PH,22.0,
urb13,637,cultivar,2019-07-22,PH,19.0,
urb13,654,cultivar,2019-07-22,PH,20.0,
urb13,82,cultivar,2019-07-22,PH,25.6,
urb14,126,cultivar,2019-07-22,PH,22.0,
urb14,157,cultivar,2019-07-22,PH,18.5,
urb14,162,cultivar,2019-07-22,PH,17.0,
urb14,163,cultivar,2019-07-22,PH,17.5,
urb14,18,cultivar,2019-07-22,PH,17.0,
urb14,217,cultivar,2019-07-22,PH,17.5,
urb14,265,cultivar,2019-07-22,PH,21.0,
urb14,293,cultivar,2019-07-22,PH,17.0,
urb14,35,cultivar,2019-07-22,PH,14.9,
urb14,395,cultivar,2019-07-22,PH,27.1,
urb14,428,cultivar,2019-07-22,PH,22.5,
urb14,441,cultivar,2019-07-22,PH,24.8,
urb14,453,cultivar,2019-07-22,PH,24.5,
urb14,488,cultivar,2019-07-22,PH,23.5,
urb14,497,cultivar,2019-07-22,PH,16.0,
urb14,529,cultivar,2019-07-22,PH,21.0,
urb14,587,cultivar,2019-07-22,PH,14.2,
urb14,603,cultivar,2019-07-22,PH,23.0,
urb14,652,cultivar,2019-07-22,PH,25.5,
urb14,9,cultivar,2019-07-22,PH,20.5,
urb17,207,cultivar,2019-07-22,PH,19.2,
urb17,213,cultivar,2019-07-22,PH,14.0,
urb17,250,cultivar,2019-07-22,PH,21.5,
urb17,276,cultivar,2019-07-22,PH,21.0,
urb17,280,cultivar,2019-07-22,PH,14.0,
urb17,300,cultivar,2019-07-22,PH,17.0,
urb17,311,cultivar,2019-07-22,PH,27.0,
urb17,410,cultivar,2019-07-22,PH,22.0,
urb17,546,cultivar,2019-07-22,PH,30.0,
urb17,570,cultivar,2019-07-22,PH,21.0,
urb17,617,cultivar,2019-07-22,PH,34.9,
urb17,621,cultivar,2019-07-22,PH,20.7,
urb17,70,cultivar,2019-07-22,PH,25.0,
urb17,80,cultivar,2019-07-22,PH,12.0,
urb18,330,cultivar,2019-07-22,PH,18.5,
urb18,416,cultivar,2019-07-22,PH,16.5,
urb18,470,cultivar,2019-07-22,PH,23.0,
urb18,483,cultivar,2019-07-22,PH,20.0,
urb18,509,cultivar,2019-07-22,PH,18.2,
urb18,52,cultivar,2019-07-22,PH,6.7,
urb23,143,cultivar,2019-07-22,PH,21.0,
urb23,178,cultivar,2019-07-22,PH,21.0,
urb23,24,cultivar,2019-07-22,PH,23.0,
urb23,29,cultivar,2019-07-22,PH,15.0,
urb23,313,cultivar,2019-07-22,PH,18.0,
urb23,316,cultivar,2019-07-22,PH,19.5,
urb23,418,cultivar,2019-07-22,PH,23.5,
urb23,528,cultivar,2019-07-22,PH,24.5,
urb23,542,cultivar,2019-07-22,PH,19.0,
urb23,58,cultivar,2019-07-22,PH,10.0,
urb23,601,cultivar,2019-07-22,PH,32.0,
urb23,604,cultivar,2019-07-22,PH,24.5,
urb23,645,cultivar,2019-07-22,PH,14.5,
urb23,81,cultivar,2019-07-22,PH,27.5,
urb24,133,cultivar,2019-07-22,PH,25.0,
urb24,169,cultivar,2019-07-22,PH,16.0,
urb24,209,cultivar,2019-07-22,PH,20.0,
urb24,234,cultivar,2019-07-22,PH,19.0,
urb24,248,cultivar,2019-07-22,PH,22.0,
urb24,284,cultivar,2019-07-22,PH,14.5,
urb24,431,cultivar,2019-07-22,PH,23.5,
urb24,449,cultivar,2019-07-22,PH,28.3,
urb24,516,cultivar,2019-07-22,PH,22.0,
urb24,585,cultivar,2019-07-22,PH,18.5,
urb24,60,cultivar,2019-07-22,PH,26.5,
urb24,628,cultivar,2019-07-22,PH,27.5,
urb25,173,cultivar,2019-07-22,PH,20.0,
urb25,192,cultivar,2019-07-22,PH,26.2,
urb25,198,cultivar,2019-07-22,PH,18.0,
urb25,335,cultivar,2019-07-22,PH,28.5,
urb25,344,cultivar,2019-07-22,PH,15.8,
urb25,348,cultivar,2019-07-22,PH,15.0,
urb25,371,cultivar,2019-07-22,PH,18.8,
urb25,374,cultivar,2019-07-22,PH,22.0,
urb25,403,cultivar,2019-07-22,PH,18.0,
urb25,412,cultivar,2019-07-22,PH,19.0,
urb25,415,cultivar,2019-07-22,PH,22.0,
urb25,442,cultivar,2019-07-22,PH,33.5,
urb25,452,cultivar,2019-07-22,PH,21.5,
urb25,458,cultivar,2019-07-22,PH,18.0,
urb25,478,cultivar,2019-07-22,PH,29.8,
urb25,486,cultivar,2019-07-22,PH,26.7,
urb25,518,cultivar,2019-07-22,PH,19.0,
urb25,590,cultivar,2019-07-22,PH,30.5,
urb25,88,cultivar,2019-07-22,PH,30.0,
urb26,109,cultivar,2019-07-22,PH,19.0,
urb26,180,cultivar,2019-07-22,PH,22.0,
urb26,268,cultivar,2019-07-22,PH,17.7,
urb26,320,cultivar,2019-07-22,PH,24.0,
urb26,356,cultivar,2019-07-22,PH,30.8,
urb26,386,cultivar,2019-07-22,PH,14.3,
urb26,392,cultivar,2019-07-22,PH,18.0,
urb26,427,cultivar,2019-07-22,PH,17.0,
urb26,502,cultivar,2019-07-22,PH,26.5,
urb26,525,cultivar,2019-07-22,PH,25.2,
urb26,551,cultivar,2019-07-22,PH,27.5,
urb26,578,cultivar,2019-07-22,PH,24.0,
urb26,624,cultivar,2019-07-22,PH,29.9,
urb26,633,cultivar,2019-07-22,PH,28.5,
urb28,103,cultivar,2019-07-22,PH,21.5,
urb28,118,cultivar,2019-07-22,PH,30.0,
urb28,171,cultivar,2019-07-22,PH,21.5,
urb28,205,cultivar,2019-07-22,PH,25.0,
urb28,27,cultivar,2019-07-22,PH,28.0,
urb28,295,cultivar,2019-07-22,PH,16.0,
urb28,318,cultivar,2019-07-22,PH,12.5,
urb28,342,cultivar,2019-07-22,PH,19.0,
urb28,369,cultivar,2019-07-22,PH,25.5,
urb28,387,cultivar,2019-07-22,PH,20.5,
urb28,39,cultivar,2019-07-22,PH,23.5,
urb28,474,cultivar,2019-07-22,PH,27.0,
urb28,49,cultivar,2019-07-22,PH,24.5,
urb28,50,cultivar,2019-07-22,PH,16.5,
urb28,506,cultivar,2019-07-22,PH,23.0,
urb28,512,cultivar,2019-07-22,PH,19.5,
urb28,541,cultivar,2019-07-22,PH,25.2,
urb28,62,cultivar,2019-07-22,PH,18.2,
urb28,660,cultivar,2019-07-22,PH,22.0,
urb28,75,cultivar,2019-07-22,PH,14.5,
urb29,113,cultivar,2019-07-22,PH,20.0,
urb29,124,cultivar,2019-07-22,PH,20.0,
urb29,165,cultivar,2019-07-22,PH,16.0,
urb29,363,cultivar,2019-07-22,PH,22.5,
urb29,394,cultivar,2019-07-22,PH,23.8,
urb29,400,cultivar,2019-07-22,PH,26.0,
urb29,504,cultivar,2019-07-22,PH,15.5,
urb29,552,cultivar,2019-07-22,PH,12.0,
urb31,108,cultivar,2019-07-22,PH,18.0,
urb31,220,cultivar,2019-07-22,PH,13.0,
urb31,231,cultivar,2019-07-22,PH,13.0,
urb31,233,cultivar,2019-07-22,PH,15.5,
urb31,247,cultivar,2019-07-22,PH,10.5,
urb31,308,cultivar,2019-07-22,PH,19.0,
urb31,346,cultivar,2019-07-22,PH,14.5,
urb31,372,cultivar,2019-07-22,PH,26.1,
urb31,434,cultivar,2019-07-22,PH,20.5,
urb31,460,cultivar,2019-07-22,PH,16.5,
urb31,481,cultivar,2019-07-22,PH,18.0,
urb31,495,cultivar,2019-07-22,PH,13.5,
urb31,514,cultivar,2019-07-22,PH,20.0,
urb31,539,cultivar,2019-07-22,PH,23.4,
urb31,55,cultivar,2019-07-22,PH,15.0,
urb31,576,cultivar,2019-07-22,PH,24.8,
urb31,588,cultivar,2019-07-22,PH,22.6,
urb31,59,cultivar,2019-07-22,PH,20.0,
urb31,612,cultivar,2019-07-22,PH,27.0,
urb31,63,cultivar,2019-07-22,PH,23.0,
urb31,644,cultivar,2019-07-22,PH,15.0,
urb32,189,cultivar,2019-07-22,PH,19.0,
urb32,208,cultivar,2019-07-22,PH,18.3,
urb32,264,cultivar,2019-07-22,PH,25.2,
urb32,350,cultivar,2019-07-22,PH,19.0,
urb32,366,cultivar,2019-07-22,PH,19.3,
urb32,378,cultivar,2019-07-22,PH,23.0,
urb32,379,cultivar,2019-07-22,PH,24.0,
urb32,382,cultivar,2019-07-22,PH,22.0,
urb32,390,cultivar,2019-07-22,PH,23.8,
urb32,42,cultivar,2019-07-22,PH,23.0,
urb32,420,cultivar,2019-07-22,PH,21.0,
urb32,45,cultivar,2019-07-22,PH,24.0,
urb32,53,cultivar,2019-07-22,PH,13.2,
urb32,550,cultivar,2019-07-22,PH,35.0,
urb32,618,cultivar,2019-07-22,PH,24.8,
urb32,635,cultivar,2019-07-22,PH,24.0,
urb32,64,cultivar,2019-07-22,PH,23.3,
urb32,658,cultivar,2019-07-22,PH,13.8,
urb32,72,cultivar,2019-07-22,PH,22.0,
nat18,326,native,2019-08-13,PH,15.0,
nat18,480,native,2019-08-13,PH,10.0,
nat18,632,native,2019-08-13,PH,17.0,
nat19,183,native,2019-08-13,PH,14.0,
nat19,185,native,2019-08-13,PH,17.0,
nat19,190,native,2019-08-13,PH,16.5,
nat19,22,native,2019-08-13,PH,18.0,
nat19,223,native,2019-08-13,PH,22.0,
nat19,270,native,2019-08-13,PH,11.5,
nat19,275,native,2019-08-13,PH,20.0,
nat19,33,native,2019-08-13,PH,9.0,
nat19,355,native,2019-08-13,PH,26.0,
nat19,364,native,2019-08-13,PH,25.0,
nat19,375,native,2019-08-13,PH,20.0,
nat19,397,native,2019-08-13,PH,11.5,
nat19,430,native,2019-08-13,PH,24.0,
nat19,46,native,2019-08-13,PH,19.5,
nat19,482,native,2019-08-13,PH,20.0,
nat19,513,native,2019-08-13,PH,26.5,
nat19,538,native,2019-08-13,PH,22.5,
nat19,557,native,2019-08-13,PH,16.8,
nat19,596,native,2019-08-13,PH,13.0,
nat19,606,native,2019-08-13,PH,23.0,
nat19,611,native,2019-08-13,PH,21.0,
nat19,616,native,2019-08-13,PH,21.0,
nat19,627,native,2019-08-13,PH,6.7,
nat19,631,native,2019-08-13,PH,26.0,
nat19,657,native,2019-08-13,PH,17.5,
nat19,659,native,2019-08-13,PH,18.5,
nat19,76,native,2019-08-13,PH,20.0,
nat20,301,native,2019-08-13,PH,12.5,
nat20,446,native,2019-08-13,PH,19.5,
nat20,473,native,2019-08-13,PH,21.5,
nat20,519,native,2019-08-13,PH,18.5,
nat20,605,native,2019-08-13,PH,17.5,
nat20,615,native,2019-08-13,PH,18.0,
nat21,332,native,2019-08-13,PH,18.0,
nat21,333,native,2019-08-13,PH,20.0,
nat21,358,native,2019-08-13,PH,25.5,
nat21,422,native,2019-08-13,PH,17.0,
nat21,500,native,2019-08-13,PH,18.0,
nat21,527,native,2019-08-13,PH,22.0,
nat21,568,native,2019-08-13,PH,26.0,
nat21,573,native,2019-08-13,PH,34.5,n
nat21,68,native,2019-08-13,PH,21.0,
nat22,101,native,2019-08-13,PH,13.0,
nat22,119,native,2019-08-13,PH,18.0,
nat22,142,native,2019-08-13,PH,16.5,
nat22,176,native,2019-08-13,PH,13.5,
nat22,191,native,2019-08-13,PH,8.5,
nat22,199,native,2019-08-13,PH,14.5,
nat22,25,native,2019-08-13,PH,17.0,
nat22,254,native,2019-08-13,PH,19.0,
nat22,353,native,2019-08-13,PH,21.0,
nat22,505,native,2019-08-13,PH,12.5,
nat22,535,native,2019-08-13,PH,21.8,
nat22,609,native,2019-08-13,PH,23.0,
nat22,638,native,2019-08-13,PH,27.0,
nat23,2,native,2019-08-13,PH,22.5,
nat23,216,native,2019-08-13,PH,13.0,
nat23,244,native,2019-08-13,PH,16.0,
nat23,259,native,2019-08-13,PH,17.0,
nat23,309,native,2019-08-13,PH,11.0,
nat23,380,native,2019-08-13,PH,18.0,
nat23,501,native,2019-08-13,PH,18.0,
nat24,485,native,2019-08-13,PH,25.0,
nat24,489,native,2019-08-13,PH,21.5,
nat24,90,native,2019-08-13,PH,17.0,
nat25,187,native,2019-08-13,PH,13.5,
nat25,299,native,2019-08-13,PH,11.5,
nat25,433,native,2019-08-13,PH,17.5,
nat25,520,native,2019-08-13,PH,21.5,
nat25,582,native,2019-08-13,PH,22.0,
nat25,613,native,2019-08-13,PH,21.0,
nat26,151,native,2019-08-13,PH,19.5,
nat26,16,native,2019-08-13,PH,6.5,
nat26,182,native,2019-08-13,PH,27.0,
nat26,269,native,2019-08-13,PH,15.5,
nat26,310,native,2019-08-13,PH,17.0,
nat26,338,native,2019-08-13,PH,12.0,
nat26,345,native,2019-08-13,PH,17.0,
nat26,373,native,2019-08-13,PH,26.0,
nat26,402,native,2019-08-13,PH,17.0,
nat26,414,native,2019-08-13,PH,15.5,
nat26,424,native,2019-08-13,PH,16.0,
nat26,47,native,2019-08-13,PH,20.5,
nat26,471,native,2019-08-13,PH,18.0,
nat26,524,native,2019-08-13,PH,19.5,
nat26,561,native,2019-08-13,PH,30.5,
nat26,625,native,2019-08-13,PH,29.0,
nat27,152,native,2019-08-13,PH,12.5,
nat27,181,native,2019-08-13,PH,21.5,
nat27,260,native,2019-08-13,PH,13.0,
nat27,347,native,2019-08-13,PH,13.5,
nat27,4,native,2019-08-13,PH,16.0,
nat27,406,native,2019-08-13,PH,14.5,
nat27,455,native,2019-08-13,PH,11.5,
nat27,517,native,2019-08-13,PH,25.5,
nat27,57,native,2019-08-13,PH,13.0,
nat27,655,native,2019-08-13,PH,16.0,
nat28,219,native,2019-08-13,PH,12.5,
nat28,304,native,2019-08-13,PH,13.5,
nat28,351,native,2019-08-13,PH,16.0,
nat28,448,native,2019-08-13,PH,20.0,
nat28,543,native,2019-08-13,PH,24.5,
nat28,598,native,2019-08-13,PH,12.0,
nat29,122,native,2019-08-13,PH,22.0,
nat29,137,native,2019-08-13,PH,17.0,
nat29,139,native,2019-08-13,PH,17.5,
nat29,153,native,2019-08-13,PH,25.0,
nat29,188,native,2019-08-13,PH,14.7,
nat29,194,native,2019-08-13,PH,19.5,
nat29,401,native,2019-08-13,PH,27.0,
nat29,423,native,2019-08-13,PH,12.5,
nat29,479,native,2019-08-13,PH,26.0,
nat29,5,native,2019-08-13,PH,25.0,
nat29,544,native,2019-08-13,PH,16.5,
nat29,565,native,2019-08-13,PH,26.5,
nat29,620,native,2019-08-13,PH,22.0,
nat29,99,native,2019-08-13,PH,13.5,
nat30,14,native,2019-08-13,PH,11.0,
nat30,429,native,2019-08-13,PH,11.0,
nat30,451,native,2019-08-13,PH,12.0,
nat30,650,native,2019-08-13,PH,12.5,
nat31,225,native,2019-08-13,PH,16.0,
nat31,279,native,2019-08-13,PH,16.5,
nat32,138,native,2019-08-13,PH,9.5,
nat32,197,native,2019-08-13,PH,18.5,
nat32,214,native,2019-08-13,PH,17.0,
nat32,303,native,2019-08-13,PH,17.5,
nat32,360,native,2019-08-13,PH,25.0,
nat32,385,native,2019-08-13,PH,20.5,
nat32,463,native,2019-08-13,PH,23.0,
nat33,297,native,2019-08-13,PH,15.0,
nat33,352,native,2019-08-13,PH,18.5,
nat33,365,native,2019-08-13,PH,24.0,
urb01,184,cultivar,2019-08-13,PH,29.0,
urb01,200,cultivar,2019-08-13,PH,22.0,
urb01,203,cultivar,2019-08-13,PH,22.0,
urb01,242,cultivar,2019-08-13,PH,20.0,
urb01,253,cultivar,2019-08-13,PH,25.5,
urb01,314,cultivar,2019-08-13,PH,17.0,
urb01,339,cultivar,2019-08-13,PH,18.5,
urb01,450,cultivar,2019-08-13,PH,22.5,
urb01,476,cultivar,2019-08-13,PH,25.5,
urb01,599,cultivar,2019-08-13,PH,16.0,
urb01,634,cultivar,2019-08-13,PH,24.5,
urb01,85,cultivar,2019-08-13,PH,15.0,
urb03,129,cultivar,2019-08-13,PH,25.5,
urb03,238,cultivar,2019-08-13,PH,15.2,
urb03,239,cultivar,2019-08-13,PH,23.0,
urb03,26,cultivar,2019-08-13,PH,28.0,
urb03,287,cultivar,2019-08-13,PH,16.0,
urb03,357,cultivar,2019-08-13,PH,40.0,
urb03,421,cultivar,2019-08-13,PH,25.2,
urb03,425,cultivar,2019-08-13,PH,17.5,
urb03,426,cultivar,2019-08-13,PH,26.0,
urb03,435,cultivar,2019-08-13,PH,28.0,
urb03,438,cultivar,2019-08-13,PH,26.0,
urb03,439,cultivar,2019-08-13,PH,18.0,
urb03,443,cultivar,2019-08-13,PH,22.5,
urb03,454,cultivar,2019-08-13,PH,21.0,
urb03,457,cultivar,2019-08-13,PH,20.5,
urb03,461,cultivar,2019-08-13,PH,16.0,
urb03,467,cultivar,2019-08-13,PH,18.0,
urb03,494,cultivar,2019-08-13,PH,19.0,
urb03,51,cultivar,2019-08-13,PH,21.0,
urb03,522,cultivar,2019-08-13,PH,26.0,
urb03,536,cultivar,2019-08-13,PH,39.5,
urb03,549,cultivar,2019-08-13,PH,26.0,
urb03,563,cultivar,2019-08-13,PH,33.0,
urb03,595,cultivar,2019-08-13,PH,31.5,
urb03,641,cultivar,2019-08-13,PH,30.0,
urb03,69,cultivar,2019-08-13,PH,16.2,
urb03,78,cultivar,2019-08-13,PH,20.5,
urb04,111,cultivar,2019-08-13,PH,15.0,
urb04,19,cultivar,2019-08-13,PH,19.0,
urb04,196,cultivar,2019-08-13,PH,19.0,
urb04,237,cultivar,2019-08-13,PH,22.0,
urb04,289,cultivar,2019-08-13,PH,17.5,
urb04,31,cultivar,2019-08-13,PH,18.0,
urb04,354,cultivar,2019-08-13,PH,22.5,
urb04,361,cultivar,2019-08-13,PH,19.0,
urb04,404,cultivar,2019-08-13,PH,19.5,
urb04,408,cultivar,2019-08-13,PH,25.0,
urb04,43,cultivar,2019-08-13,PH,13.0,
urb04,44,cultivar,2019-08-13,PH,22.0,
urb04,472,cultivar,2019-08-13,PH,26.5,
urb04,491,cultivar,2019-08-13,PH,19.0,
urb04,511,cultivar,2019-08-13,PH,15.5,
urb04,526,cultivar,2019-08-13,PH,24.5,
urb04,556,cultivar,2019-08-13,PH,10.0,
urb04,622,cultivar,2019-08-13,PH,22.0,
urb04,636,cultivar,2019-08-13,PH,28.0,
urb04,649,cultivar,2019-08-13,PH,32.5,
urb04,95,cultivar,2019-08-13,PH,16.0,
urb07,106,cultivar,2019-08-13,PH,23.0,
urb07,125,cultivar,2019-08-13,PH,18.0,
urb07,167,cultivar,2019-08-13,PH,15.0,
urb07,286,cultivar,2019-08-13,PH,28.0,
urb07,290,cultivar,2019-08-13,PH,22.0,
urb07,3,cultivar,2019-08-13,PH,18.0,
urb07,302,cultivar,2019-08-13,PH,17.8,
urb07,337,cultivar,2019-08-13,PH,19.0,
urb07,367,cultivar,2019-08-13,PH,27.0,
urb07,370,cultivar,2019-08-13,PH,16.0,
urb07,38,cultivar,2019-08-13,PH,24.2,
urb07,413,cultivar,2019-08-13,PH,18.0,
urb07,444,cultivar,2019-08-13,PH,16.0,
urb07,456,cultivar,2019-08-13,PH,23.0,
urb07,54,cultivar,2019-08-13,PH,21.0,
urb07,567,cultivar,2019-08-13,PH,24.0,
urb07,574,cultivar,2019-08-13,PH,22.0,
urb07,581,cultivar,2019-08-13,PH,29.0,
urb07,586,cultivar,2019-08-13,PH,15.5,
urb07,92,cultivar,2019-08-13,PH,20.5,
urb09,1,cultivar,2019-08-13,PH,36.0,
urb09,107,cultivar,2019-08-13,PH,22.0,
urb09,11,cultivar,2019-08-13,PH,30.5,
urb09,112,cultivar,2019-08-13,PH,33.0,
urb09,123,cultivar,2019-08-13,PH,29.0,
urb09,13,cultivar,2019-08-13,PH,28.0,
urb09,130,cultivar,2019-08-13,PH,28.0,
urb09,161,cultivar,2019-08-13,PH,21.0,
urb09,166,cultivar,2019-08-13,PH,23.0,
urb09,168,cultivar,2019-08-13,PH,20.0,
urb09,21,cultivar,2019-08-13,PH,37.0,
urb09,235,cultivar,2019-08-13,PH,25.0,
urb09,281,cultivar,2019-08-13,PH,37.5,
urb09,306,cultivar,2019-08-13,PH,27.5,
urb09,323,cultivar,2019-08-13,PH,26.0,
urb09,368,cultivar,2019-08-13,PH,43.0,
urb09,381,cultivar,2019-08-13,PH,27.0,
urb09,384,cultivar,2019-08-13,PH,11.5,
urb09,407,cultivar,2019-08-13,PH,56.0,
urb09,493,cultivar,2019-08-13,PH,36.0,
urb09,508,cultivar,2019-08-13,PH,28.0,
urb09,540,cultivar,2019-08-13,PH,34.0,
urb09,554,cultivar,2019-08-13,PH,30.0,
urb09,579,cultivar,2019-08-13,PH,30.0,
urb09,623,cultivar,2019-08-13,PH,40.0,
urb10,201,cultivar,2019-08-13,PH,15.0,
urb10,475,cultivar,2019-08-13,PH,28.5,
urb10,507,cultivar,2019-08-13,PH,21.0,
urb10,523,cultivar,2019-08-13,PH,26.0,
urb10,530,cultivar,2019-08-13,PH,19.8,
urb10,547,cultivar,2019-08-13,PH,33.5,
urb10,572,cultivar,2019-08-13,PH,27.0,
urb10,602,cultivar,2019-08-13,PH,29.0,
urb10,97,cultivar,2019-08-13,PH,18.0,
urb10,98,cultivar,2019-08-13,PH,22.0,
urb11,110,cultivar,2019-08-13,PH,19.5,
urb11,134,cultivar,2019-08-13,PH,22.0,
urb11,149,cultivar,2019-08-13,PH,19.0,
urb11,20,cultivar,2019-08-13,PH,19.5,
urb11,229,cultivar,2019-08-13,PH,19.5,
urb11,261,cultivar,2019-08-13,PH,22.5,
urb11,325,cultivar,2019-08-13,PH,22.0,
urb11,327,cultivar,2019-08-13,PH,24.0,
urb11,343,cultivar,2019-08-13,PH,22.0,
urb11,391,cultivar,2019-08-13,PH,22.0,
urb11,498,cultivar,2019-08-13,PH,26.0,
urb11,510,cultivar,2019-08-13,PH,29.0,
urb11,553,cultivar,2019-08-13,PH,31.0,
urb11,591,cultivar,2019-08-13,PH,35.0,
urb11,610,cultivar,2019-08-13,PH,9.0,
urb12,148,cultivar,2019-08-13,PH,17.0,
urb12,193,cultivar,2019-08-13,PH,14.0,
urb12,210,cultivar,2019-08-13,PH,22.0,
urb12,227,cultivar,2019-08-13,PH,18.5,
urb12,246,cultivar,2019-08-13,PH,10.0,
urb12,256,cultivar,2019-08-13,PH,19.0,
urb12,266,cultivar,2019-08-13,PH,23.0,
urb12,294,cultivar,2019-08-13,PH,28.5,
urb12,319,cultivar,2019-08-13,PH,24.0,
urb12,32,cultivar,2019-08-13,PH,21.0,
urb12,324,cultivar,2019-08-13,PH,18.0,
urb12,36,cultivar,2019-08-13,PH,20.5,
urb12,437,cultivar,2019-08-13,PH,21.0,
urb12,465,cultivar,2019-08-13,PH,21.0,
urb12,593,cultivar,2019-08-13,PH,35.5,
urb12,639,cultivar,2019-08-13,PH,25.5,
urb12,640,cultivar,2019-08-13,PH,13.0,
urb13,12,cultivar,2019-08-13,PH,26.0,
urb13,120,cultivar,2019-08-13,PH,20.0,
urb13,156,cultivar,2019-08-13,PH,34.0,
urb13,245,cultivar,2019-08-13,PH,20.0,
urb13,277,cultivar,2019-08-13,PH,28.0,
urb13,292,cultivar,2019-08-13,PH,18.5,
urb13,315,cultivar,2019-08-13,PH,21.5,
urb13,411,cultivar,2019-08-13,PH,25.0,
urb13,637,cultivar,2019-08-13,PH,20.0,
urb13,654,cultivar,2019-08-13,PH,20.0,
urb13,82,cultivar,2019-08-13,PH,26.0,
urb14,126,cultivar,2019-08-13,PH,23.0,
urb14,157,cultivar,2019-08-13,PH,19.5,
urb14,162,cultivar,2019-08-13,PH,17.0,
urb14,163,cultivar,2019-08-13,PH,19.0,
urb14,18,cultivar,2019-08-13,PH,17.5,
urb14,217,cultivar,2019-08-13,PH,18.5,
urb14,265,cultivar,2019-08-13,PH,22.0,
urb14,293,cultivar,2019-08-13,PH,18.0,
urb14,35,cultivar,2019-08-13,PH,15.0,
urb14,395,cultivar,2019-08-13,PH,28.5,
urb14,428,cultivar,2019-08-13,PH,22.5,
urb14,441,cultivar,2019-08-13,PH,25.0,
urb14,453,cultivar,2019-08-13,PH,24.5,
urb14,488,cultivar,2019-08-13,PH,25.0,
urb14,497,cultivar,2019-08-13,PH,21.0,
urb14,529,cultivar,2019-08-13,PH,22.5,
urb14,587,cultivar,2019-08-13,PH,15.0,
urb14,603,cultivar,2019-08-13,PH,24.0,
urb14,652,cultivar,2019-08-13,PH,28.0,
urb14,9,cultivar,2019-08-13,PH,20.5,
urb17,207,cultivar,2019-08-13,PH,20.0,
urb17,213,cultivar,2019-08-13,PH,14.0,
urb17,250,cultivar,2019-08-13,PH,22.0,
urb17,276,cultivar,2019-08-13,PH,21.0,
urb17,280,cultivar,2019-08-13,PH,14.0,
urb17,300,cultivar,2019-08-13,PH,17.0,
urb17,311,cultivar,2019-08-13,PH,27.0,
urb17,410,cultivar,2019-08-13,PH,23.0,
urb17,546,cultivar,2019-08-13,PH,30.5,
urb17,570,cultivar,2019-08-13,PH,21.0,
urb17,617,cultivar,2019-08-13,PH,35.5,
urb17,621,cultivar,2019-08-13,PH,21.0,
urb17,70,cultivar,2019-08-13,PH,25.5,
urb17,80,cultivar,2019-08-13,PH,12.0,
urb18,330,cultivar,2019-08-13,PH,18.5,
urb18,416,cultivar,2019-08-13,PH,17.0,
urb18,470,cultivar,2019-08-13,PH,23.0,
urb18,483,cultivar,2019-08-13,PH,21.5,
urb18,509,cultivar,2019-08-13,PH,18.5,
urb18,52,cultivar,2019-08-13,PH,7.0,
urb23,143,cultivar,2019-08-13,PH,22.0,
urb23,178,cultivar,2019-08-13,PH,21.0,
urb23,24,cultivar,2019-08-13,PH,24.0,
urb23,29,cultivar,2019-08-13,PH,15.0,
urb23,313,cultivar,2019-08-13,PH,18.0,
urb23,316,cultivar,2019-08-13,PH,20.0,
urb23,418,cultivar,2019-08-13,PH,25.0,
urb23,528,cultivar,2019-08-13,PH,26.5,
urb23,542,cultivar,2019-08-13,PH,20.0,
urb23,58,cultivar,2019-08-13,PH,10.5,
urb23,601,cultivar,2019-08-13,PH,32.5,
urb23,604,cultivar,2019-08-13,PH,25.0,
urb23,645,cultivar,2019-08-13,PH,15.0,
urb23,81,cultivar,2019-08-13,PH,27.5,
urb24,133,cultivar,2019-08-13,PH,28.0,
urb24,169,cultivar,2019-08-13,PH,16.0,
urb24,209,cultivar,2019-08-13,PH,20.0,
urb24,234,cultivar,2019-08-13,PH,21.0,
urb24,248,cultivar,2019-08-13,PH,22.0,
urb24,284,cultivar,2019-08-13,PH,15.0,
urb24,431,cultivar,2019-08-13,PH,25.0,
urb24,449,cultivar,2019-08-13,PH,29.0,
urb24,516,cultivar,2019-08-13,PH,27.0,
urb24,585,cultivar,2019-08-13,PH,20.5,
urb24,60,cultivar,2019-08-13,PH,26.5,
urb24,628,cultivar,2019-08-13,PH,29.0,
urb25,173,cultivar,2019-08-13,PH,23.5,
urb25,192,cultivar,2019-08-13,PH,26.8,
urb25,198,cultivar,2019-08-13,PH,18.0,
urb25,335,cultivar,2019-08-13,PH,30.0,
urb25,344,cultivar,2019-08-13,PH,16.5,
urb25,348,cultivar,2019-08-13,PH,16.0,
urb25,371,cultivar,2019-08-13,PH,19.0,
urb25,374,cultivar,2019-08-13,PH,25.0,
urb25,403,cultivar,2019-08-13,PH,20.0,
urb25,412,cultivar,2019-08-13,PH,19.5,
urb25,415,cultivar,2019-08-13,PH,22.5,
urb25,442,cultivar,2019-08-13,PH,34.0,
urb25,458,cultivar,2019-08-13,PH,18.0,
urb25,478,cultivar,2019-08-13,PH,29.9,
urb25,486,cultivar,2019-08-13,PH,29.0,
urb25,518,cultivar,2019-08-13,PH,21.0,
urb25,590,cultivar,2019-08-13,PH,33.0,
urb25,88,cultivar,2019-08-13,PH,30.0,
urb26,109,cultivar,2019-08-13,PH,19.0,
urb26,180,cultivar,2019-08-13,PH,22.0,
urb26,268,cultivar,2019-08-13,PH,18.0,
urb26,320,cultivar,2019-08-13,PH,24.0,
urb26,356,cultivar,2019-08-13,PH,31.0,
urb26,386,cultivar,2019-08-13,PH,14.5,
urb26,392,cultivar,2019-08-13,PH,18.0,
urb26,427,cultivar,2019-08-13,PH,17.5,
urb26,502,cultivar,2019-08-13,PH,26.5,
urb26,525,cultivar,2019-08-13,PH,25.5,
urb26,551,cultivar,2019-08-13,PH,29.0,
urb26,578,cultivar,2019-08-13,PH,27.0,
urb26,624,cultivar,2019-08-13,PH,33.0,
urb26,633,cultivar,2019-08-13,PH,29.5,
urb26,661,cultivar,2019-08-13,PH,24.0,
urb28,103,cultivar,2019-08-13,PH,23.0,
urb28,118,cultivar,2019-08-13,PH,30.0,
urb28,171,cultivar,2019-08-13,PH,21.5,
urb28,205,cultivar,2019-08-13,PH,25.0,
urb28,27,cultivar,2019-08-13,PH,28.0,
urb28,318,cultivar,2019-08-13,PH,12.5,
urb28,342,cultivar,2019-08-13,PH,19.0,
urb28,369,cultivar,2019-08-13,PH,26.0,
urb28,387,cultivar,2019-08-13,PH,21.0,
urb28,39,cultivar,2019-08-13,PH,26.0,
urb28,474,cultivar,2019-08-13,PH,27.0,
urb28,49,cultivar,2019-08-13,PH,25.0,
urb28,50,cultivar,2019-08-13,PH,17.0,
urb28,506,cultivar,2019-08-13,PH,23.0,
urb28,512,cultivar,2019-08-13,PH,21.5,
urb28,541,cultivar,2019-08-13,PH,25.2,
urb28,62,cultivar,2019-08-13,PH,18.5,
urb28,660,cultivar,2019-08-13,PH,22.0,
urb28,75,cultivar,2019-08-13,PH,14.5,
urb29,113,cultivar,2019-08-13,PH,21.0,
urb29,124,cultivar,2019-08-13,PH,20.0,
urb29,165,cultivar,2019-08-13,PH,17.0,
urb29,363,cultivar,2019-08-13,PH,23.0,
urb29,394,cultivar,2019-08-13,PH,24.5,
urb29,400,cultivar,2019-08-13,PH,26.0,
urb29,504,cultivar,2019-08-13,PH,15.5,
urb29,552,cultivar,2019-08-13,PH,13.0,
urb31,108,cultivar,2019-08-13,PH,20.0,
urb31,231,cultivar,2019-08-13,PH,15.0,
urb31,233,cultivar,2019-08-13,PH,15.5,
urb31,308,cultivar,2019-08-13,PH,19.0,
urb31,346,cultivar,2019-08-13,PH,15.0,
urb31,372,cultivar,2019-08-13,PH,27.0,
urb31,434,cultivar,2019-08-13,PH,22.0,
urb31,460,cultivar,2019-08-13,PH,17.0,
urb31,481,cultivar,2019-08-13,PH,21.0,
urb31,495,cultivar,2019-08-13,PH,15.5,
urb31,514,cultivar,2019-08-13,PH,20.0,
urb31,539,cultivar,2019-08-13,PH,25.0,
urb31,55,cultivar,2019-08-13,PH,16.0,
urb31,576,cultivar,2019-08-13,PH,26.0,
urb31,588,cultivar,2019-08-13,PH,25.0,
urb31,59,cultivar,2019-08-13,PH,20.0,
urb31,612,cultivar,2019-08-13,PH,28.0,
urb31,63,cultivar,2019-08-13,PH,25.0,
urb31,644,cultivar,2019-08-13,PH,15.0,
urb32,189,cultivar,2019-08-13,PH,20.5,
urb32,208,cultivar,2019-08-13,PH,19.0,
urb32,264,cultivar,2019-08-13,PH,27.0,
urb32,350,cultivar,2019-08-13,PH,19.0,
urb32,366,cultivar,2019-08-13,PH,19.5,
urb32,378,cultivar,2019-08-13,PH,24.0,
urb32,379,cultivar,2019-08-13,PH,27.0,
urb32,382,cultivar,2019-08-13,PH,22.5,
urb32,390,cultivar,2019-08-13,PH,24.0,
urb32,42,cultivar,2019-08-13,PH,27.0,
urb32,420,cultivar,2019-08-13,PH,22.0,
urb32,45,cultivar,2019-08-13,PH,26.0,
urb32,53,cultivar,2019-08-13,PH,14.0,
urb32,550,cultivar,2019-08-13,PH,37.0,
urb32,618,cultivar,2019-08-13,PH,25.0,
urb32,635,cultivar,2019-08-13,PH,25.0,
urb32,64,cultivar,2019-08-13,PH,23.5,
urb32,658,cultivar,2019-08-13,PH,15.0,
urb32,72,cultivar,2019-08-13,PH,27.0,
nat18,326,native,2019-09-08,PH,17.27,
nat18,480,native,2019-09-08,PH,11.43,
nat18,632,native,2019-09-08,PH,20.32,
nat19,183,native,2019-09-08,PH,13.97,
nat19,185,native,2019-09-08,PH,16.51,
nat19,190,native,2019-09-08,PH,18.41,
nat19,22,native,2019-09-08,PH,18.41,
nat19,223,native,2019-09-08,PH,23.11,
nat19,270,native,2019-09-08,PH,13.97,
nat19,275,native,2019-09-08,PH,20.57,
nat19,33,native,2019-09-08,PH,10.16,
nat19,355,native,2019-09-08,PH,26.16,
nat19,364,native,2019-09-08,PH,26.67,
nat19,375,native,2019-09-08,PH,22.61,
nat19,397,native,2019-09-08,PH,15.24,
nat19,430,native,2019-09-08,PH,24.13,
nat19,46,native,2019-09-08,PH,20.32,
nat19,482,native,2019-09-08,PH,20.32,
nat19,513,native,2019-09-08,PH,26.29,
nat19,538,native,2019-09-08,PH,22.86,
nat19,557,native,2019-09-08,PH,18.54,
nat19,596,native,2019-09-08,PH,14.61,
nat19,606,native,2019-09-08,PH,24.13,
nat19,611,native,2019-09-08,PH,22.1,
nat19,616,native,2019-09-08,PH,20.32,
nat19,627,native,2019-09-08,PH,7.62,
nat19,631,native,2019-09-08,PH,25.4,
nat19,657,native,2019-09-08,PH,17.53,
nat19,659,native,2019-09-08,PH,18.03,
nat19,76,native,2019-09-08,PH,20.32,
nat20,301,native,2019-09-08,PH,13.97,
nat20,446,native,2019-09-08,PH,18.92,
nat20,473,native,2019-09-08,PH,20.96,
nat20,519,native,2019-09-08,PH,17.53,
nat20,605,native,2019-09-08,PH,16.64,
nat20,615,native,2019-09-08,PH,17.27,
nat21,332,native,2019-09-08,PH,17.78,
nat21,333,native,2019-09-08,PH,21.34,
nat21,358,native,2019-09-08,PH,26.67,
nat21,422,native,2019-09-08,PH,19.68,
nat21,500,native,2019-09-08,PH,17.78,
nat21,527,native,2019-09-08,PH,23.5,
nat21,568,native,2019-09-08,PH,25.4,
nat21,573,native,2019-09-08,PH,36.2,
nat21,68,native,2019-09-08,PH,20.32,
nat22,101,native,2019-09-08,PH,13.97,
nat22,119,native,2019-09-08,PH,19.05,
nat22,142,native,2019-09-08,PH,17.78,
nat22,176,native,2019-09-08,PH,13.97,
nat22,191,native,2019-09-08,PH,8.89,
nat22,199,native,2019-09-08,PH,15.24,
nat22,25,native,2019-09-08,PH,16.51,
nat22,254,native,2019-09-08,PH,20.32,
nat22,353,native,2019-09-08,PH,22.86,
nat22,505,native,2019-09-08,PH,12.7,
nat22,535,native,2019-09-08,PH,22.86,
nat22,609,native,2019-09-08,PH,22.86,
nat22,638,native,2019-09-08,PH,30.99,
nat23,2,native,2019-09-08,PH,24.13,
nat23,216,native,2019-09-08,PH,15.49,
nat23,244,native,2019-09-08,PH,19.81,
nat23,259,native,2019-09-08,PH,15.88,
nat23,309,native,2019-09-08,PH,11.68,
nat23,380,native,2019-09-08,PH,17.78,
nat23,501,native,2019-09-08,PH,18.92,
nat24,147,native,2019-09-08,PH,18.54,
nat24,485,native,2019-09-08,PH,26.92,
nat24,489,native,2019-09-08,PH,20.96,
nat24,90,native,2019-09-08,PH,17.78,
nat25,187,native,2019-09-08,PH,15.24,
nat25,299,native,2019-09-08,PH,11.43,
nat25,433,native,2019-09-08,PH,17.78,
nat25,520,native,2019-09-08,PH,20.83,
nat25,582,native,2019-09-08,PH,21.59,
nat25,613,native,2019-09-08,PH,22.86,
nat26,151,native,2019-09-08,PH,20.32,
nat26,16,native,2019-09-08,PH,9.53,
nat26,182,native,2019-09-08,PH,25.4,
nat26,269,native,2019-09-08,PH,21.08,
nat26,310,native,2019-09-08,PH,17.78,
nat26,338,native,2019-09-08,PH,12.7,
nat26,345,native,2019-09-08,PH,17.78,
nat26,373,native,2019-09-08,PH,25.4,
nat26,402,native,2019-09-08,PH,16.51,
nat26,414,native,2019-09-08,PH,16.51,
nat26,424,native,2019-09-08,PH,16.51,
nat26,47,native,2019-09-08,PH,22.23,
nat26,471,native,2019-09-08,PH,17.78,
nat26,524,native,2019-09-08,PH,18.54,
nat26,561,native,2019-09-08,PH,29.72,
nat27,152,native,2019-09-08,PH,12.7,
nat27,181,native,2019-09-08,PH,21.59,
nat27,260,native,2019-09-08,PH,15.24,
nat27,347,native,2019-09-08,PH,12.7,
nat27,4,native,2019-09-08,PH,17.53,
nat27,406,native,2019-09-08,PH,15.88,
nat27,455,native,2019-09-08,PH,11.68,
nat27,517,native,2019-09-08,PH,26.54,
nat27,57,native,2019-09-08,PH,11.43,
nat27,655,native,2019-09-08,PH,15.24,
nat28,219,native,2019-09-08,PH,12.7,
nat28,304,native,2019-09-08,PH,13.97,
nat28,351,native,2019-09-08,PH,21.59,
nat28,448,native,2019-09-08,PH,20.07,
nat28,543,native,2019-09-08,PH,25.4,
nat28,598,native,2019-09-08,PH,12.7,
nat29,122,native,2019-09-08,PH,20.57,
nat29,137,native,2019-09-08,PH,17.14,
nat29,139,native,2019-09-08,PH,17.78,
nat29,153,native,2019-09-08,PH,24.13,
nat29,188,native,2019-09-08,PH,15.24,
nat29,194,native,2019-09-08,PH,22.35,
nat29,401,native,2019-09-08,PH,29.72,
nat29,423,native,2019-09-08,PH,12.57,
nat29,479,native,2019-09-08,PH,25.4,
nat29,5,native,2019-09-08,PH,24.77,
nat29,544,native,2019-09-08,PH,21.08,
nat29,565,native,2019-09-08,PH,25.4,
nat29,620,native,2019-09-08,PH,21.72,
nat29,99,native,2019-09-08,PH,14.22,
nat30,14,native,2019-09-08,PH,14.48,
nat30,429,native,2019-09-08,PH,12.7,
nat30,451,native,2019-09-08,PH,12.7,
nat30,592,native,2019-09-08,PH,33.53,
nat30,650,native,2019-09-08,PH,12.7,
nat31,225,native,2019-09-08,PH,12.7,
nat31,279,native,2019-09-08,PH,17.65,
nat32,138,native,2019-09-08,PH,10.16,
nat32,197,native,2019-09-08,PH,19.05,
nat32,214,native,2019-09-08,PH,17.78,
nat32,303,native,2019-09-08,PH,17.78,
nat32,360,native,2019-09-08,PH,24.38,
nat32,385,native,2019-09-08,PH,21.59,
nat32,463,native,2019-09-08,PH,22.61,
nat33,297,native,2019-09-08,PH,17.27,
nat33,352,native,2019-09-08,PH,17.78,
nat33,365,native,2019-09-08,PH,23.88,
urb01,184,cultivar,2019-09-08,PH,28.19,
urb01,200,cultivar,2019-09-08,PH,22.61,
urb01,203,cultivar,2019-09-08,PH,20.32,
urb01,242,cultivar,2019-09-08,PH,19.68,
urb01,253,cultivar,2019-09-08,PH,27.18,
urb01,314,cultivar,2019-09-08,PH,17.78,
urb01,339,cultivar,2019-09-08,PH,18.92,
urb01,450,cultivar,2019-09-08,PH,17.78,
urb01,476,cultivar,2019-09-08,PH,24.64,
urb01,599,cultivar,2019-09-08,PH,17.27,
urb01,634,cultivar,2019-09-08,PH,25.4,
urb01,85,cultivar,2019-09-08,PH,15.88,
urb03,129,cultivar,2019-09-08,PH,26.67,
urb03,238,cultivar,2019-09-08,PH,13.21,
urb03,239,cultivar,2019-09-08,PH,28.57,
urb03,26,cultivar,2019-09-08,PH,30.23,
urb03,287,cultivar,2019-09-08,PH,26.67,
urb03,357,cultivar,2019-09-08,PH,43.18,
urb03,421,cultivar,2019-09-08,PH,25.15,
urb03,425,cultivar,2019-09-08,PH,16.76,
urb03,426,cultivar,2019-09-08,PH,29.08,
urb03,435,cultivar,2019-09-08,PH,31.75,
urb03,438,cultivar,2019-09-08,PH,25.65,
urb03,439,cultivar,2019-09-08,PH,17.78,
urb03,443,cultivar,2019-09-08,PH,24.13,
urb03,454,cultivar,2019-09-08,PH,24.89,
urb03,457,cultivar,2019-09-08,PH,22.86,
urb03,461,cultivar,2019-09-08,PH,19.05,
urb03,467,cultivar,2019-09-08,PH,17.27,
urb03,494,cultivar,2019-09-08,PH,20.32,
urb03,51,cultivar,2019-09-08,PH,20.32,
urb03,522,cultivar,2019-09-08,PH,26.29,
urb03,536,cultivar,2019-09-08,PH,38.1,
urb03,549,cultivar,2019-09-08,PH,25.4,
urb03,563,cultivar,2019-09-08,PH,32.38,
urb03,595,cultivar,2019-09-08,PH,32.0,
urb03,641,cultivar,2019-09-08,PH,35.56,
urb03,69,cultivar,2019-09-08,PH,16.51,
urb03,78,cultivar,2019-09-08,PH,19.81,
urb04,111,cultivar,2019-09-08,PH,17.4,
urb04,19,cultivar,2019-09-08,PH,20.32,
urb04,196,cultivar,2019-09-08,PH,22.48,
urb04,237,cultivar,2019-09-08,PH,20.96,
urb04,289,cultivar,2019-09-08,PH,17.78,
urb04,31,cultivar,2019-09-08,PH,19.05,
urb04,354,cultivar,2019-09-08,PH,22.86,
urb04,361,cultivar,2019-09-08,PH,22.61,
urb04,404,cultivar,2019-09-08,PH,17.78,
urb04,408,cultivar,2019-09-08,PH,24.77,
urb04,43,cultivar,2019-09-08,PH,12.7,
urb04,44,cultivar,2019-09-08,PH,21.59,
urb04,472,cultivar,2019-09-08,PH,27.3,
urb04,491,cultivar,2019-09-08,PH,19.94,
urb04,511,cultivar,2019-09-08,PH,18.54,
urb04,526,cultivar,2019-09-08,PH,25.4,
urb04,556,cultivar,2019-09-08,PH,10.16,
urb04,622,cultivar,2019-09-08,PH,22.86,
urb04,636,cultivar,2019-09-08,PH,29.21,
urb04,649,cultivar,2019-09-08,PH,33.02,
urb04,95,cultivar,2019-09-08,PH,15.49,
urb07,106,cultivar,2019-09-08,PH,24.13,
urb07,125,cultivar,2019-09-08,PH,18.29,
urb07,167,cultivar,2019-09-08,PH,15.24,
urb07,286,cultivar,2019-09-08,PH,16.76,
urb07,290,cultivar,2019-09-08,PH,24.13,
urb07,3,cultivar,2019-09-08,PH,21.59,
urb07,302,cultivar,2019-09-08,PH,19.05,
urb07,337,cultivar,2019-09-08,PH,19.56,
urb07,367,cultivar,2019-09-08,PH,25.4,
urb07,370,cultivar,2019-09-08,PH,15.62,
urb07,38,cultivar,2019-09-08,PH,24.13,
urb07,413,cultivar,2019-09-08,PH,18.67,
urb07,444,cultivar,2019-09-08,PH,16.76,
urb07,456,cultivar,2019-09-08,PH,20.57,
urb07,54,cultivar,2019-09-08,PH,20.32,
urb07,567,cultivar,2019-09-08,PH,24.38,
urb07,574,cultivar,2019-09-08,PH,21.21,
urb07,581,cultivar,2019-09-08,PH,29.46,
urb07,586,cultivar,2019-09-08,PH,13.97,
urb07,92,cultivar,2019-09-08,PH,20.32,
urb09,1,cultivar,2019-09-08,PH,34.29,
urb09,107,cultivar,2019-09-08,PH,21.59,
urb09,11,cultivar,2019-09-08,PH,31.75,
urb09,112,cultivar,2019-09-08,PH,34.29,
urb09,123,cultivar,2019-09-08,PH,29.21,
urb09,13,cultivar,2019-09-08,PH,28.19,
urb09,130,cultivar,2019-09-08,PH,28.57,
urb09,136,cultivar,2019-09-08,PH,33.02,
urb09,161,cultivar,2019-09-08,PH,21.46,
urb09,166,cultivar,2019-09-08,PH,23.5,
urb09,168,cultivar,2019-09-08,PH,20.5,
urb09,21,cultivar,2019-09-08,PH,36.83,
urb09,235,cultivar,2019-09-08,PH,25.4,
urb09,281,cultivar,2019-09-08,PH,40.64,
urb09,306,cultivar,2019-09-08,PH,26.67,
urb09,323,cultivar,2019-09-08,PH,26.04,
urb09,368,cultivar,2019-09-08,PH,45.97,
urb09,381,cultivar,2019-09-08,PH,26.67,
urb09,384,cultivar,2019-09-08,PH,15.24,
urb09,407,cultivar,2019-09-08,PH,51.18,
urb09,493,cultivar,2019-09-08,PH,39.12,
urb09,508,cultivar,2019-09-08,PH,27.94,
urb09,540,cultivar,2019-09-08,PH,34.8,
urb09,554,cultivar,2019-09-08,PH,33.66,
urb09,579,cultivar,2019-09-08,PH,33.02,
urb09,623,cultivar,2019-09-08,PH,46.86,
urb10,201,cultivar,2019-09-08,PH,15.24,
urb10,475,cultivar,2019-09-08,PH,28.32,
urb10,507,cultivar,2019-09-08,PH,21.08,
urb10,523,cultivar,2019-09-08,PH,26.92,
urb10,530,cultivar,2019-09-08,PH,20.7,
urb10,547,cultivar,2019-09-08,PH,38.1,
urb10,572,cultivar,2019-09-08,PH,29.21,
urb10,602,cultivar,2019-09-08,PH,29.21,
urb10,97,cultivar,2019-09-08,PH,18.29,
urb10,98,cultivar,2019-09-08,PH,22.86,
urb11,110,cultivar,2019-09-08,PH,20.32,
urb11,134,cultivar,2019-09-08,PH,24.38,
urb11,145,cultivar,2019-09-08,PH,15.24,
urb11,149,cultivar,2019-09-08,PH,19.05,
urb11,20,cultivar,2019-09-08,PH,19.68,
urb11,229,cultivar,2019-09-08,PH,18.16,
urb11,261,cultivar,2019-09-08,PH,22.86,
urb11,325,cultivar,2019-09-08,PH,25.4,
urb11,327,cultivar,2019-09-08,PH,23.37,
urb11,343,cultivar,2019-09-08,PH,22.1,
urb11,391,cultivar,2019-09-08,PH,23.11,
urb11,498,cultivar,2019-09-08,PH,26.67,
urb11,510,cultivar,2019-09-08,PH,29.08,
urb11,553,cultivar,2019-09-08,PH,33.02,
urb11,583,cultivar,2019-09-08,PH,22.99,
urb11,610,cultivar,2019-09-08,PH,11.3,
urb12,148,cultivar,2019-09-08,PH,22.35,
urb12,193,cultivar,2019-09-08,PH,14.61,
urb12,210,cultivar,2019-09-08,PH,23.88,
urb12,227,cultivar,2019-09-08,PH,18.54,
urb12,246,cultivar,2019-09-08,PH,12.7,
urb12,256,cultivar,2019-09-08,PH,18.16,
urb12,266,cultivar,2019-09-08,PH,23.75,
urb12,294,cultivar,2019-09-08,PH,28.96,
urb12,319,cultivar,2019-09-08,PH,24.0,
urb12,32,cultivar,2019-09-08,PH,20.32,
urb12,324,cultivar,2019-09-08,PH,20.96,
urb12,36,cultivar,2019-09-08,PH,20.32,
urb12,437,cultivar,2019-09-08,PH,21.59,
urb12,465,cultivar,2019-09-08,PH,21.97,
urb12,593,cultivar,2019-09-08,PH,40.64,
urb12,639,cultivar,2019-09-08,PH,26.16,
urb12,640,cultivar,2019-09-08,PH,13.34,
urb13,12,cultivar,2019-09-08,PH,26.04,
urb13,120,cultivar,2019-09-08,PH,20.32,
urb13,156,cultivar,2019-09-08,PH,36.2,
urb13,245,cultivar,2019-09-08,PH,20.57,
urb13,277,cultivar,2019-09-08,PH,28.57,
urb13,292,cultivar,2019-09-08,PH,18.54,
urb13,315,cultivar,2019-09-08,PH,21.34,
urb13,411,cultivar,2019-09-08,PH,24.38,
urb13,637,cultivar,2019-09-08,PH,20.07,
urb13,654,cultivar,2019-09-08,PH,18.03,
urb13,82,cultivar,2019-09-08,PH,26.16,
urb14,126,cultivar,2019-09-08,PH,22.48,
urb14,157,cultivar,2019-09-08,PH,20.83,
urb14,162,cultivar,2019-09-08,PH,15.24,
urb14,163,cultivar,2019-09-08,PH,21.59,
urb14,18,cultivar,2019-09-08,PH,21.59,
urb14,217,cultivar,2019-09-08,PH,16.64,
urb14,265,cultivar,2019-09-08,PH,22.86,
urb14,293,cultivar,2019-09-08,PH,17.78,
urb14,35,cultivar,2019-09-08,PH,16.51,
urb14,395,cultivar,2019-09-08,PH,28.57,
urb14,428,cultivar,2019-09-08,PH,22.61,
urb14,441,cultivar,2019-09-08,PH,24.64,
urb14,453,cultivar,2019-09-08,PH,25.27,
urb14,488,cultivar,2019-09-08,PH,23.37,
urb14,497,cultivar,2019-09-08,PH,24.13,
urb14,529,cultivar,2019-09-08,PH,24.13,
urb14,587,cultivar,2019-09-08,PH,17.53,
urb14,603,cultivar,2019-09-08,PH,24.13,
urb14,652,cultivar,2019-09-08,PH,25.4,
urb14,9,cultivar,2019-09-08,PH,20.83,
urb17,207,cultivar,2019-09-08,PH,20.32,
urb17,213,cultivar,2019-09-08,PH,15.24,
urb17,250,cultivar,2019-09-08,PH,24.38,
urb17,276,cultivar,2019-09-08,PH,21.59,
urb17,280,cultivar,2019-09-08,PH,17.78,
urb17,300,cultivar,2019-09-08,PH,16.76,
urb17,311,cultivar,2019-09-08,PH,24.13,
urb17,410,cultivar,2019-09-08,PH,22.61,
urb17,546,cultivar,2019-09-08,PH,31.75,
urb17,570,cultivar,2019-09-08,PH,19.68,
urb17,617,cultivar,2019-09-08,PH,36.7,
urb17,621,cultivar,2019-09-08,PH,20.7,
urb17,70,cultivar,2019-09-08,PH,25.65,
urb17,80,cultivar,2019-09-08,PH,11.43,
urb18,155,cultivar,2019-09-08,PH,17.02,
urb18,330,cultivar,2019-09-08,PH,22.61,
urb18,416,cultivar,2019-09-08,PH,19.81,
urb18,470,cultivar,2019-09-08,PH,22.48,
urb18,483,cultivar,2019-09-08,PH,22.86,
urb18,509,cultivar,2019-09-08,PH,18.8,
urb18,52,cultivar,2019-09-08,PH,9.53,
urb23,132,cultivar,2019-09-08,PH,15.24,
urb23,143,cultivar,2019-09-08,PH,23.5,
urb23,178,cultivar,2019-09-08,PH,20.57,
urb23,24,cultivar,2019-09-08,PH,23.37,
urb23,29,cultivar,2019-09-08,PH,15.24,
urb23,313,cultivar,2019-09-08,PH,20.32,
urb23,316,cultivar,2019-09-08,PH,20.32,
urb23,418,cultivar,2019-09-08,PH,24.38,
urb23,528,cultivar,2019-09-08,PH,26.67,
urb23,542,cultivar,2019-09-08,PH,21.59,
urb23,58,cultivar,2019-09-08,PH,14.61,
urb23,601,cultivar,2019-09-08,PH,34.29,
urb23,604,cultivar,2019-09-08,PH,28.96,
urb23,645,cultivar,2019-09-08,PH,15.24,
urb23,81,cultivar,2019-09-08,PH,27.94,
urb24,133,cultivar,2019-09-08,PH,26.04,
urb24,160,cultivar,2019-09-08,PH,17.78,
urb24,169,cultivar,2019-09-08,PH,16.0,
urb24,209,cultivar,2019-09-08,PH,20.32,
urb24,234,cultivar,2019-09-08,PH,20.32,
urb24,248,cultivar,2019-09-08,PH,23.5,
urb24,284,cultivar,2019-09-08,PH,17.78,
urb24,431,cultivar,2019-09-08,PH,27.94,
urb24,449,cultivar,2019-09-08,PH,27.94,
urb24,516,cultivar,2019-09-08,PH,27.94,
urb24,585,cultivar,2019-09-08,PH,19.05,
urb24,60,cultivar,2019-09-08,PH,26.16,
urb24,628,cultivar,2019-09-08,PH,28.96,
urb25,173,cultivar,2019-09-08,PH,25.4,
urb25,192,cultivar,2019-09-08,PH,28.57,
urb25,198,cultivar,2019-09-08,PH,16.51,
urb25,335,cultivar,2019-09-08,PH,29.84,
urb25,344,cultivar,2019-09-08,PH,16.51,
urb25,348,cultivar,2019-09-08,PH,16.76,
urb25,371,cultivar,2019-09-08,PH,22.86,
urb25,374,cultivar,2019-09-08,PH,25.65,
urb25,403,cultivar,2019-09-08,PH,19.05,
urb25,412,cultivar,2019-09-08,PH,20.83,
urb25,415,cultivar,2019-09-08,PH,22.86,
urb25,442,cultivar,2019-09-08,PH,35.56,
urb25,452,cultivar,2019-09-08,PH,23.5,
urb25,458,cultivar,2019-09-08,PH,17.78,
urb25,478,cultivar,2019-09-08,PH,29.21,
urb25,486,cultivar,2019-09-08,PH,28.96,
urb25,518,cultivar,2019-09-08,PH,20.32,
urb25,590,cultivar,2019-09-08,PH,30.61,
urb25,88,cultivar,2019-09-08,PH,24.13,
urb26,109,cultivar,2019-09-08,PH,18.8,
urb26,180,cultivar,2019-09-08,PH,23.11,
urb26,268,cultivar,2019-09-08,PH,19.05,
urb26,320,cultivar,2019-09-08,PH,27.05,
urb26,356,cultivar,2019-09-08,PH,32.77,
urb26,386,cultivar,2019-09-08,PH,14.22,
urb26,392,cultivar,2019-09-08,PH,17.78,
urb26,427,cultivar,2019-09-08,PH,17.78,
urb26,502,cultivar,2019-09-08,PH,26.04,
urb26,525,cultivar,2019-09-08,PH,33.02,
urb26,551,cultivar,2019-09-08,PH,28.57,
urb26,578,cultivar,2019-09-08,PH,27.05,
urb26,624,cultivar,2019-09-08,PH,33.02,
urb26,633,cultivar,2019-09-08,PH,29.21,
urb26,661,cultivar,2019-09-08,PH,25.4,
urb28,103,cultivar,2019-09-08,PH,24.64,
urb28,118,cultivar,2019-09-08,PH,33.02,
urb28,171,cultivar,2019-09-08,PH,20.83,
urb28,205,cultivar,2019-09-08,PH,24.77,
urb28,27,cultivar,2019-09-08,PH,28.45,
urb28,295,cultivar,2019-09-08,PH,15.24,
urb28,318,cultivar,2019-09-08,PH,15.24,
urb28,342,cultivar,2019-09-08,PH,22.86,
urb28,369,cultivar,2019-09-08,PH,26.67,
urb28,387,cultivar,2019-09-08,PH,22.86,
urb28,39,cultivar,2019-09-08,PH,24.38,
urb28,474,cultivar,2019-09-08,PH,27.94,
urb28,49,cultivar,2019-09-08,PH,25.4,
urb28,50,cultivar,2019-09-08,PH,17.78,
urb28,506,cultivar,2019-09-08,PH,22.86,
urb28,512,cultivar,2019-09-08,PH,24.77,
urb28,541,cultivar,2019-09-08,PH,25.4,
urb28,62,cultivar,2019-09-08,PH,21.59,
urb28,660,cultivar,2019-09-08,PH,21.08,
urb28,75,cultivar,2019-09-08,PH,14.61,
urb29,113,cultivar,2019-09-08,PH,21.59,
urb29,124,cultivar,2019-09-08,PH,20.7,
urb29,165,cultivar,2019-09-08,PH,19.3,
urb29,363,cultivar,2019-09-08,PH,24.13,
urb29,394,cultivar,2019-09-08,PH,25.15,
urb29,400,cultivar,2019-09-08,PH,25.4,
urb29,504,cultivar,2019-09-08,PH,14.61,
urb29,552,cultivar,2019-09-08,PH,13.59,
urb31,108,cultivar,2019-09-08,PH,21.59,
urb31,231,cultivar,2019-09-08,PH,15.24,
urb31,233,cultivar,2019-09-08,PH,16.0,
urb31,308,cultivar,2019-09-08,PH,19.05,
urb31,346,cultivar,2019-09-08,PH,13.97,
urb31,372,cultivar,2019-09-08,PH,27.94,
urb31,434,cultivar,2019-09-08,PH,25.15,
urb31,460,cultivar,2019-09-08,PH,18.16,
urb31,481,cultivar,2019-09-08,PH,21.59,
urb31,495,cultivar,2019-09-08,PH,19.56,
urb31,514,cultivar,2019-09-08,PH,19.05,
urb31,539,cultivar,2019-09-08,PH,24.77,
urb31,55,cultivar,2019-09-08,PH,15.24,
urb31,576,cultivar,2019-09-08,PH,25.65,
urb31,588,cultivar,2019-09-08,PH,25.4,
urb31,59,cultivar,2019-09-08,PH,20.32,
urb31,612,cultivar,2019-09-08,PH,30.48,
urb31,63,cultivar,2019-09-08,PH,24.38,
urb31,644,cultivar,2019-09-08,PH,15.24,
urb32,189,cultivar,2019-09-08,PH,21.84,
urb32,208,cultivar,2019-09-08,PH,22.86,
urb32,264,cultivar,2019-09-08,PH,25.4,
urb32,350,cultivar,2019-09-08,PH,19.68,
urb32,366,cultivar,2019-09-08,PH,23.88,
urb32,378,cultivar,2019-09-08,PH,26.42,
urb32,379,cultivar,2019-09-08,PH,26.16,
urb32,382,cultivar,2019-09-08,PH,22.86,
urb32,390,cultivar,2019-09-08,PH,23.37,
urb32,42,cultivar,2019-09-08,PH,24.13,
urb32,420,cultivar,2019-09-08,PH,24.13,
urb32,45,cultivar,2019-09-08,PH,25.4,
urb32,53,cultivar,2019-09-08,PH,13.97,
urb32,550,cultivar,2019-09-08,PH,38.1,
urb32,618,cultivar,2019-09-08,PH,26.67,
urb32,635,cultivar,2019-09-08,PH,25.4,
urb32,64,cultivar,2019-09-08,PH,24.13,
urb32,658,cultivar,2019-09-08,PH,16.26,
urb32,72,cultivar,2019-09-08,PH,27.94,
nat18,326,native,2019-02-18,SD,0.82,
nat18,480,native,2019-02-18,SD,0.77,
nat18,632,native,2019-02-18,SD,0.87,
nat19,100,native,2019-02-18,SD,0.77,dead?
nat19,183,native,2019-02-18,SD,0.99,
nat19,185,native,2019-02-18,SD,0.93,v
nat19,190,native,2019-02-18,SD,0.95,
nat19,202,native,2019-02-18,SD,0.73,
nat19,22,native,2019-02-18,SD,1.13,
nat19,223,native,2019-02-18,SD,1.17,
nat19,270,native,2019-02-18,SD,1.13,
nat19,275,native,2019-02-18,SD,0.94,
nat19,33,native,2019-02-18,SD,0.74,tiny
nat19,355,native,2019-02-18,SD,1.65,v
nat19,364,native,2019-02-18,SD,1.18,
nat19,375,native,2019-02-18,SD,1.35,
nat19,397,native,2019-02-18,SD,0.85,v
nat19,398,native,2019-02-18,SD,1.14,
nat19,430,native,2019-02-18,SD,1.36,
nat19,46,native,2019-02-18,SD,1.15,v
nat19,468,native,2019-02-18,SD,0.85,
nat19,482,native,2019-02-18,SD,1.88,
nat19,513,native,2019-02-18,SD,1.32,
nat19,538,native,2019-02-18,SD,0.92,
nat19,557,native,2019-02-18,SD,0.99,
nat19,571,native,2019-02-18,SD,0.94,"tiny, dead?"
nat19,596,native,2019-02-18,SD,1.28,
nat19,606,native,2019-02-18,SD,1.16,
nat19,611,native,2019-02-18,SD,0.79,
nat19,616,native,2019-02-18,SD,1.33,
nat19,627,native,2019-02-18,SD,0.91,
nat19,631,native,2019-02-18,SD,1.2,
nat19,642,native,2019-02-18,SD,0.99,
nat19,657,native,2019-02-18,SD,1.42,
nat19,659,native,2019-02-18,SD,1.32,
nat19,76,native,2019-02-18,SD,0.98,
nat20,301,native,2019-02-18,SD,0.85,
nat20,446,native,2019-02-18,SD,0.98,
nat20,473,native,2019-02-18,SD,1.09,
nat20,519,native,2019-02-18,SD,1.3,
nat20,605,native,2019-02-18,SD,1.2,
nat20,615,native,2019-02-18,SD,0.95,
nat21,332,native,2019-02-18,SD,1.33,
nat21,333,native,2019-02-18,SD,1.01,tiny
nat21,358,native,2019-02-18,SD,1.26,v
nat21,422,native,2019-02-18,SD,0.98,
nat21,500,native,2019-02-18,SD,1.06,
nat21,527,native,2019-02-18,SD,1.4,
nat21,568,native,2019-02-18,SD,1.12,
nat21,573,native,2019-02-18,SD,1.62,
nat21,68,native,2019-02-18,SD,1.53,
nat22,101,native,2019-02-18,SD,1.2,
nat22,119,native,2019-02-18,SD,1.01,
nat22,142,native,2019-02-18,SD,1.25,
nat22,176,native,2019-02-18,SD,1.19,dead?
nat22,191,native,2019-02-18,SD,0.74,
nat22,199,native,2019-02-18,SD,1.15,
nat22,25,native,2019-02-18,SD,0.94,
nat22,254,native,2019-02-18,SD,1.27,
nat22,353,native,2019-02-18,SD,1.02,
nat22,505,native,2019-02-18,SD,1.26,
nat22,535,native,2019-02-18,SD,1.27,
nat22,609,native,2019-02-18,SD,1.24,
nat22,638,native,2019-02-18,SD,1.14,
nat23,2,native,2019-02-18,SD,0.94,v
nat23,216,native,2019-02-18,SD,0.98,
nat23,244,native,2019-02-18,SD,0.8,
nat23,259,native,2019-02-18,SD,1.1,v
nat23,309,native,2019-02-18,SD,0.84,
nat23,334,native,2019-02-18,SD,0.9,
nat23,380,native,2019-02-18,SD,1.15,
nat23,501,native,2019-02-18,SD,1.34,
nat23,575,native,2019-02-18,SD,0.93,dead?
nat24,147,native,2019-02-18,SD,0.99,
nat24,485,native,2019-02-18,SD,1.18,half a leaf form last year?
nat24,489,native,2019-02-18,SD,1.15,2 leaves from this year?
nat24,8,native,2019-02-18,SD,0.93,
nat24,90,native,2019-02-18,SD,0.9,
nat25,187,native,2019-02-18,SD,0.83,
nat25,299,native,2019-02-18,SD,0.96,
nat25,433,native,2019-02-18,SD,1.42,
nat25,520,native,2019-02-18,SD,1.11,
nat25,537,native,2019-02-18,SD,0.74,
nat25,582,native,2019-02-18,SD,1.26,
nat25,613,native,2019-02-18,SD,1.06,
nat26,151,native,2019-02-18,SD,1.27,
nat26,16,native,2019-02-18,SD,0.96,tiny
nat26,182,native,2019-02-18,SD,1.34,
nat26,269,native,2019-02-18,SD,0.75,
nat26,310,native,2019-02-18,SD,0.99,
nat26,338,native,2019-02-18,SD,0.8,
nat26,345,native,2019-02-18,SD,1.01,
nat26,373,native,2019-02-18,SD,1.31,
nat26,402,native,2019-02-18,SD,1.18,
nat26,414,native,2019-02-18,SD,1.22,
nat26,424,native,2019-02-18,SD,1.15,
nat26,47,native,2019-02-18,SD,1.07,
nat26,471,native,2019-02-18,SD,1.01,
nat26,524,native,2019-02-18,SD,1.15,
nat26,561,native,2019-02-18,SD,1.12,
nat26,625,native,2019-02-18,SD,1.56,
nat27,152,native,2019-02-18,SD,0.8,
nat27,181,native,2019-02-18,SD,1.21,
nat27,206,native,2019-02-18,SD,1.05,v
nat27,23,native,2019-02-18,SD,0.85,tiny
nat27,260,native,2019-02-18,SD,1.05,
nat27,263,native,2019-02-18,SD,0.75,
nat27,341,native,2019-02-18,SD,0.87,v
nat27,347,native,2019-02-18,SD,1.12,
nat27,4,native,2019-02-18,SD,1.05,
nat27,406,native,2019-02-18,SD,1.16,
nat27,455,native,2019-02-18,SD,0.97,
nat27,517,native,2019-02-18,SD,1.27,
nat27,57,native,2019-02-18,SD,1.18,
nat27,655,native,2019-02-18,SD,0.88,
nat28,219,native,2019-02-18,SD,0.81,tiny
nat28,304,native,2019-02-18,SD,0.75,
nat28,351,native,2019-02-18,SD,1.61,
nat28,448,native,2019-02-18,SD,1.1,
nat28,543,native,2019-02-18,SD,0.97,
nat28,598,native,2019-02-18,SD,0.84,
nat29,122,native,2019-02-18,SD,1.18,
nat29,137,native,2019-02-18,SD,0.94,
nat29,139,native,2019-02-18,SD,0.74,
nat29,153,native,2019-02-18,SD,0.99,
nat29,188,native,2019-02-18,SD,0.86,
nat29,194,native,2019-02-18,SD,0.92,
nat29,401,native,2019-02-18,SD,1.06,
nat29,423,native,2019-02-18,SD,1.04,
nat29,479,native,2019-02-18,SD,1.21,
nat29,5,native,2019-02-18,SD,1.26,
nat29,544,native,2019-02-18,SD,1,
nat29,565,native,2019-02-18,SD,1.29,
nat29,620,native,2019-02-18,SD,0.92,
nat29,99,native,2019-02-18,SD,0.79,v
nat30,14,native,2019-02-18,SD,0.83,v
nat30,429,native,2019-02-18,SD,0.89,
nat30,451,native,2019-02-18,SD,0.95,tiny
nat30,592,native,2019-02-18,SD,0.7,dead?
nat30,650,native,2019-02-18,SD,0.81,
nat30,653,native,2019-02-18,SD,0.92,
nat31,225,native,2019-02-18,SD,0.92,
nat31,279,native,2019-02-18,SD,0.96,
nat32,138,native,2019-02-18,SD,0.88,dead?
nat32,172,native,2019-02-18,SD,0.95,
nat32,197,native,2019-02-18,SD,0.85,v
nat32,214,native,2019-02-18,SD,1.18,
nat32,303,native,2019-02-18,SD,1.11,
nat32,360,native,2019-02-18,SD,1.28,"v, tiny"
nat32,385,native,2019-02-18,SD,1.41,v
nat32,463,native,2019-02-18,SD,1.22,
nat33,297,native,2019-02-18,SD,0.79,"tiny, dead?"
nat33,352,native,2019-02-18,SD,1.03,
nat33,365,native,2019-02-18,SD,1,
urb01,10,cultivar,2019-02-18,SD,0.53,
urb01,184,cultivar,2019-02-18,SD,1.1,
urb01,200,cultivar,2019-02-18,SD,1.36,v
urb01,203,cultivar,2019-02-18,SD,0.9,v
urb01,242,cultivar,2019-02-18,SD,1.25,
urb01,253,cultivar,2019-02-18,SD,1.26,
urb01,314,cultivar,2019-02-18,SD,1.27,
urb01,339,cultivar,2019-02-18,SD,1.17,
urb01,450,cultivar,2019-02-18,SD,1.38,
urb01,476,cultivar,2019-02-18,SD,1.55,
urb01,599,cultivar,2019-02-18,SD,1.27,
urb01,619,cultivar,2019-02-18,SD,0.91,
urb01,634,cultivar,2019-02-18,SD,1.85,
urb01,85,cultivar,2019-02-18,SD,1.59,
urb03,129,cultivar,2019-02-18,SD,1.71,
urb03,238,cultivar,2019-02-18,SD,1.02,
urb03,239,cultivar,2019-02-18,SD,1.53,1 leaf left from last year alive
urb03,26,cultivar,2019-02-18,SD,1.38,
urb03,287,cultivar,2019-02-18,SD,1.06,v
urb03,357,cultivar,2019-02-18,SD,1.51,
urb03,421,cultivar,2019-02-18,SD,1.48,
urb03,425,cultivar,2019-02-18,SD,1.39,
urb03,426,cultivar,2019-02-18,SD,1.36,
urb03,435,cultivar,2019-02-18,SD,1.41,v
urb03,438,cultivar,2019-02-18,SD,1.54,
urb03,439,cultivar,2019-02-18,SD,1.2,
urb03,443,cultivar,2019-02-18,SD,1.24,
urb03,454,cultivar,2019-02-18,SD,1.26,
urb03,457,cultivar,2019-02-18,SD,1.41,
urb03,461,cultivar,2019-02-18,SD,1.61,
urb03,467,cultivar,2019-02-18,SD,1.04,
urb03,494,cultivar,2019-02-18,SD,1.33,
urb03,51,cultivar,2019-02-18,SD,0.96,v
urb03,522,cultivar,2019-02-18,SD,1.01,
urb03,536,cultivar,2019-02-18,SD,1.74,
urb03,549,cultivar,2019-02-18,SD,1.29,"v, leaves dead"
urb03,563,cultivar,2019-02-18,SD,1.64,v
urb03,595,cultivar,2019-02-18,SD,1.44,
urb03,641,cultivar,2019-02-18,SD,1.32,
urb03,69,cultivar,2019-02-18,SD,1.11,
urb03,78,cultivar,2019-02-18,SD,1.37,
urb03,89,cultivar,2019-02-18,SD,0.86,
urb04,111,cultivar,2019-02-18,SD,1.2,
urb04,19,cultivar,2019-02-18,SD,1.06,
urb04,196,cultivar,2019-02-18,SD,1.09,
urb04,237,cultivar,2019-02-18,SD,1.6,
urb04,289,cultivar,2019-02-18,SD,1.06,
urb04,31,cultivar,2019-02-18,SD,1.36,
urb04,329,cultivar,2019-02-18,SD,1.24,
urb04,354,cultivar,2019-02-18,SD,1.41,v
urb04,361,cultivar,2019-02-18,SD,1.54,
urb04,404,cultivar,2019-02-18,SD,1.49,
urb04,408,cultivar,2019-02-18,SD,1.47,v
urb04,43,cultivar,2019-02-18,SD,0.91,"v, tiny"
urb04,44,cultivar,2019-02-18,SD,1.32,
urb04,472,cultivar,2019-02-18,SD,1.72,
urb04,491,cultivar,2019-02-18,SD,1.5,
urb04,511,cultivar,2019-02-18,SD,0.96,1 leaf from last year
urb04,526,cultivar,2019-02-18,SD,1.11,
urb04,556,cultivar,2019-02-18,SD,1.1,
urb04,622,cultivar,2019-02-18,SD,0.99,
urb04,636,cultivar,2019-02-18,SD,1.21,
urb04,649,cultivar,2019-02-18,SD,1.9,
urb04,95,cultivar,2019-02-18,SD,0.95,
urb07,106,cultivar,2019-02-18,SD,1.45,
urb07,125,cultivar,2019-02-18,SD,1.38,
urb07,167,cultivar,2019-02-18,SD,0.9,
urb07,286,cultivar,2019-02-18,SD,0.85,
urb07,290,cultivar,2019-02-18,SD,1.55,
urb07,3,cultivar,2019-02-18,SD,1.04,
urb07,302,cultivar,2019-02-18,SD,1.66,
urb07,337,cultivar,2019-02-18,SD,1.54,
urb07,367,cultivar,2019-02-18,SD,1.38,
urb07,370,cultivar,2019-02-18,SD,1.13,
urb07,38,cultivar,2019-02-18,SD,1.2,
urb07,413,cultivar,2019-02-18,SD,1.54,
urb07,444,cultivar,2019-02-18,SD,1.04,tiny
urb07,456,cultivar,2019-02-18,SD,1.55,2 leaves from last year?
urb07,54,cultivar,2019-02-18,SD,1.06,
urb07,555,cultivar,2019-02-18,SD,0.65,
urb07,567,cultivar,2019-02-18,SD,0.98,
urb07,574,cultivar,2019-02-18,SD,0.98,v
urb07,581,cultivar,2019-02-18,SD,1.71,v
urb07,586,cultivar,2019-02-18,SD,0.8,
urb07,92,cultivar,2019-02-18,SD,0.97,v
urb09,1,cultivar,2019-02-18,SD,1.73,
urb09,107,cultivar,2019-02-18,SD,1.3,
urb09,11,cultivar,2019-02-18,SD,1.61,
urb09,112,cultivar,2019-02-18,SD,1.72,3 leaves from last year still alive
urb09,123,cultivar,2019-02-18,SD,1.29,
urb09,13,cultivar,2019-02-18,SD,1.83,
urb09,130,cultivar,2019-02-18,SD,1.59,
urb09,136,cultivar,2019-02-18,SD,1.58,
urb09,161,cultivar,2019-02-18,SD,1.23,
urb09,166,cultivar,2019-02-18,SD,1.46,
urb09,168,cultivar,2019-02-18,SD,1.22,
urb09,21,cultivar,2019-02-18,SD,2.03,
urb09,235,cultivar,2019-02-18,SD,1.61,
urb09,281,cultivar,2019-02-18,SD,1.65,
urb09,306,cultivar,2019-02-18,SD,1.17,
urb09,323,cultivar,2019-02-18,SD,1.31,
urb09,368,cultivar,2019-02-18,SD,2.07,"v, tiny, dead small leaves"
urb09,381,cultivar,2019-02-18,SD,1.95,
urb09,384,cultivar,2019-02-18,SD,1.12,"leaves opening, 1 live leaf from last year?"
urb09,407,cultivar,2019-02-18,SD,2.38,
urb09,493,cultivar,2019-02-18,SD,1.37,
urb09,508,cultivar,2019-02-18,SD,1.36,"v, tiny, dead leaves"
urb09,540,cultivar,2019-02-18,SD,1.73,
urb09,554,cultivar,2019-02-18,SD,1.95,
urb09,579,cultivar,2019-02-18,SD,1.37,
urb09,623,cultivar,2019-02-18,SD,2.12,
urb10,201,cultivar,2019-02-18,SD,1.08,
urb10,475,cultivar,2019-02-18,SD,1.26,
urb10,507,cultivar,2019-02-18,SD,1.42,
urb10,523,cultivar,2019-02-18,SD,1.35,
urb10,530,cultivar,2019-02-18,SD,1.68,
urb10,547,cultivar,2019-02-18,SD,1.63,
urb10,562,cultivar,2019-02-18,SD,1.43,
urb10,572,cultivar,2019-02-18,SD,1.24,
urb10,602,cultivar,2019-02-18,SD,1.46,
urb10,83,cultivar,2019-02-18,SD,0.74,dead?
urb10,97,cultivar,2019-02-18,SD,1.41,
urb10,98,cultivar,2019-02-18,SD,1.43,
urb11,110,cultivar,2019-02-18,SD,1.9,
urb11,134,cultivar,2019-02-18,SD,1.75,
urb11,145,cultivar,2019-02-18,SD,1.59,
urb11,149,cultivar,2019-02-18,SD,1.55,
urb11,20,cultivar,2019-02-18,SD,1.62,
urb11,229,cultivar,2019-02-18,SD,1.45,
urb11,261,cultivar,2019-02-18,SD,1.79,
urb11,325,cultivar,2019-02-18,SD,1.72,
urb11,327,cultivar,2019-02-18,SD,1.5,
urb11,343,cultivar,2019-02-18,SD,1.85,
urb11,391,cultivar,2019-02-18,SD,2.02,
urb11,498,cultivar,2019-02-18,SD,1.9,
urb11,510,cultivar,2019-02-18,SD,1.58,2 dead leaves
urb11,553,cultivar,2019-02-18,SD,1.93,
urb11,583,cultivar,2019-02-18,SD,1.91,"v, from last year?"
urb11,591,cultivar,2019-02-18,SD,1.94,2 partially alive leaves from last year
urb11,610,cultivar,2019-02-18,SD,1.17,
urb12,148,cultivar,2019-02-18,SD,1.15,
urb12,193,cultivar,2019-02-18,SD,0.91,
urb12,210,cultivar,2019-02-18,SD,1.54,v
urb12,227,cultivar,2019-02-18,SD,0.92,1 leaf from last year alive
urb12,246,cultivar,2019-02-18,SD,0.93,
urb12,256,cultivar,2019-02-18,SD,1.1,
urb12,266,cultivar,2019-02-18,SD,1.08,
urb12,294,cultivar,2019-02-18,SD,1.42,
urb12,319,cultivar,2019-02-18,SD,1.16,
urb12,32,cultivar,2019-02-18,SD,1.53,
urb12,324,cultivar,2019-02-18,SD,1.08,
urb12,36,cultivar,2019-02-18,SD,1.19,
urb12,437,cultivar,2019-02-18,SD,1.43,
urb12,465,cultivar,2019-02-18,SD,1.74,
urb12,593,cultivar,2019-02-18,SD,1.69,
urb12,639,cultivar,2019-02-18,SD,1.21,
urb12,640,cultivar,2019-02-18,SD,1,
urb13,12,cultivar,2019-02-18,SD,1.43,
urb13,120,cultivar,2019-02-18,SD,1.2,
urb13,156,cultivar,2019-02-18,SD,1.52,
urb13,245,cultivar,2019-02-18,SD,1.11,v
urb13,258,cultivar,2019-02-18,SD,0.77,v
urb13,277,cultivar,2019-02-18,SD,1.57,
urb13,292,cultivar,2019-02-18,SD,1.12,
urb13,315,cultivar,2019-02-18,SD,1.61,
urb13,411,cultivar,2019-02-18,SD,1.23,
urb13,637,cultivar,2019-02-18,SD,1.24,
urb13,654,cultivar,2019-02-18,SD,1.37,
urb13,82,cultivar,2019-02-18,SD,1.49,
urb14,126,cultivar,2019-02-18,SD,1.44,
urb14,157,cultivar,2019-02-18,SD,0.96,
urb14,162,cultivar,2019-02-18,SD,0.99,v
urb14,163,cultivar,2019-02-18,SD,1.02,
urb14,18,cultivar,2019-02-18,SD,1.29,
urb14,217,cultivar,2019-02-18,SD,1.16,
urb14,265,cultivar,2019-02-18,SD,1.45,
urb14,293,cultivar,2019-02-18,SD,0.93,
urb14,35,cultivar,2019-02-18,SD,1.05,
urb14,395,cultivar,2019-02-18,SD,1.29,
urb14,428,cultivar,2019-02-18,SD,1.03,
urb14,441,cultivar,2019-02-18,SD,1.7,
urb14,453,cultivar,2019-02-18,SD,1.27,
urb14,488,cultivar,2019-02-18,SD,1.76,
urb14,497,cultivar,2019-02-18,SD,1.13,
urb14,529,cultivar,2019-02-18,SD,1.23,
urb14,587,cultivar,2019-02-18,SD,0.83,
urb14,600,cultivar,2019-02-18,SD,1.19,
urb14,603,cultivar,2019-02-18,SD,1.34,
urb14,652,cultivar,2019-02-18,SD,1.63,
urb14,9,cultivar,2019-02-18,SD,1.14,v
urb17,207,cultivar,2019-02-18,SD,1.55,v
urb17,213,cultivar,2019-02-18,SD,1.15,
urb17,250,cultivar,2019-02-18,SD,1.34,tiny
urb17,276,cultivar,2019-02-18,SD,1.32,
urb17,280,cultivar,2019-02-18,SD,0.92,
urb17,300,cultivar,2019-02-18,SD,1.62,
urb17,311,cultivar,2019-02-18,SD,1.65,
urb17,410,cultivar,2019-02-18,SD,1.31,
urb17,546,cultivar,2019-02-18,SD,1.53,"v, leaves coming out"
urb17,570,cultivar,2019-02-18,SD,1.18,
urb17,617,cultivar,2019-02-18,SD,1.17,
urb17,621,cultivar,2019-02-18,SD,0.97,
urb17,643,cultivar,2019-02-18,SD,1.08,
urb17,70,cultivar,2019-02-18,SD,1.62,
urb17,80,cultivar,2019-02-18,SD,0.74,
urb17,87,cultivar,2019-02-18,SD,0.66,
urb18,155,cultivar,2019-02-18,SD,0.97,
urb18,330,cultivar,2019-02-18,SD,1.28,
urb18,416,cultivar,2019-02-18,SD,1.43,
urb18,470,cultivar,2019-02-18,SD,1.66,
urb18,483,cultivar,2019-02-18,SD,1.17,
urb18,509,cultivar,2019-02-18,SD,1.03,
urb18,52,cultivar,2019-02-18,SD,0.8,
urb18,651,cultivar,2019-02-18,SD,0.23,
urb23,132,cultivar,2019-02-18,SD,1,
urb23,143,cultivar,2019-02-18,SD,1.02,
urb23,178,cultivar,2019-02-18,SD,1.07,
urb23,24,cultivar,2019-02-18,SD,1.31,
urb23,29,cultivar,2019-02-18,SD,1.33,
urb23,313,cultivar,2019-02-18,SD,0.76,
urb23,316,cultivar,2019-02-18,SD,1.3,
urb23,418,cultivar,2019-02-18,SD,1.48,
urb23,528,cultivar,2019-02-18,SD,1.01,v
urb23,542,cultivar,2019-02-18,SD,1.27,
urb23,58,cultivar,2019-02-18,SD,1.01,"tiny, dead?"
urb23,601,cultivar,2019-02-18,SD,1.8,
urb23,604,cultivar,2019-02-18,SD,1.98,
urb23,645,cultivar,2019-02-18,SD,1.23,
urb23,81,cultivar,2019-02-18,SD,1.49,
urb24,133,cultivar,2019-02-18,SD,1.7,v
urb24,160,cultivar,2019-02-18,SD,1.26,
urb24,169,cultivar,2019-02-18,SD,0.95,
urb24,209,cultivar,2019-02-18,SD,0.96,
urb24,234,cultivar,2019-02-18,SD,1.17,v
urb24,248,cultivar,2019-02-18,SD,1.47,
urb24,284,cultivar,2019-02-18,SD,0.8,
urb24,431,cultivar,2019-02-18,SD,1.35,v
urb24,449,cultivar,2019-02-18,SD,1.62,
urb24,490,cultivar,2019-02-18,SD,1.08,
urb24,516,cultivar,2019-02-18,SD,1.52,
urb24,585,cultivar,2019-02-18,SD,1.13,
urb24,60,cultivar,2019-02-18,SD,1.28,
urb24,628,cultivar,2019-02-18,SD,1.47,
urb25,173,cultivar,2019-02-18,SD,1.26,
urb25,192,cultivar,2019-02-18,SD,1.14,
urb25,198,cultivar,2019-02-18,SD,0.92,
urb25,204,cultivar,2019-02-18,SD,0.38,
urb25,335,cultivar,2019-02-18,SD,1.29,
urb25,344,cultivar,2019-02-18,SD,1.22,
urb25,348,cultivar,2019-02-18,SD,0.93,
urb25,371,cultivar,2019-02-18,SD,1.1,
urb25,374,cultivar,2019-02-18,SD,1.12,v
urb25,403,cultivar,2019-02-18,SD,1.08,
urb25,412,cultivar,2019-02-18,SD,0.82,
urb25,415,cultivar,2019-02-18,SD,1.3,
urb25,442,cultivar,2019-02-18,SD,1.54,
urb25,452,cultivar,2019-02-18,SD,1.57,
urb25,458,cultivar,2019-02-18,SD,1.29,
urb25,478,cultivar,2019-02-18,SD,1.57,
urb25,486,cultivar,2019-02-18,SD,0.98,
urb25,518,cultivar,2019-02-18,SD,1.3,
urb25,590,cultivar,2019-02-18,SD,1.46,
urb25,88,cultivar,2019-02-18,SD,1.34,
urb26,109,cultivar,2019-02-18,SD,1.04,
urb26,180,cultivar,2019-02-18,SD,1.11,v
urb26,268,cultivar,2019-02-18,SD,1.07,
urb26,320,cultivar,2019-02-18,SD,1.3,
urb26,356,cultivar,2019-02-18,SD,1.56,
urb26,386,cultivar,2019-02-18,SD,1.11,
urb26,392,cultivar,2019-02-18,SD,1.42,
urb26,427,cultivar,2019-02-18,SD,1.53,
urb26,502,cultivar,2019-02-18,SD,1.31,
urb26,525,cultivar,2019-02-18,SD,1.09,2 leaves from last year
urb26,551,cultivar,2019-02-18,SD,1.09,
urb26,578,cultivar,2019-02-18,SD,1.34,
urb26,624,cultivar,2019-02-18,SD,1.18,
urb26,633,cultivar,2019-02-18,SD,1.36,
urb26,661,cultivar,2019-02-18,SD,1.35,
urb28,103,cultivar,2019-02-18,SD,1.26,
urb28,118,cultivar,2019-02-18,SD,1.55,
urb28,171,cultivar,2019-02-18,SD,1.2,
urb28,205,cultivar,2019-02-18,SD,1.34,v
urb28,240,cultivar,2019-02-18,SD,0.77,1 leaf left from last year alive
urb28,27,cultivar,2019-02-18,SD,1.27,
urb28,295,cultivar,2019-02-18,SD,1.23,
urb28,318,cultivar,2019-02-18,SD,1.23,
urb28,342,cultivar,2019-02-18,SD,1.36,
urb28,369,cultivar,2019-02-18,SD,1.46,
urb28,387,cultivar,2019-02-18,SD,1.47,
urb28,39,cultivar,2019-02-18,SD,1.38,
urb28,474,cultivar,2019-02-18,SD,1.66,
urb28,49,cultivar,2019-02-18,SD,1.28,v
urb28,50,cultivar,2019-02-18,SD,1.17,
urb28,506,cultivar,2019-02-18,SD,1.45,
urb28,512,cultivar,2019-02-18,SD,1.53,
urb28,541,cultivar,2019-02-18,SD,0.82,"v, tiny"
urb28,62,cultivar,2019-02-18,SD,1.74,
urb28,660,cultivar,2019-02-18,SD,1.4,
urb28,75,cultivar,2019-02-18,SD,0.88,
urb29,113,cultivar,2019-02-18,SD,1.63,
urb29,124,cultivar,2019-02-18,SD,1.22,
urb29,165,cultivar,2019-02-18,SD,1,
urb29,363,cultivar,2019-02-18,SD,1.52,
urb29,394,cultivar,2019-02-18,SD,1.12,
urb29,400,cultivar,2019-02-18,SD,1.18,
urb29,504,cultivar,2019-02-18,SD,1.26,
urb29,552,cultivar,2019-02-18,SD,1.16,
urb31,108,cultivar,2019-02-18,SD,1.25,
urb31,220,cultivar,2019-02-18,SD,0.92,
urb31,231,cultivar,2019-02-18,SD,1.06,
urb31,233,cultivar,2019-02-18,SD,1.53,
urb31,247,cultivar,2019-02-18,SD,1.34,
urb31,308,cultivar,2019-02-18,SD,1.15,
urb31,346,cultivar,2019-02-18,SD,1,
urb31,372,cultivar,2019-02-18,SD,1.34,v
urb31,434,cultivar,2019-02-18,SD,1.22,
urb31,48,cultivar,2019-02-18,SD,0.72,
urb31,481,cultivar,2019-02-18,SD,1.05,
urb31,495,cultivar,2019-02-18,SD,1.39,
urb31,514,cultivar,2019-02-18,SD,1.15,
urb31,539,cultivar,2019-02-18,SD,1.12,
urb31,55,cultivar,2019-02-18,SD,1.18,
urb31,576,cultivar,2019-02-18,SD,1.51,
urb31,588,cultivar,2019-02-18,SD,1.41,v
urb31,59,cultivar,2019-02-18,SD,0.94,v
urb31,612,cultivar,2019-02-18,SD,1.58,
urb31,63,cultivar,2019-02-18,SD,1.63,v
urb31,644,cultivar,2019-02-18,SD,0.95,
urb32,189,cultivar,2019-02-18,SD,1.09,
urb32,208,cultivar,2019-02-18,SD,0.94,
urb32,264,cultivar,2019-02-18,SD,1.65,v
urb32,350,cultivar,2019-02-18,SD,1.38,v
urb32,366,cultivar,2019-02-18,SD,1.17,v
urb32,378,cultivar,2019-02-18,SD,1.52,v
urb32,379,cultivar,2019-02-18,SD,1.47,
urb32,382,cultivar,2019-02-18,SD,1.48,2 live leaves from last year?
urb32,390,cultivar,2019-02-18,SD,1.42,
urb32,42,cultivar,2019-02-18,SD,1.39,v
urb32,420,cultivar,2019-02-18,SD,1.19,
urb32,45,cultivar,2019-02-18,SD,1.39,"v, tiny"
urb32,53,cultivar,2019-02-18,SD,1.01,
urb32,550,cultivar,2019-02-18,SD,1.58,
urb32,618,cultivar,2019-02-18,SD,1.4,
urb32,635,cultivar,2019-02-18,SD,1.12,
urb32,64,cultivar,2019-02-18,SD,1.19,
urb32,658,cultivar,2019-02-18,SD,1.03,
urb32,72,cultivar,2019-02-18,SD,1.2,
nat18,326,native,2019-05-02,SD,1.14,
nat18,480,native,2019-05-02,SD,0.72,
nat18,632,native,2019-05-02,SD,0.73,
nat19,100,native,2019-05-02,SD,0.58,
nat19,183,native,2019-05-02,SD,0.88,
nat19,185,native,2019-05-02,SD,1.23,
nat19,190,native,2019-05-02,SD,1.11,
nat19,22,native,2019-05-02,SD,2.19,
nat19,223,native,2019-05-02,SD,1.55,
nat19,270,native,2019-05-02,SD,0.94,
nat19,275,native,2019-05-02,SD,1.36,
nat19,33,native,2019-05-02,SD,1.08,
nat19,355,native,2019-05-02,SD,1.49,
nat19,364,native,2019-05-02,SD,1.18,
nat19,375,native,2019-05-02,SD,1.27,
nat19,397,native,2019-05-02,SD,0.75,
nat19,430,native,2019-05-02,SD,1.06,
nat19,46,native,2019-05-02,SD,1.38,
nat19,468,native,2019-05-02,SD,0.94,
nat19,482,native,2019-05-02,SD,0.96,
nat19,513,native,2019-05-02,SD,1.62,
nat19,538,native,2019-05-02,SD,1.06,
nat19,557,native,2019-05-02,SD,0.84,
nat19,596,native,2019-05-02,SD,1.15,
nat19,606,native,2019-05-02,SD,1.23,
nat19,611,native,2019-05-02,SD,1.03,
nat19,616,native,2019-05-02,SD,1.42,
nat19,627,native,2019-05-02,SD,0.78,
nat19,631,native,2019-05-02,SD,1.41,
nat19,657,native,2019-05-02,SD,1.62,
nat19,659,native,2019-05-02,SD,1.09,
nat19,76,native,2019-05-02,SD,1.57,
nat20,301,native,2019-05-02,SD,0.96,
nat20,446,native,2019-05-02,SD,0.78,
nat20,473,native,2019-05-02,SD,1.41,
nat20,519,native,2019-05-02,SD,1.6,
nat20,605,native,2019-05-02,SD,1.15,
nat20,615,native,2019-05-02,SD,0.79,
nat21,332,native,2019-05-02,SD,1.35,
nat21,333,native,2019-05-02,SD,1,
nat21,358,native,2019-05-02,SD,1.23,
nat21,422,native,2019-05-02,SD,1.07,
nat21,500,native,2019-05-02,SD,1.29,
nat21,527,native,2019-05-02,SD,1.38,
nat21,568,native,2019-05-02,SD,1.28,
nat21,573,native,2019-05-02,SD,1.5,
nat21,68,native,2019-05-02,SD,1.27,
nat22,101,native,2019-05-02,SD,1.46,
nat22,119,native,2019-05-02,SD,1.35,
nat22,142,native,2019-05-02,SD,1.19,
nat22,176,native,2019-05-02,SD,0.99,
nat22,191,native,2019-05-02,SD,0.77,
nat22,199,native,2019-05-02,SD,1.06,
nat22,25,native,2019-05-02,SD,1.69,
nat22,254,native,2019-05-02,SD,1.44,
nat22,353,native,2019-05-02,SD,1.16,
nat22,505,native,2019-05-02,SD,1.14,
nat22,535,native,2019-05-02,SD,1.41,
nat22,609,native,2019-05-02,SD,1.27,
nat22,638,native,2019-05-02,SD,1.5,
nat23,2,native,2019-05-02,SD,1.17,
nat23,216,native,2019-05-02,SD,1.15,
nat23,244,native,2019-05-02,SD,0.71,
nat23,259,native,2019-05-02,SD,1.42,
nat23,309,native,2019-05-02,SD,0.77,
nat23,380,native,2019-05-02,SD,0.86,
nat23,501,native,2019-05-02,SD,1.49,
nat24,147,native,2019-05-02,SD,1,
nat24,485,native,2019-05-02,SD,1.26,
nat24,489,native,2019-05-02,SD,1.33,
nat24,90,native,2019-05-02,SD,1.32,
nat25,187,native,2019-05-02,SD,0.85,
nat25,299,native,2019-05-02,SD,1.06,
nat25,433,native,2019-05-02,SD,1.15,
nat25,520,native,2019-05-02,SD,1.17,
nat25,582,native,2019-05-02,SD,1.18,
nat25,613,native,2019-05-02,SD,1.14,
nat26,151,native,2019-05-02,SD,1.34,
nat26,16,native,2019-05-02,SD,1.16,
nat26,182,native,2019-05-02,SD,1.53,
nat26,269,native,2019-05-02,SD,0.93,
nat26,310,native,2019-05-02,SD,1.1,
nat26,338,native,2019-05-02,SD,0.95,
nat26,345,native,2019-05-02,SD,0.96,
nat26,373,native,2019-05-02,SD,1.44,
nat26,402,native,2019-05-02,SD,0.78,
nat26,414,native,2019-05-02,SD,1.03,
nat26,424,native,2019-05-02,SD,1.17,
nat26,47,native,2019-05-02,SD,1.21,
nat26,471,native,2019-05-02,SD,1.03,
nat26,524,native,2019-05-02,SD,1.3,
nat26,561,native,2019-05-02,SD,1.21,
nat26,625,native,2019-05-02,SD,1.61,
nat27,152,native,2019-05-02,SD,0.89,
nat27,181,native,2019-05-02,SD,1.24,
nat27,206,native,2019-05-02,SD,1.29,
nat27,260,native,2019-05-02,SD,1,
nat27,347,native,2019-05-02,SD,1.12,
nat27,4,native,2019-05-02,SD,1.04,
nat27,406,native,2019-05-02,SD,0.77,
nat27,455,native,2019-05-02,SD,0.82,
nat27,517,native,2019-05-02,SD,1.04,
nat27,57,native,2019-05-02,SD,1.36,
nat27,655,native,2019-05-02,SD,0.91,
nat28,219,native,2019-05-02,SD,0.94,
nat28,304,native,2019-05-02,SD,0.86,
nat28,351,native,2019-05-02,SD,1.4,
nat28,448,native,2019-05-02,SD,1.04,
nat28,543,native,2019-05-02,SD,0.96,
nat28,598,native,2019-05-02,SD,0.87,
nat29,122,native,2019-05-02,SD,1.38,
nat29,137,native,2019-05-02,SD,0.94,
nat29,139,native,2019-05-02,SD,0.92,
nat29,153,native,2019-05-02,SD,1.2,
nat29,188,native,2019-05-02,SD,0.92,
nat29,194,native,2019-05-02,SD,1.04,
nat29,401,native,2019-05-02,SD,1.12,
nat29,423,native,2019-05-02,SD,0.97,
nat29,479,native,2019-05-02,SD,1.37,
nat29,5,native,2019-05-02,SD,1.82,
nat29,544,native,2019-05-02,SD,1.02,
nat29,565,native,2019-05-02,SD,1.34,
nat29,620,native,2019-05-02,SD,1.12,
nat29,99,native,2019-05-02,SD,0.94,
nat30,14,native,2019-05-02,SD,0.89,
nat30,429,native,2019-05-02,SD,0.73,
nat30,451,native,2019-05-02,SD,0.9,
nat30,650,native,2019-05-02,SD,0.71,
nat31,225,native,2019-05-02,SD,0.97,
nat31,279,native,2019-05-02,SD,1.28,
nat32,138,native,2019-05-02,SD,0.89,
nat32,197,native,2019-05-02,SD,1.18,
nat32,214,native,2019-05-02,SD,1.27,
nat32,303,native,2019-05-02,SD,1.14,
nat32,360,native,2019-05-02,SD,1.23,
nat32,385,native,2019-05-02,SD,1.47,
nat32,463,native,2019-05-02,SD,1.58,
nat33,297,native,2019-05-02,SD,1.04,
nat33,352,native,2019-05-02,SD,1.32,
nat33,365,native,2019-05-02,SD,1.1,
urb01,184,cultivar,2019-05-02,SD,1.23,
urb01,200,cultivar,2019-05-02,SD,1.44,
urb01,203,cultivar,2019-05-02,SD,1.3,
urb01,242,cultivar,2019-05-02,SD,1.54,
urb01,253,cultivar,2019-05-02,SD,1.42,
urb01,314,cultivar,2019-05-02,SD,1.53,
urb01,339,cultivar,2019-05-02,SD,1.07,
urb01,450,cultivar,2019-05-02,SD,1.38,
urb01,476,cultivar,2019-05-02,SD,1.86,
urb01,599,cultivar,2019-05-02,SD,1.17,
urb01,634,cultivar,2019-05-02,SD,1.64,
urb01,85,cultivar,2019-05-02,SD,1.63,
urb03,129,cultivar,2019-05-02,SD,1.7,
urb03,238,cultivar,2019-05-02,SD,1.04,
urb03,239,cultivar,2019-05-02,SD,1.45,
urb03,26,cultivar,2019-05-02,SD,1.67,
urb03,287,cultivar,2019-05-02,SD,1.61,
urb03,357,cultivar,2019-05-02,SD,1.88,
urb03,421,cultivar,2019-05-02,SD,1.16,
urb03,425,cultivar,2019-05-02,SD,1.33,
urb03,426,cultivar,2019-05-02,SD,1.26,
urb03,435,cultivar,2019-05-02,SD,1.15,
urb03,438,cultivar,2019-05-02,SD,1.33,
urb03,439,cultivar,2019-05-02,SD,1.14,
urb03,443,cultivar,2019-05-02,SD,1.05,
urb03,454,cultivar,2019-05-02,SD,1.09,
urb03,457,cultivar,2019-05-02,SD,1.57,
urb03,461,cultivar,2019-05-02,SD,0.88,
urb03,467,cultivar,2019-05-02,SD,1.24,
urb03,494,cultivar,2019-05-02,SD,1.15,
urb03,51,cultivar,2019-05-02,SD,1.19,
urb03,522,cultivar,2019-05-02,SD,1.19,
urb03,536,cultivar,2019-05-02,SD,1.79,
urb03,549,cultivar,2019-05-02,SD,1.26,
urb03,563,cultivar,2019-05-02,SD,1.59,
urb03,595,cultivar,2019-05-02,SD,1.5,
urb03,641,cultivar,2019-05-02,SD,1.51,
urb03,69,cultivar,2019-05-02,SD,1.08,
urb03,78,cultivar,2019-05-02,SD,1.37,
urb04,111,cultivar,2019-05-02,SD,1,
urb04,19,cultivar,2019-05-02,SD,1.33,
urb04,196,cultivar,2019-05-02,SD,1.22,
urb04,237,cultivar,2019-05-02,SD,1.47,
urb04,289,cultivar,2019-05-02,SD,1.36,
urb04,31,cultivar,2019-05-02,SD,1.48,
urb04,329,cultivar,2019-05-02,SD,1.51,
urb04,354,cultivar,2019-05-02,SD,1.28,
urb04,361,cultivar,2019-05-02,SD,1.27,
urb04,404,cultivar,2019-05-02,SD,0.83,
urb04,408,cultivar,2019-05-02,SD,1.51,
urb04,43,cultivar,2019-05-02,SD,0.8,
urb04,44,cultivar,2019-05-02,SD,1.25,
urb04,472,cultivar,2019-05-02,SD,1.7,
urb04,491,cultivar,2019-05-02,SD,1.49,
urb04,511,cultivar,2019-05-02,SD,0.78,
urb04,526,cultivar,2019-05-02,SD,1.02,
urb04,556,cultivar,2019-05-02,SD,0.86,
urb04,622,cultivar,2019-05-02,SD,1.08,
urb04,636,cultivar,2019-05-02,SD,1.32,
urb04,649,cultivar,2019-05-02,SD,1.77,
urb04,95,cultivar,2019-05-02,SD,1.21,
urb07,106,cultivar,2019-05-02,SD,1.37,
urb07,125,cultivar,2019-05-02,SD,0.94,
urb07,167,cultivar,2019-05-02,SD,1.09,
urb07,286,cultivar,2019-05-02,SD,0.93,
urb07,290,cultivar,2019-05-02,SD,1.74,
urb07,3,cultivar,2019-05-02,SD,1.51,
urb07,302,cultivar,2019-05-02,SD,1.57,
urb07,337,cultivar,2019-05-02,SD,1.4,
urb07,367,cultivar,2019-05-02,SD,1.28,
urb07,370,cultivar,2019-05-02,SD,0.75,
urb07,38,cultivar,2019-05-02,SD,1.46,
urb07,413,cultivar,2019-05-02,SD,1.21,
urb07,444,cultivar,2019-05-02,SD,1.12,
urb07,456,cultivar,2019-05-02,SD,1.59,
urb07,54,cultivar,2019-05-02,SD,1.42,
urb07,567,cultivar,2019-05-02,SD,1.11,
urb07,574,cultivar,2019-05-02,SD,1.07,
urb07,581,cultivar,2019-05-02,SD,1.79,
urb07,586,cultivar,2019-05-02,SD,0.97,
urb07,92,cultivar,2019-05-02,SD,1.16,
urb09,1,cultivar,2019-05-02,SD,2.04,
urb09,107,cultivar,2019-05-02,SD,1.5,
urb09,11,cultivar,2019-05-02,SD,1.61,
urb09,112,cultivar,2019-05-02,SD,1.89,
urb09,123,cultivar,2019-05-02,SD,1.45,
urb09,13,cultivar,2019-05-02,SD,1.74,
urb09,130,cultivar,2019-05-02,SD,1.68,
urb09,136,cultivar,2019-05-02,SD,1.54,
urb09,161,cultivar,2019-05-02,SD,1.23,
urb09,166,cultivar,2019-05-02,SD,1.6,
urb09,168,cultivar,2019-05-02,SD,1.11,
urb09,21,cultivar,2019-05-02,SD,1.96,
urb09,235,cultivar,2019-05-02,SD,1.7,
urb09,281,cultivar,2019-05-02,SD,1.92,
urb09,306,cultivar,2019-05-02,SD,1.31,
urb09,323,cultivar,2019-05-02,SD,1.6,
urb09,368,cultivar,2019-05-02,SD,2.26,
urb09,381,cultivar,2019-05-02,SD,1.95,
urb09,384,cultivar,2019-05-02,SD,1.24,
urb09,407,cultivar,2019-05-02,SD,2.23,
urb09,493,cultivar,2019-05-02,SD,1.47,
urb09,508,cultivar,2019-05-02,SD,1.62,
urb09,540,cultivar,2019-05-02,SD,1.83,
urb09,554,cultivar,2019-05-02,SD,2.04,
urb09,579,cultivar,2019-05-02,SD,1.49,
urb09,623,cultivar,2019-05-02,SD,2.17,
urb10,201,cultivar,2019-05-02,SD,1.16,
urb10,475,cultivar,2019-05-02,SD,1.52,
urb10,507,cultivar,2019-05-02,SD,1.28,
urb10,523,cultivar,2019-05-02,SD,1.39,
urb10,530,cultivar,2019-05-02,SD,1.67,
urb10,547,cultivar,2019-05-02,SD,1.6,
urb10,572,cultivar,2019-05-02,SD,1.24,
urb10,602,cultivar,2019-05-02,SD,1.27,
urb10,97,cultivar,2019-05-02,SD,1.47,
urb10,98,cultivar,2019-05-02,SD,1.7,
urb11,110,cultivar,2019-05-02,SD,1.9,
urb11,134,cultivar,2019-05-02,SD,1.76,
urb11,145,cultivar,2019-05-02,SD,1.46,
urb11,149,cultivar,2019-05-02,SD,1.74,
urb11,20,cultivar,2019-05-02,SD,1.45,
urb11,229,cultivar,2019-05-02,SD,1.4,
urb11,261,cultivar,2019-05-02,SD,1.77,
urb11,325,cultivar,2019-05-02,SD,1.9,
urb11,327,cultivar,2019-05-02,SD,1.66,
urb11,343,cultivar,2019-05-02,SD,2.11,
urb11,391,cultivar,2019-05-02,SD,1.87,
urb11,498,cultivar,2019-05-02,SD,1.89,
urb11,510,cultivar,2019-05-02,SD,1.63,
urb11,553,cultivar,2019-05-02,SD,1.9,
urb11,583,cultivar,2019-05-02,SD,2.24,
urb11,591,cultivar,2019-05-02,SD,2.09,
urb11,610,cultivar,2019-05-02,SD,0.99,
urb12,148,cultivar,2019-05-02,SD,1.11,
urb12,193,cultivar,2019-05-02,SD,0.95,
urb12,210,cultivar,2019-05-02,SD,1.73,
urb12,227,cultivar,2019-05-02,SD,0.85,
urb12,246,cultivar,2019-05-02,SD,1.14,
urb12,256,cultivar,2019-05-02,SD,0.97,
urb12,266,cultivar,2019-05-02,SD,1.43,
urb12,294,cultivar,2019-05-02,SD,1.7,
urb12,319,cultivar,2019-05-02,SD,1.37,
urb12,32,cultivar,2019-05-02,SD,1.6,
urb12,324,cultivar,2019-05-02,SD,1.17,
urb12,36,cultivar,2019-05-02,SD,1.48,
urb12,437,cultivar,2019-05-02,SD,1.24,
urb12,462,cultivar,2019-05-02,SD,1.53,
urb12,465,cultivar,2019-05-02,SD,1.81,
urb12,496,cultivar,2019-05-02,SD,0.62,
urb12,593,cultivar,2019-05-02,SD,1.76,
urb12,639,cultivar,2019-05-02,SD,1.12,
urb12,640,cultivar,2019-05-02,SD,1.14,
urb13,12,cultivar,2019-05-02,SD,1.45,
urb13,120,cultivar,2019-05-02,SD,1.27,
urb13,156,cultivar,2019-05-02,SD,1.82,
urb13,245,cultivar,2019-05-02,SD,0.87,
urb13,258,cultivar,2019-05-02,SD,0.74,
urb13,277,cultivar,2019-05-02,SD,1.72,
urb13,292,cultivar,2019-05-02,SD,1.38,
urb13,315,cultivar,2019-05-02,SD,1.71,
urb13,411,cultivar,2019-05-02,SD,1.3,
urb13,637,cultivar,2019-05-02,SD,0.95,
urb13,654,cultivar,2019-05-02,SD,1.27,
urb13,82,cultivar,2019-05-02,SD,1.2,
urb14,126,cultivar,2019-05-02,SD,1.4,
urb14,157,cultivar,2019-05-02,SD,1.17,
urb14,162,cultivar,2019-05-02,SD,1.12,
urb14,163,cultivar,2019-05-02,SD,1.16,
urb14,18,cultivar,2019-05-02,SD,1.39,
urb14,217,cultivar,2019-05-02,SD,1.44,
urb14,265,cultivar,2019-05-02,SD,1.82,
urb14,293,cultivar,2019-05-02,SD,1.53,
urb14,35,cultivar,2019-05-02,SD,1.1,
urb14,395,cultivar,2019-05-02,SD,1.5,
urb14,428,cultivar,2019-05-02,SD,1.39,
urb14,441,cultivar,2019-05-02,SD,1.58,
urb14,453,cultivar,2019-05-02,SD,1.27,
urb14,488,cultivar,2019-05-02,SD,1.51,
urb14,497,cultivar,2019-05-02,SD,1.15,
urb14,529,cultivar,2019-05-02,SD,1.24,
urb14,587,cultivar,2019-05-02,SD,0.85,
urb14,603,cultivar,2019-05-02,SD,1.3,
urb14,652,cultivar,2019-05-02,SD,1.43,
urb14,9,cultivar,2019-05-02,SD,1.46,
urb17,207,cultivar,2019-05-02,SD,1.57,
urb17,213,cultivar,2019-05-02,SD,1.41,
urb17,250,cultivar,2019-05-02,SD,1.41,
urb17,276,cultivar,2019-05-02,SD,1.39,
urb17,280,cultivar,2019-05-02,SD,1.15,
urb17,300,cultivar,2019-05-02,SD,1.78,
urb17,311,cultivar,2019-05-02,SD,1.75,
urb17,410,cultivar,2019-05-02,SD,1.32,
urb17,546,cultivar,2019-05-02,SD,1.54,
urb17,570,cultivar,2019-05-02,SD,0.99,
urb17,617,cultivar,2019-05-02,SD,1.34,
urb17,621,cultivar,2019-05-02,SD,1.07,
urb17,70,cultivar,2019-05-02,SD,1.53,
urb17,80,cultivar,2019-05-02,SD,0.83,
urb18,155,cultivar,2019-05-02,SD,1.25,
urb18,330,cultivar,2019-05-02,SD,1.49,
urb18,416,cultivar,2019-05-02,SD,1.49,
urb18,470,cultivar,2019-05-02,SD,1.61,
urb18,483,cultivar,2019-05-02,SD,1.11,
urb18,509,cultivar,2019-05-02,SD,1.27,
urb18,52,cultivar,2019-05-02,SD,1.01,
urb23,132,cultivar,2019-05-02,SD,0.8,
urb23,143,cultivar,2019-05-02,SD,1.12,
urb23,178,cultivar,2019-05-02,SD,1.14,
urb23,24,cultivar,2019-05-02,SD,1.94,
urb23,29,cultivar,2019-05-02,SD,1.3,
urb23,313,cultivar,2019-05-02,SD,1,
urb23,316,cultivar,2019-05-02,SD,1.29,
urb23,418,cultivar,2019-05-02,SD,1.39,
urb23,528,cultivar,2019-05-02,SD,1.14,
urb23,542,cultivar,2019-05-02,SD,1.15,
urb23,58,cultivar,2019-05-02,SD,1.01,
urb23,601,cultivar,2019-05-02,SD,1.76,
urb23,604,cultivar,2019-05-02,SD,1.85,
urb23,645,cultivar,2019-05-02,SD,0.87,
urb23,81,cultivar,2019-05-02,SD,1.74,
urb24,133,cultivar,2019-05-02,SD,1.48,
urb24,160,cultivar,2019-05-02,SD,1.45,
urb24,169,cultivar,2019-05-02,SD,0.85,
urb24,209,cultivar,2019-05-02,SD,1.1,
urb24,234,cultivar,2019-05-02,SD,1.12,
urb24,248,cultivar,2019-05-02,SD,1.29,
urb24,284,cultivar,2019-05-02,SD,1,
urb24,431,cultivar,2019-05-02,SD,1.2,
urb24,449,cultivar,2019-05-02,SD,1.43,
urb24,490,cultivar,2019-05-02,SD,1.13,
urb24,516,cultivar,2019-05-02,SD,1.45,
urb24,585,cultivar,2019-05-02,SD,1.27,
urb24,60,cultivar,2019-05-02,SD,1.56,
urb24,628,cultivar,2019-05-02,SD,1.52,
urb25,173,cultivar,2019-05-02,SD,1.03,
urb25,192,cultivar,2019-05-02,SD,1.08,
urb25,198,cultivar,2019-05-02,SD,1.24,
urb25,335,cultivar,2019-05-02,SD,1.47,
urb25,344,cultivar,2019-05-02,SD,0.88,
urb25,348,cultivar,2019-05-02,SD,1.07,
urb25,371,cultivar,2019-05-02,SD,0.94,
urb25,374,cultivar,2019-05-02,SD,1.06,
urb25,403,cultivar,2019-05-02,SD,1.12,
urb25,412,cultivar,2019-05-02,SD,1.06,
urb25,415,cultivar,2019-05-02,SD,1.19,
urb25,442,cultivar,2019-05-02,SD,1.16,
urb25,452,cultivar,2019-05-02,SD,1.52,
urb25,458,cultivar,2019-05-02,SD,1.61,
urb25,478,cultivar,2019-05-02,SD,1.75,
urb25,486,cultivar,2019-05-02,SD,1.09,
urb25,518,cultivar,2019-05-02,SD,1.18,
urb25,590,cultivar,2019-05-02,SD,1.56,
urb25,88,cultivar,2019-05-02,SD,1.64,
urb26,109,cultivar,2019-05-02,SD,0.57,
urb26,180,cultivar,2019-05-02,SD,1.21,
urb26,268,cultivar,2019-05-02,SD,1.25,
urb26,320,cultivar,2019-05-02,SD,1.57,
urb26,356,cultivar,2019-05-02,SD,1.72,
urb26,386,cultivar,2019-05-02,SD,0.88,
urb26,392,cultivar,2019-05-02,SD,1.39,
urb26,427,cultivar,2019-05-02,SD,1.04,
urb26,502,cultivar,2019-05-02,SD,1.56,
urb26,525,cultivar,2019-05-02,SD,1.17,
urb26,551,cultivar,2019-05-02,SD,1.08,
urb26,578,cultivar,2019-05-02,SD,0.97,
urb26,624,cultivar,2019-05-02,SD,1.3,
urb26,633,cultivar,2019-05-02,SD,1.62,
urb26,661,cultivar,2019-05-02,SD,1.39,
urb28,103,cultivar,2019-05-02,SD,1.22,
urb28,118,cultivar,2019-05-02,SD,1.98,
urb28,171,cultivar,2019-05-02,SD,1.06,
urb28,205,cultivar,2019-05-02,SD,1.37,
urb28,27,cultivar,2019-05-02,SD,1.43,
urb28,295,cultivar,2019-05-02,SD,1.46,
urb28,318,cultivar,2019-05-02,SD,1.07,
urb28,342,cultivar,2019-05-02,SD,1.29,
urb28,369,cultivar,2019-05-02,SD,1.21,
urb28,387,cultivar,2019-05-02,SD,1.66,
urb28,39,cultivar,2019-05-02,SD,1.29,
urb28,474,cultivar,2019-05-02,SD,1.79,
urb28,49,cultivar,2019-05-02,SD,1.48,
urb28,50,cultivar,2019-05-02,SD,1.07,
urb28,506,cultivar,2019-05-02,SD,1.42,
urb28,512,cultivar,2019-05-02,SD,1.69,
urb28,541,cultivar,2019-05-02,SD,1,
urb28,62,cultivar,2019-05-02,SD,1.66,
urb28,660,cultivar,2019-05-02,SD,1.25,
urb28,75,cultivar,2019-05-02,SD,1.29,
urb29,113,cultivar,2019-05-02,SD,1.51,
urb29,124,cultivar,2019-05-02,SD,1.36,
urb29,165,cultivar,2019-05-02,SD,1.64,
urb29,363,cultivar,2019-05-02,SD,1.23,
urb29,394,cultivar,2019-05-02,SD,1.46,
urb29,400,cultivar,2019-05-02,SD,1.22,
urb29,504,cultivar,2019-05-02,SD,1.18,
urb29,552,cultivar,2019-05-02,SD,0.85,
urb31,108,cultivar,2019-05-02,SD,1.22,
urb31,220,cultivar,2019-05-02,SD,0.89,
urb31,231,cultivar,2019-05-02,SD,1.24,
urb31,233,cultivar,2019-05-02,SD,1.52,
urb31,247,cultivar,2019-05-02,SD,1.6,
urb31,308,cultivar,2019-05-02,SD,1.21,
urb31,346,cultivar,2019-05-02,SD,1.09,
urb31,372,cultivar,2019-05-02,SD,1.07,
urb31,434,cultivar,2019-05-02,SD,1.07,
urb31,460,cultivar,2019-05-02,SD,1.21,
urb31,481,cultivar,2019-05-02,SD,1.21,
urb31,495,cultivar,2019-05-02,SD,1.73,
urb31,514,cultivar,2019-05-02,SD,1.38,
urb31,539,cultivar,2019-05-02,SD,1.22,
urb31,55,cultivar,2019-05-02,SD,0.77,
urb31,576,cultivar,2019-05-02,SD,1.59,
urb31,588,cultivar,2019-05-02,SD,1.46,
urb31,59,cultivar,2019-05-02,SD,1.37,
urb31,612,cultivar,2019-05-02,SD,1.68,
urb31,63,cultivar,2019-05-02,SD,2,
urb31,644,cultivar,2019-05-02,SD,0.94,
urb32,189,cultivar,2019-05-02,SD,0.99,
urb32,208,cultivar,2019-05-02,SD,0.88,
urb32,264,cultivar,2019-05-02,SD,1.69,
urb32,350,cultivar,2019-05-02,SD,1.29,
urb32,366,cultivar,2019-05-02,SD,1.49,
urb32,378,cultivar,2019-05-02,SD,1.17,
urb32,379,cultivar,2019-05-02,SD,1.24,
urb32,382,cultivar,2019-05-02,SD,1.49,
urb32,390,cultivar,2019-05-02,SD,1.59,
urb32,42,cultivar,2019-05-02,SD,1.22,
urb32,420,cultivar,2019-05-02,SD,1.11,
urb32,45,cultivar,2019-05-02,SD,1.67,
urb32,53,cultivar,2019-05-02,SD,1.43,
urb32,550,cultivar,2019-05-02,SD,1.63,
urb32,618,cultivar,2019-05-02,SD,1.34,
urb32,635,cultivar,2019-05-02,SD,1.26,
urb32,64,cultivar,2019-05-02,SD,1.11,
urb32,658,cultivar,2019-05-02,SD,1.16,
urb32,72,cultivar,2019-05-02,SD,1.45,
nat18,326,native,2019-09-17,SD,1.89,
nat18,480,native,2019-09-17,SD,1.67,
nat18,632,native,2019-09-17,SD,2.03,
nat19,100,native,2019-09-17,SD,0.82,
nat19,183,native,2019-09-17,SD,2.02,
nat19,185,native,2019-09-17,SD,2.31,
nat19,190,native,2019-09-17,SD,2.13,
nat19,22,native,2019-09-17,SD,2.09,
nat19,223,native,2019-09-17,SD,2.87,
nat19,270,native,2019-09-17,SD,2.19,
nat19,275,native,2019-09-17,SD,3,
nat19,33,native,2019-09-17,SD,1.47,
nat19,355,native,2019-09-17,SD,3.15,
nat19,364,native,2019-09-17,SD,2.87,
nat19,375,native,2019-09-17,SD,2.61,
nat19,397,native,2019-09-17,SD,2.48,
nat19,430,native,2019-09-17,SD,2.8,
nat19,46,native,2019-09-17,SD,2.22,
nat19,482,native,2019-09-17,SD,3.2,
nat19,513,native,2019-09-17,SD,2.65,
nat19,538,native,2019-09-17,SD,2.14,
nat19,557,native,2019-09-17,SD,2.43,
nat19,596,native,2019-09-17,SD,3.08,
nat19,606,native,2019-09-17,SD,2.61,
nat19,611,native,2019-09-17,SD,3.19,
nat19,616,native,2019-09-17,SD,3.2,
nat19,627,native,2019-09-17,SD,1.6,
nat19,631,native,2019-09-17,SD,2.53,
nat19,657,native,2019-09-17,SD,2.92,
nat19,659,native,2019-09-17,SD,2.45,
nat19,76,native,2019-09-17,SD,2.25,
nat20,301,native,2019-09-17,SD,2,
nat20,446,native,2019-09-17,SD,2.05,
nat20,473,native,2019-09-17,SD,2.72,
nat20,519,native,2019-09-17,SD,2.52,
nat20,605,native,2019-09-17,SD,3.56,
nat20,615,native,2019-09-17,SD,2.7,
nat21,332,native,2019-09-17,SD,2.24,
nat21,333,native,2019-09-17,SD,2.03,
nat21,358,native,2019-09-17,SD,2.88,
nat21,422,native,2019-09-17,SD,2.48,
nat21,500,native,2019-09-17,SD,2.36,
nat21,527,native,2019-09-17,SD,3.74,
nat21,568,native,2019-09-17,SD,3.44,
nat21,573,native,2019-09-17,SD,3.13,
nat21,68,native,2019-09-17,SD,1.86,
nat22,101,native,2019-09-17,SD,1.79,
nat22,119,native,2019-09-17,SD,2.12,
nat22,142,native,2019-09-17,SD,2.62,
nat22,191,native,2019-09-17,SD,1.28,
nat22,199,native,2019-09-17,SD,2.04,
nat22,25,native,2019-09-17,SD,2.1,
nat22,254,native,2019-09-17,SD,3.08,
nat22,353,native,2019-09-17,SD,2.77,
nat22,505,native,2019-09-17,SD,2.65,
nat22,535,native,2019-09-17,SD,2.62,
nat22,609,native,2019-09-17,SD,2.82,
nat22,638,native,2019-09-17,SD,3.4,
nat23,2,native,2019-09-17,SD,2.26,
nat23,216,native,2019-09-17,SD,2.11,
nat23,244,native,2019-09-17,SD,1.99,
nat23,259,native,2019-09-17,SD,2.76,
nat23,309,native,2019-09-17,SD,2.02,
nat23,380,native,2019-09-17,SD,2.4,
nat23,501,native,2019-09-17,SD,1.9,
nat24,147,native,2019-09-17,SD,1.9,
nat24,485,native,2019-09-17,SD,2.56,
nat24,489,native,2019-09-17,SD,2.95,
nat24,90,native,2019-09-17,SD,2.43,
nat25,187,native,2019-09-17,SD,1.91,
nat25,299,native,2019-09-17,SD,1.86,
nat25,433,native,2019-09-17,SD,3.17,
nat25,520,native,2019-09-17,SD,3.46,
nat25,582,native,2019-09-17,SD,2.68,
nat25,613,native,2019-09-17,SD,2.57,
nat26,151,native,2019-09-17,SD,2.33,
nat26,16,native,2019-09-17,SD,1.33,
nat26,182,native,2019-09-17,SD,2.79,
nat26,269,native,2019-09-17,SD,1.59,
nat26,310,native,2019-09-17,SD,2.14,
nat26,338,native,2019-09-17,SD,1.78,
nat26,345,native,2019-09-17,SD,2.23,
nat26,373,native,2019-09-17,SD,2.51,
nat26,402,native,2019-09-17,SD,2.04,
nat26,414,native,2019-09-17,SD,2.08,
nat26,424,native,2019-09-17,SD,2,
nat26,47,native,2019-09-17,SD,1.99,
nat26,471,native,2019-09-17,SD,2.33,
nat26,524,native,2019-09-17,SD,2.88,
nat26,561,native,2019-09-17,SD,3.15,
nat26,625,native,2019-09-17,SD,2.86,
nat27,152,native,2019-09-17,SD,1.86,
nat27,181,native,2019-09-17,SD,2.42,
nat27,206,native,2019-09-17,SD,1.43,
nat27,260,native,2019-09-17,SD,2.22,
nat27,347,native,2019-09-17,SD,2.17,
nat27,4,native,2019-09-17,SD,2.03,
nat27,406,native,2019-09-17,SD,1.67,
nat27,455,native,2019-09-17,SD,2.2,
nat27,517,native,2019-09-17,SD,2.86,
nat27,57,native,2019-09-17,SD,1.71,
nat27,655,native,2019-09-17,SD,2.61,
nat28,219,native,2019-09-17,SD,1.89,
nat28,304,native,2019-09-17,SD,1.5,
nat28,351,native,2019-09-17,SD,3.53,
nat28,448,native,2019-09-17,SD,2.22,
nat28,543,native,2019-09-17,SD,2.49,
nat28,598,native,2019-09-17,SD,2.6,
nat29,122,native,2019-09-17,SD,2.7,
nat29,137,native,2019-09-17,SD,1.95,
nat29,139,native,2019-09-17,SD,1.85,
nat29,153,native,2019-09-17,SD,2.53,
nat29,188,native,2019-09-17,SD,2.06,
nat29,194,native,2019-09-17,SD,2.34,
nat29,401,native,2019-09-17,SD,3.02,
nat29,423,native,2019-09-17,SD,2.07,
nat29,479,native,2019-09-17,SD,2.61,
nat29,5,native,2019-09-17,SD,2.02,
nat29,544,native,2019-09-17,SD,4.49,
nat29,565,native,2019-09-17,SD,3.07,
nat29,620,native,2019-09-17,SD,3.9,
nat29,99,native,2019-09-17,SD,1.65,
nat30,14,native,2019-09-17,SD,1.63,
nat30,429,native,2019-09-17,SD,1.8,
nat30,451,native,2019-09-17,SD,1.69,
nat30,650,native,2019-09-17,SD,2.31,
nat31,225,native,2019-09-17,SD,2.73,
nat31,279,native,2019-09-17,SD,1.83,
nat32,138,native,2019-09-17,SD,1.47,
nat32,197,native,2019-09-17,SD,2.52,
nat32,214,native,2019-09-17,SD,2.21,
nat32,303,native,2019-09-17,SD,2.36,
nat32,360,native,2019-09-17,SD,2.61,
nat32,385,native,2019-09-17,SD,2.7,
nat32,463,native,2019-09-17,SD,2.59,
nat33,297,native,2019-09-17,SD,2.31,
nat33,352,native,2019-09-17,SD,2.98,
nat33,365,native,2019-09-17,SD,2.56,
urb01,184,cultivar,2019-09-17,SD,2.49,
urb01,200,cultivar,2019-09-17,SD,2.39,
urb01,203,cultivar,2019-09-17,SD,2.51,
urb01,242,cultivar,2019-09-17,SD,2.5,
urb01,253,cultivar,2019-09-17,SD,2.08,
urb01,314,cultivar,2019-09-17,SD,2.24,
urb01,339,cultivar,2019-09-17,SD,2.4,
urb01,450,cultivar,2019-09-17,SD,2.51,
urb01,476,cultivar,2019-09-17,SD,2.91,
urb01,599,cultivar,2019-09-17,SD,2.51,
urb01,634,cultivar,2019-09-17,SD,2.96,
urb01,85,cultivar,2019-09-17,SD,2.29,
urb03,129,cultivar,2019-09-17,SD,2.74,
urb03,238,cultivar,2019-09-17,SD,2.35,
urb03,239,cultivar,2019-09-17,SD,3.27,
urb03,26,cultivar,2019-09-17,SD,3.07,
urb03,287,cultivar,2019-09-17,SD,3.02,
urb03,357,cultivar,2019-09-17,SD,3.27,
urb03,421,cultivar,2019-09-17,SD,2.55,
urb03,425,cultivar,2019-09-17,SD,2.3,
urb03,426,cultivar,2019-09-17,SD,2.69,
urb03,435,cultivar,2019-09-17,SD,3.15,
urb03,438,cultivar,2019-09-17,SD,2.66,
urb03,439,cultivar,2019-09-17,SD,2.32,
urb03,443,cultivar,2019-09-17,SD,2.41,
urb03,454,cultivar,2019-09-17,SD,2.41,
urb03,457,cultivar,2019-09-17,SD,3.19,
urb03,461,cultivar,2019-09-17,SD,3.05,
urb03,467,cultivar,2019-09-17,SD,2.44,
urb03,494,cultivar,2019-09-17,SD,2.66,
urb03,51,cultivar,2019-09-17,SD,2.19,
urb03,522,cultivar,2019-09-17,SD,2.48,
urb03,536,cultivar,2019-09-17,SD,3.2,
urb03,549,cultivar,2019-09-17,SD,3.38,
urb03,563,cultivar,2019-09-17,SD,3.17,
urb03,595,cultivar,2019-09-17,SD,3.15,
urb03,641,cultivar,2019-09-17,SD,3.21,
urb03,69,cultivar,2019-09-17,SD,1.8,
urb03,78,cultivar,2019-09-17,SD,2.3,
urb04,111,cultivar,2019-09-17,SD,1.95,
urb04,19,cultivar,2019-09-17,SD,2.36,
urb04,196,cultivar,2019-09-17,SD,2.3,
urb04,237,cultivar,2019-09-17,SD,2.52,
urb04,289,cultivar,2019-09-17,SD,2.51,
urb04,31,cultivar,2019-09-17,SD,2.19,
urb04,354,cultivar,2019-09-17,SD,2.58,
urb04,361,cultivar,2019-09-17,SD,2.62,
urb04,404,cultivar,2019-09-17,SD,2.59,
urb04,408,cultivar,2019-09-17,SD,2.37,
urb04,43,cultivar,2019-09-17,SD,1.37,
urb04,44,cultivar,2019-09-17,SD,2.14,
urb04,472,cultivar,2019-09-17,SD,3.09,
urb04,491,cultivar,2019-09-17,SD,2.54,
urb04,511,cultivar,2019-09-17,SD,2.22,
urb04,526,cultivar,2019-09-17,SD,3.35,
urb04,556,cultivar,2019-09-17,SD,2.03,
urb04,622,cultivar,2019-09-17,SD,3.22,
urb04,636,cultivar,2019-09-17,SD,2.75,
urb04,649,cultivar,2019-09-17,SD,3.4,
urb04,95,cultivar,2019-09-17,SD,1.93,
urb07,106,cultivar,2019-09-17,SD,2.45,
urb07,125,cultivar,2019-09-17,SD,2.57,
urb07,167,cultivar,2019-09-17,SD,2.18,
urb07,286,cultivar,2019-09-17,SD,2.13,
urb07,290,cultivar,2019-09-17,SD,2.96,
urb07,3,cultivar,2019-09-17,SD,2.18,
urb07,302,cultivar,2019-09-17,SD,2.47,
urb07,337,cultivar,2019-09-17,SD,2.3,
urb07,367,cultivar,2019-09-17,SD,2.24,
urb07,370,cultivar,2019-09-17,SD,1.67,
urb07,38,cultivar,2019-09-17,SD,2.59,
urb07,413,cultivar,2019-09-17,SD,2.31,
urb07,444,cultivar,2019-09-17,SD,2.2,
urb07,456,cultivar,2019-09-17,SD,4.23,
urb07,54,cultivar,2019-09-17,SD,2.08,
urb07,567,cultivar,2019-09-17,SD,2.32,
urb07,574,cultivar,2019-09-17,SD,2.31,
urb07,581,cultivar,2019-09-17,SD,2.93,
urb07,586,cultivar,2019-09-17,SD,1.71,
urb07,92,cultivar,2019-09-17,SD,2.49,
urb09,1,cultivar,2019-09-17,SD,3.2,
urb09,107,cultivar,2019-09-17,SD,2.67,
urb09,11,cultivar,2019-09-17,SD,3.11,
urb09,112,cultivar,2019-09-17,SD,3.25,
urb09,123,cultivar,2019-09-17,SD,2.89,
urb09,13,cultivar,2019-09-17,SD,3.27,
urb09,130,cultivar,2019-09-17,SD,3.14,
urb09,136,cultivar,2019-09-17,SD,2.79,
urb09,161,cultivar,2019-09-17,SD,2.13,
urb09,166,cultivar,2019-09-17,SD,1.76,
urb09,168,cultivar,2019-09-17,SD,2.25,
urb09,21,cultivar,2019-09-17,SD,3.81,
urb09,235,cultivar,2019-09-17,SD,3.35,
urb09,281,cultivar,2019-09-17,SD,3.45,
urb09,306,cultivar,2019-09-17,SD,2.62,
urb09,323,cultivar,2019-09-17,SD,2.75,
urb09,368,cultivar,2019-09-17,SD,3.38,
urb09,381,cultivar,2019-09-17,SD,3.23,
urb09,384,cultivar,2019-09-17,SD,2.54,
urb09,407,cultivar,2019-09-17,SD,3.85,
urb09,493,cultivar,2019-09-17,SD,3.3,
urb09,508,cultivar,2019-09-17,SD,2.41,
urb09,540,cultivar,2019-09-17,SD,3.16,
urb09,554,cultivar,2019-09-17,SD,4.26,
urb09,579,cultivar,2019-09-17,SD,3.09,
urb09,623,cultivar,2019-09-17,SD,3.42,
urb10,201,cultivar,2019-09-17,SD,1.63,
urb10,475,cultivar,2019-09-17,SD,2.85,
urb10,507,cultivar,2019-09-17,SD,5,
urb10,523,cultivar,2019-09-17,SD,3.48,
urb10,530,cultivar,2019-09-17,SD,2.62,
urb10,547,cultivar,2019-09-17,SD,4.41,
urb10,572,cultivar,2019-09-17,SD,3.62,
urb10,602,cultivar,2019-09-17,SD,3.6,
urb10,97,cultivar,2019-09-17,SD,2.21,
urb10,98,cultivar,2019-09-17,SD,2.69,
urb11,110,cultivar,2019-09-17,SD,2.45,
urb11,134,cultivar,2019-09-17,SD,2.38,
urb11,145,cultivar,2019-09-17,SD,2.48,
urb11,149,cultivar,2019-09-17,SD,1.88,
urb11,20,cultivar,2019-09-17,SD,2.93,
urb11,229,cultivar,2019-09-17,SD,2.53,
urb11,261,cultivar,2019-09-17,SD,2.64,
urb11,325,cultivar,2019-09-17,SD,2.75,
urb11,327,cultivar,2019-09-17,SD,3.07,
urb11,343,cultivar,2019-09-17,SD,2.57,
urb11,391,cultivar,2019-09-17,SD,4.5,
urb11,498,cultivar,2019-09-17,SD,4.14,
urb11,510,cultivar,2019-09-17,SD,3.31,
urb11,553,cultivar,2019-09-17,SD,4.9,
urb11,583,cultivar,2019-09-17,SD,2.89,
urb11,591,cultivar,2019-09-17,SD,3.4,
urb11,610,cultivar,2019-09-17,SD,2.3,
urb12,148,cultivar,2019-09-17,SD,2.26,
urb12,193,cultivar,2019-09-17,SD,2.18,
urb12,210,cultivar,2019-09-17,SD,2.76,
urb12,227,cultivar,2019-09-17,SD,1.88,
urb12,246,cultivar,2019-09-17,SD,1.81,
urb12,256,cultivar,2019-09-17,SD,2.12,
urb12,266,cultivar,2019-09-17,SD,2.47,
urb12,294,cultivar,2019-09-17,SD,2.84,
urb12,319,cultivar,2019-09-17,SD,2.17,
urb12,32,cultivar,2019-09-17,SD,2.06,
urb12,324,cultivar,2019-09-17,SD,1.9,
urb12,36,cultivar,2019-09-17,SD,2.06,
urb12,437,cultivar,2019-09-17,SD,2.85,
urb12,465,cultivar,2019-09-17,SD,3.17,
urb12,593,cultivar,2019-09-17,SD,3.23,
urb12,639,cultivar,2019-09-17,SD,2.9,
urb12,640,cultivar,2019-09-17,SD,2.31,
urb13,12,cultivar,2019-09-17,SD,2.5,
urb13,120,cultivar,2019-09-17,SD,2.29,
urb13,156,cultivar,2019-09-17,SD,3.92,
urb13,245,cultivar,2019-09-17,SD,1.78,
urb13,277,cultivar,2019-09-17,SD,2.96,
urb13,292,cultivar,2019-09-17,SD,2.21,
urb13,315,cultivar,2019-09-17,SD,2.84,
urb13,411,cultivar,2019-09-17,SD,2.09,
urb13,637,cultivar,2019-09-17,SD,2.19,
urb13,654,cultivar,2019-09-17,SD,2.36,
urb13,82,cultivar,2019-09-17,SD,2.73,
urb14,126,cultivar,2019-09-17,SD,2.8,
urb14,157,cultivar,2019-09-17,SD,1.77,
urb14,162,cultivar,2019-09-17,SD,2.14,
urb14,163,cultivar,2019-09-17,SD,2.22,
urb14,18,cultivar,2019-09-17,SD,2.12,
urb14,217,cultivar,2019-09-17,SD,2.52,
urb14,265,cultivar,2019-09-17,SD,2.99,
urb14,293,cultivar,2019-09-17,SD,1.98,
urb14,35,cultivar,2019-09-17,SD,1.85,
urb14,395,cultivar,2019-09-17,SD,3,
urb14,428,cultivar,2019-09-17,SD,2.52,
urb14,441,cultivar,2019-09-17,SD,2.72,
urb14,453,cultivar,2019-09-17,SD,2.42,
urb14,488,cultivar,2019-09-17,SD,2.98,
urb14,497,cultivar,2019-09-17,SD,2.76,
urb14,529,cultivar,2019-09-17,SD,2.64,
urb14,587,cultivar,2019-09-17,SD,2.34,
urb14,603,cultivar,2019-09-17,SD,2.89,
urb14,652,cultivar,2019-09-17,SD,3.31,
urb14,9,cultivar,2019-09-17,SD,2.77,
urb17,207,cultivar,2019-09-17,SD,2.31,
urb17,213,cultivar,2019-09-17,SD,1.66,
urb17,250,cultivar,2019-09-17,SD,2.82,
urb17,276,cultivar,2019-09-17,SD,2.61,
urb17,280,cultivar,2019-09-17,SD,1.81,
urb17,300,cultivar,2019-09-17,SD,2.12,
urb17,311,cultivar,2019-09-17,SD,2.3,
urb17,410,cultivar,2019-09-17,SD,2.68,
urb17,546,cultivar,2019-09-17,SD,2.63,
urb17,570,cultivar,2019-09-17,SD,3.21,
urb17,617,cultivar,2019-09-17,SD,3.41,
urb17,621,cultivar,2019-09-17,SD,2.2,
urb17,70,cultivar,2019-09-17,SD,2.23,
urb17,80,cultivar,2019-09-17,SD,1.43,
urb18,155,cultivar,2019-09-17,SD,2.05,
urb18,330,cultivar,2019-09-17,SD,2.58,
urb18,416,cultivar,2019-09-17,SD,2.78,
urb18,470,cultivar,2019-09-17,SD,2.55,
urb18,483,cultivar,2019-09-17,SD,3,
urb18,509,cultivar,2019-09-17,SD,3.21,
urb18,52,cultivar,2019-09-17,SD,1.14,
urb23,132,cultivar,2019-09-17,SD,1.72,
urb23,143,cultivar,2019-09-17,SD,2.48,
urb23,178,cultivar,2019-09-17,SD,2.14,
urb23,24,cultivar,2019-09-17,SD,2.99,
urb23,29,cultivar,2019-09-17,SD,1.73,
urb23,313,cultivar,2019-09-17,SD,2.08,
urb23,316,cultivar,2019-09-17,SD,2.09,
urb23,418,cultivar,2019-09-17,SD,3,
urb23,528,cultivar,2019-09-17,SD,3.1,
urb23,542,cultivar,2019-09-17,SD,2.42,
urb23,58,cultivar,2019-09-17,SD,1.36,
urb23,601,cultivar,2019-09-17,SD,3.14,
urb23,604,cultivar,2019-09-17,SD,4.7,
urb23,645,cultivar,2019-09-17,SD,2.14,
urb23,81,cultivar,2019-09-17,SD,2.32,
urb24,133,cultivar,2019-09-17,SD,2.98,
urb24,160,cultivar,2019-09-17,SD,2.33,
urb24,169,cultivar,2019-09-17,SD,2.02,
urb24,209,cultivar,2019-09-17,SD,2.2,
urb24,234,cultivar,2019-09-17,SD,2.35,
urb24,248,cultivar,2019-09-17,SD,2.65,
urb24,284,cultivar,2019-09-17,SD,1.91,
urb24,431,cultivar,2019-09-17,SD,2.61,
urb24,449,cultivar,2019-09-17,SD,3.08,
urb24,516,cultivar,2019-09-17,SD,3.27,
urb24,585,cultivar,2019-09-17,SD,2.46,
urb24,60,cultivar,2019-09-17,SD,2.55,
urb24,628,cultivar,2019-09-17,SD,2.66,
urb25,173,cultivar,2019-09-17,SD,2.67,
urb25,192,cultivar,2019-09-17,SD,2.6,
urb25,198,cultivar,2019-09-17,SD,2.07,
urb25,335,cultivar,2019-09-17,SD,2.74,
urb25,344,cultivar,2019-09-17,SD,2.26,
urb25,348,cultivar,2019-09-17,SD,2.16,
urb25,371,cultivar,2019-09-17,SD,2.11,
urb25,374,cultivar,2019-09-17,SD,2.51,
urb25,403,cultivar,2019-09-17,SD,2.3,
urb25,412,cultivar,2019-09-17,SD,2.18,
urb25,415,cultivar,2019-09-17,SD,3.1,
urb25,442,cultivar,2019-09-17,SD,3.43,
urb25,452,cultivar,2019-09-17,SD,1.95,
urb25,458,cultivar,2019-09-17,SD,2.5,
urb25,478,cultivar,2019-09-17,SD,4,
urb25,486,cultivar,2019-09-17,SD,2.46,
urb25,518,cultivar,2019-09-17,SD,3.14,
urb25,590,cultivar,2019-09-17,SD,3.47,
urb25,88,cultivar,2019-09-17,SD,2.34,
urb26,109,cultivar,2019-09-17,SD,1.84,
urb26,180,cultivar,2019-09-17,SD,2.4,
urb26,268,cultivar,2019-09-17,SD,2.21,
urb26,320,cultivar,2019-09-17,SD,2.91,
urb26,356,cultivar,2019-09-17,SD,3.49,
urb26,386,cultivar,2019-09-17,SD,1.65,
urb26,392,cultivar,2019-09-17,SD,2.92,
urb26,427,cultivar,2019-09-17,SD,2.45,
urb26,502,cultivar,2019-09-17,SD,3.1,
urb26,525,cultivar,2019-09-17,SD,2.86,
urb26,551,cultivar,2019-09-17,SD,2.75,
urb26,578,cultivar,2019-09-17,SD,2.71,
urb26,624,cultivar,2019-09-17,SD,3.21,
urb26,633,cultivar,2019-09-17,SD,3.22,
urb26,661,cultivar,2019-09-17,SD,2.79,
urb28,103,cultivar,2019-09-17,SD,1.99,
urb28,118,cultivar,2019-09-17,SD,3.02,
urb28,171,cultivar,2019-09-17,SD,2.16,
urb28,205,cultivar,2019-09-17,SD,2.35,
urb28,27,cultivar,2019-09-17,SD,2.73,
urb28,295,cultivar,2019-09-17,SD,1.56,
urb28,318,cultivar,2019-09-17,SD,1.55,
urb28,342,cultivar,2019-09-17,SD,2.42,
urb28,369,cultivar,2019-09-17,SD,2.13,
urb28,387,cultivar,2019-09-17,SD,2.6,
urb28,39,cultivar,2019-09-17,SD,2.77,
urb28,474,cultivar,2019-09-17,SD,3.23,
urb28,49,cultivar,2019-09-17,SD,2.3,
urb28,50,cultivar,2019-09-17,SD,2.06,
urb28,506,cultivar,2019-09-17,SD,2.83,
urb28,512,cultivar,2019-09-17,SD,2.67,
urb28,541,cultivar,2019-09-17,SD,2.72,
urb28,62,cultivar,2019-09-17,SD,2.93,
urb28,660,cultivar,2019-09-17,SD,2.18,
urb28,75,cultivar,2019-09-17,SD,1.59,
urb29,113,cultivar,2019-09-17,SD,2.35,
urb29,124,cultivar,2019-09-17,SD,2.2,
urb29,165,cultivar,2019-09-17,SD,2.33,
urb29,363,cultivar,2019-09-17,SD,2.65,
urb29,394,cultivar,2019-09-17,SD,2.77,
urb29,400,cultivar,2019-09-17,SD,2.64,
urb29,504,cultivar,2019-09-17,SD,1.98,
urb29,552,cultivar,2019-09-17,SD,2.1,
urb31,108,cultivar,2019-09-17,SD,2.19,
urb31,231,cultivar,2019-09-17,SD,2.23,
urb31,233,cultivar,2019-09-17,SD,2.68,
urb31,308,cultivar,2019-09-17,SD,2.14,
urb31,346,cultivar,2019-09-17,SD,1.83,
urb31,372,cultivar,2019-09-17,SD,2.47,
urb31,434,cultivar,2019-09-17,SD,3.3,
urb31,460,cultivar,2019-09-17,SD,2.59,
urb31,481,cultivar,2019-09-17,SD,3.24,
urb31,495,cultivar,2019-09-17,SD,2.66,
urb31,514,cultivar,2019-09-17,SD,2.73,
urb31,539,cultivar,2019-09-17,SD,2.64,
urb31,55,cultivar,2019-09-17,SD,2.32,
urb31,576,cultivar,2019-09-17,SD,3.16,
urb31,588,cultivar,2019-09-17,SD,2.65,
urb31,59,cultivar,2019-09-17,SD,2.27,
urb31,612,cultivar,2019-09-17,SD,3.83,
urb31,63,cultivar,2019-09-17,SD,2.74,
urb31,644,cultivar,2019-09-17,SD,2.16,
urb32,189,cultivar,2019-09-17,SD,2.33,
urb32,208,cultivar,2019-09-17,SD,2.59,
urb32,264,cultivar,2019-09-17,SD,2.92,
urb32,350,cultivar,2019-09-17,SD,2.87,
urb32,366,cultivar,2019-09-17,SD,3.09,
urb32,378,cultivar,2019-09-17,SD,2.4,
urb32,379,cultivar,2019-09-17,SD,2.14,
urb32,382,cultivar,2019-09-17,SD,2.54,
urb32,390,cultivar,2019-09-17,SD,2.18,
urb32,42,cultivar,2019-09-17,SD,2.35,
urb32,420,cultivar,2019-09-17,SD,2.43,
urb32,45,cultivar,2019-09-17,SD,2.5,
urb32,53,cultivar,2019-09-17,SD,2.01,
urb32,550,cultivar,2019-09-17,SD,3.33,
urb32,618,cultivar,2019-09-17,SD,2.9,
urb32,635,cultivar,2019-09-17,SD,2.72,
urb32,64,cultivar,2019-09-17,SD,2.58,
urb32,658,cultivar,2019-09-17,SD,2.37,
urb32,72,cultivar,2019-09-17,SD,2.3,
nat18,326,native,2018-05-30,SD_base,1.4,
nat18,480,native,2018-05-30,SD_base,1,
nat18,632,native,2018-05-30,SD_base,1.2,
nat19,100,native,2018-05-30,SD_base,1.4,
nat19,183,native,2018-05-30,SD_base,1.6,
nat19,185,native,2018-05-30,SD_base,1.4,
nat19,190,native,2018-05-30,SD_base,1.3,
nat19,202,native,2018-05-30,SD_base,1.6,
nat19,22,native,2018-05-30,SD_base,1.4,
nat19,223,native,2018-05-30,SD_base,1.65,
nat19,224,native,2018-05-30,SD_base,1.5,
nat19,241,native,2018-05-30,SD_base,1.6,
nat19,270,native,2018-05-30,SD_base,1.6,
nat19,275,native,2018-05-30,SD_base,1.4,
nat19,296,native,2018-05-30,SD_base,1.2,
nat19,33,native,2018-05-30,SD_base,1.55,
nat19,355,native,2018-05-30,SD_base,1.2,
nat19,364,native,2018-05-30,SD_base,1.3,
nat19,375,native,2018-05-30,SD_base,1.7,
nat19,397,native,2018-05-30,SD_base,1.1,
nat19,398,native,2018-05-30,SD_base,1.4,
nat19,40,native,2018-05-30,SD_base,1.3,
nat19,430,native,2018-05-30,SD_base,1.2,
nat19,46,native,2018-05-30,SD_base,1.2,
nat19,468,native,2018-05-30,SD_base,1.1,
nat19,482,native,2018-05-30,SD_base,1.1,
nat19,513,native,2018-05-30,SD_base,2,
nat19,538,native,2018-05-30,SD_base,0.9,
nat19,557,native,2018-05-30,SD_base,1.1,
nat19,571,native,2018-05-30,SD_base,1.1,
nat19,596,native,2018-05-30,SD_base,1.4,
nat19,606,native,2018-05-30,SD_base,1.25,
nat19,611,native,2018-05-30,SD_base,1.3,
nat19,616,native,2018-05-30,SD_base,1.4,
nat19,626,native,2018-05-30,SD_base,1.4,
nat19,627,native,2018-05-30,SD_base,1.5,
nat19,631,native,2018-05-30,SD_base,1,
nat19,642,native,2018-05-30,SD_base,1.25,
nat19,65,native,2018-05-30,SD_base,1.4,
nat19,657,native,2018-05-30,SD_base,1.8,
nat19,659,native,2018-05-30,SD_base,1.45,
nat19,74,native,2018-05-30,SD_base,1.45,
nat19,76,native,2018-05-30,SD_base,1.2,
nat19,94,native,2018-05-30,SD_base,1.7,
nat20,301,native,2018-05-30,SD_base,1.05,
nat20,440,native,2018-05-30,SD_base,1.05,
nat20,446,native,2018-05-30,SD_base,1,
nat20,473,native,2018-05-30,SD_base,1.15,
nat20,519,native,2018-05-30,SD_base,1.5,
nat20,605,native,2018-05-30,SD_base,1.35,
nat20,608,native,2018-05-30,SD_base,1.6,
nat20,615,native,2018-05-30,SD_base,1.2,
nat21,332,native,2018-05-30,SD_base,1.5,
nat21,333,native,2018-05-30,SD_base,1.1,
nat21,358,native,2018-05-30,SD_base,1.25,
nat21,422,native,2018-05-30,SD_base,1.3,
nat21,500,native,2018-05-30,SD_base,0.95,
nat21,527,native,2018-05-30,SD_base,1.25,
nat21,568,native,2018-05-30,SD_base,1.5,
nat21,573,native,2018-05-30,SD_base,1.4,
nat21,589,native,2018-05-30,SD_base,1.3,
nat21,68,native,2018-05-30,SD_base,1.1,
nat22,101,native,2018-05-30,SD_base,1.5,
nat22,119,native,2018-05-30,SD_base,1.05,
nat22,142,native,2018-05-30,SD_base,1.8,
nat22,176,native,2018-05-30,SD_base,1.4,
nat22,191,native,2018-05-30,SD_base,1.1,
nat22,199,native,2018-05-30,SD_base,1.35,
nat22,25,native,2018-05-30,SD_base,1.5,
nat22,254,native,2018-05-30,SD_base,1.4,
nat22,353,native,2018-05-30,SD_base,1.4,
nat22,505,native,2018-05-30,SD_base,1.15,
nat22,535,native,2018-05-30,SD_base,1.5,
nat22,6,native,2018-05-30,SD_base,1.45,
nat22,609,native,2018-05-30,SD_base,1.55,
nat22,638,native,2018-05-30,SD_base,1.2,
nat23,2,native,2018-05-30,SD_base,1.7,
nat23,216,native,2018-05-30,SD_base,1.1,
nat23,244,native,2018-05-30,SD_base,1.4,
nat23,259,native,2018-05-30,SD_base,1.3,
nat23,309,native,2018-05-30,SD_base,1.2,
nat23,334,native,2018-05-30,SD_base,1.3,
nat23,380,native,2018-05-30,SD_base,1.1,
nat23,501,native,2018-05-30,SD_base,1.45,
nat23,575,native,2018-05-30,SD_base,1.1,
nat24,147,native,2018-05-30,SD_base,1.1,
nat24,485,native,2018-05-30,SD_base,1.4,
nat24,489,native,2018-05-30,SD_base,1.4,
nat24,8,native,2018-05-30,SD_base,0.9,
nat24,90,native,2018-05-30,SD_base,1.3,
nat25,187,native,2018-05-30,SD_base,1.4,
nat25,299,native,2018-05-30,SD_base,1.5,
nat25,433,native,2018-05-30,SD_base,1.3,
nat25,520,native,2018-05-30,SD_base,1.45,
nat25,537,native,2018-05-30,SD_base,1.3,
nat25,582,native,2018-05-30,SD_base,1.1,
nat25,613,native,2018-05-30,SD_base,1.2,
nat26,151,native,2018-05-30,SD_base,1.4,
nat26,16,native,2018-05-30,SD_base,1.2,
nat26,182,native,2018-05-30,SD_base,1.7,
nat26,269,native,2018-05-30,SD_base,1.05,
nat26,310,native,2018-05-30,SD_base,1.3,
nat26,338,native,2018-05-30,SD_base,1.05,
nat26,345,native,2018-05-30,SD_base,1.15,
nat26,373,native,2018-05-30,SD_base,1.25,
nat26,376,native,2018-05-30,SD_base,1.15,
nat26,402,native,2018-05-30,SD_base,1.4,
nat26,414,native,2018-05-30,SD_base,0.9,
nat26,424,native,2018-05-30,SD_base,1.5,
nat26,47,native,2018-05-30,SD_base,1.3,
nat26,471,native,2018-05-30,SD_base,1,
nat26,524,native,2018-05-30,SD_base,1.2,
nat26,561,native,2018-05-30,SD_base,1.3,
nat26,625,native,2018-05-30,SD_base,1.8,
nat27,141,native,2018-05-30,SD_base,1.4,
nat27,152,native,2018-05-30,SD_base,1.2,
nat27,181,native,2018-05-30,SD_base,1.35,
nat27,186,native,2018-05-30,SD_base,1.3,
nat27,206,native,2018-05-30,SD_base,1.6,
nat27,23,native,2018-05-30,SD_base,1.2,
nat27,260,native,2018-05-30,SD_base,1.3,
nat27,263,native,2018-05-30,SD_base,1.1,
nat27,341,native,2018-05-30,SD_base,1.3,
nat27,347,native,2018-05-30,SD_base,1.3,
nat27,4,native,2018-05-30,SD_base,1.1,
nat27,406,native,2018-05-30,SD_base,1.05,
nat27,455,native,2018-05-30,SD_base,1.3,
nat27,517,native,2018-05-30,SD_base,1.15,
nat27,57,native,2018-05-30,SD_base,1.3,
nat27,655,native,2018-05-30,SD_base,1.4,
nat28,219,native,2018-05-30,SD_base,1,
nat28,304,native,2018-05-30,SD_base,1.1,
nat28,351,native,2018-05-30,SD_base,1.65,
nat28,448,native,2018-05-30,SD_base,0.9,
nat28,543,native,2018-05-30,SD_base,1.2,
nat28,598,native,2018-05-30,SD_base,1.1,
nat29,122,native,2018-05-30,SD_base,1.2,
nat29,137,native,2018-05-30,SD_base,0.9,
nat29,139,native,2018-05-30,SD_base,1.1,
nat29,153,native,2018-05-30,SD_base,1.2,
nat29,188,native,2018-05-30,SD_base,1.05,
nat29,194,native,2018-05-30,SD_base,1.25,
nat29,401,native,2018-05-30,SD_base,1.4,
nat29,423,native,2018-05-30,SD_base,1.7,
nat29,479,native,2018-05-30,SD_base,1.3,
nat29,5,native,2018-05-30,SD_base,1.2,
nat29,544,native,2018-05-30,SD_base,1.2,
nat29,565,native,2018-05-30,SD_base,1.4,
nat29,620,native,2018-05-30,SD_base,1.1,
nat29,99,native,2018-05-30,SD_base,1.1,
nat30,14,native,2018-05-30,SD_base,1.2,
nat30,236,native,2018-05-30,SD_base,1,
nat30,429,native,2018-05-30,SD_base,1.2,
nat30,451,native,2018-05-30,SD_base,1.35,
nat30,592,native,2018-05-30,SD_base,1.2,
nat30,594,native,2018-05-30,SD_base,1,
nat30,650,native,2018-05-30,SD_base,1.35,
nat30,653,native,2018-05-30,SD_base,1.4,
nat31,225,native,2018-05-30,SD_base,1.2,
nat31,279,native,2018-05-30,SD_base,1.25,
nat31,646,native,2018-05-30,SD_base,1.4,
nat32,138,native,2018-05-30,SD_base,0.9,
nat32,150,native,2018-05-30,SD_base,1.3,
nat32,172,native,2018-05-30,SD_base,1.2,
nat32,197,native,2018-05-30,SD_base,1.1,
nat32,214,native,2018-05-30,SD_base,1.4,
nat32,303,native,2018-05-30,SD_base,1.25,
nat32,360,native,2018-05-30,SD_base,1.1,
nat32,385,native,2018-05-30,SD_base,1.75,
nat32,463,native,2018-05-30,SD_base,1.15,
nat32,469,native,2018-05-30,SD_base,1.5,
nat33,297,native,2018-05-30,SD_base,1.4,
nat33,352,native,2018-05-30,SD_base,0.95,
nat33,365,native,2018-05-30,SD_base,1.05,
urb01,10,cultivar,2018-05-30,SD_base,1.6,
urb01,184,cultivar,2018-05-30,SD_base,1.5,
urb01,200,cultivar,2018-05-30,SD_base,1.55,
urb01,203,cultivar,2018-05-30,SD_base,1,
urb01,242,cultivar,2018-05-30,SD_base,1.5,
urb01,253,cultivar,2018-05-30,SD_base,1.7,
urb01,314,cultivar,2018-05-30,SD_base,1.5,
urb01,339,cultivar,2018-05-30,SD_base,1.2,
urb01,359,cultivar,2018-05-30,SD_base,1.15,
urb01,450,cultivar,2018-05-30,SD_base,1.45,
urb01,476,cultivar,2018-05-30,SD_base,1.7,
urb01,584,cultivar,2018-05-30,SD_base,1.5,
urb01,599,cultivar,2018-05-30,SD_base,1.55,
urb01,619,cultivar,2018-05-30,SD_base,1.2,
urb01,634,cultivar,2018-05-30,SD_base,1.9,
urb01,85,cultivar,2018-05-30,SD_base,2,
urb03,129,cultivar,2018-05-30,SD_base,1.7,
urb03,238,cultivar,2018-05-30,SD_base,1.35,
urb03,239,cultivar,2018-05-30,SD_base,1.4,
urb03,26,cultivar,2018-05-30,SD_base,1.35,
urb03,287,cultivar,2018-05-30,SD_base,1.25,
urb03,357,cultivar,2018-05-30,SD_base,1.25,
urb03,421,cultivar,2018-05-30,SD_base,1.7,
urb03,425,cultivar,2018-05-30,SD_base,1.75,
urb03,426,cultivar,2018-05-30,SD_base,1.55,
urb03,435,cultivar,2018-05-30,SD_base,1,
urb03,438,cultivar,2018-05-30,SD_base,1,
urb03,439,cultivar,2018-05-30,SD_base,1.2,
urb03,443,cultivar,2018-05-30,SD_base,1.1,
urb03,454,cultivar,2018-05-30,SD_base,1.3,
urb03,457,cultivar,2018-05-30,SD_base,2,
urb03,461,cultivar,2018-05-30,SD_base,1.5,
urb03,467,cultivar,2018-05-30,SD_base,1.3,
urb03,494,cultivar,2018-05-30,SD_base,1.1,
urb03,51,cultivar,2018-05-30,SD_base,1.2,
urb03,522,cultivar,2018-05-30,SD_base,1.4,
urb03,536,cultivar,2018-05-30,SD_base,1.7,
urb03,549,cultivar,2018-05-30,SD_base,1.7,
urb03,563,cultivar,2018-05-30,SD_base,1.5,
urb03,595,cultivar,2018-05-30,SD_base,1.4,
urb03,641,cultivar,2018-05-30,SD_base,1.4,
urb03,69,cultivar,2018-05-30,SD_base,1.4,
urb03,78,cultivar,2018-05-30,SD_base,1.7,
urb03,89,cultivar,2018-05-30,SD_base,1.4,
urb04,111,cultivar,2018-05-30,SD_base,1.15,
urb04,19,cultivar,2018-05-30,SD_base,1.6,
urb04,196,cultivar,2018-05-30,SD_base,1.4,
urb04,237,cultivar,2018-05-30,SD_base,1.8,
urb04,278,cultivar,2018-05-30,SD_base,1.3,
urb04,289,cultivar,2018-05-30,SD_base,1.4,
urb04,31,cultivar,2018-05-30,SD_base,1.7,
urb04,312,cultivar,2018-05-30,SD_base,1.6,
urb04,329,cultivar,2018-05-30,SD_base,1.5,
urb04,354,cultivar,2018-05-30,SD_base,1.5,
urb04,361,cultivar,2018-05-30,SD_base,1.45,
urb04,404,cultivar,2018-05-30,SD_base,1.35,
urb04,408,cultivar,2018-05-30,SD_base,1.5,
urb04,43,cultivar,2018-05-30,SD_base,1.3,
urb04,44,cultivar,2018-05-30,SD_base,1.7,
urb04,472,cultivar,2018-05-30,SD_base,1.8,
urb04,491,cultivar,2018-05-30,SD_base,1.4,
urb04,511,cultivar,2018-05-30,SD_base,0.8,
urb04,526,cultivar,2018-05-30,SD_base,1.4,
urb04,556,cultivar,2018-05-30,SD_base,1.6,
urb04,597,cultivar,2018-05-30,SD_base,1.7,
urb04,622,cultivar,2018-05-30,SD_base,1.15,
urb04,636,cultivar,2018-05-30,SD_base,1.7,
urb04,649,cultivar,2018-05-30,SD_base,1.8,
urb04,95,cultivar,2018-05-30,SD_base,1.3,
urb07,106,cultivar,2018-05-30,SD_base,1.7,
urb07,125,cultivar,2018-05-30,SD_base,1.1,
urb07,167,cultivar,2018-05-30,SD_base,1.2,
urb07,232,cultivar,2018-05-30,SD_base,1.25,
urb07,286,cultivar,2018-05-30,SD_base,1.8,
urb07,290,cultivar,2018-05-30,SD_base,1.8,
urb07,3,cultivar,2018-05-30,SD_base,1.6,
urb07,302,cultivar,2018-05-30,SD_base,1.65,
urb07,337,cultivar,2018-05-30,SD_base,2,
urb07,367,cultivar,2018-05-30,SD_base,1.4,
urb07,370,cultivar,2018-05-30,SD_base,1.35,
urb07,38,cultivar,2018-05-30,SD_base,1.5,
urb07,413,cultivar,2018-05-30,SD_base,1.1,
urb07,417,cultivar,2018-05-30,SD_base,1.3,
urb07,444,cultivar,2018-05-30,SD_base,0.95,
urb07,456,cultivar,2018-05-30,SD_base,1.5,
urb07,464,cultivar,2018-05-30,SD_base,1.4,
urb07,54,cultivar,2018-05-30,SD_base,1.5,
urb07,555,cultivar,2018-05-30,SD_base,0.9,
urb07,567,cultivar,2018-05-30,SD_base,1.1,
urb07,574,cultivar,2018-05-30,SD_base,1.2,
urb07,581,cultivar,2018-05-30,SD_base,1.6,
urb07,586,cultivar,2018-05-30,SD_base,1.4,
urb07,92,cultivar,2018-05-30,SD_base,1.2,
urb09,1,cultivar,2018-05-30,SD_base,1.25,
urb09,107,cultivar,2018-05-30,SD_base,1.5,
urb09,11,cultivar,2018-05-30,SD_base,1.6,
urb09,112,cultivar,2018-05-30,SD_base,1.85,
urb09,123,cultivar,2018-05-30,SD_base,1.45,
urb09,13,cultivar,2018-05-30,SD_base,2.4,
urb09,130,cultivar,2018-05-30,SD_base,1.9,
urb09,136,cultivar,2018-05-30,SD_base,1.4,
urb09,161,cultivar,2018-05-30,SD_base,1.15,
urb09,166,cultivar,2018-05-30,SD_base,1.6,
urb09,168,cultivar,2018-05-30,SD_base,1.5,
urb09,21,cultivar,2018-05-30,SD_base,2,
urb09,235,cultivar,2018-05-30,SD_base,1.3,
urb09,281,cultivar,2018-05-30,SD_base,1.5,
urb09,306,cultivar,2018-05-30,SD_base,1.6,
urb09,323,cultivar,2018-05-30,SD_base,1.45,
urb09,368,cultivar,2018-05-30,SD_base,1.95,
urb09,381,cultivar,2018-05-30,SD_base,1.55,
urb09,384,cultivar,2018-05-30,SD_base,1.8,
urb09,407,cultivar,2018-05-30,SD_base,2.4,
urb09,493,cultivar,2018-05-30,SD_base,1.35,
urb09,508,cultivar,2018-05-30,SD_base,1.2,
urb09,540,cultivar,2018-05-30,SD_base,1.3,
urb09,554,cultivar,2018-05-30,SD_base,2,
urb09,579,cultivar,2018-05-30,SD_base,1.6,
urb09,623,cultivar,2018-05-30,SD_base,2.15,
urb10,201,cultivar,2018-05-30,SD_base,1.35,
urb10,475,cultivar,2018-05-30,SD_base,1.5,
urb10,507,cultivar,2018-05-30,SD_base,1.05,
urb10,521,cultivar,2018-05-30,SD_base,1.2,
urb10,523,cultivar,2018-05-30,SD_base,1.9,
urb10,530,cultivar,2018-05-30,SD_base,1.6,
urb10,547,cultivar,2018-05-30,SD_base,1.8,
urb10,562,cultivar,2018-05-30,SD_base,1.4,
urb10,572,cultivar,2018-05-30,SD_base,1.4,
urb10,602,cultivar,2018-05-30,SD_base,1.65,
urb10,83,cultivar,2018-05-30,SD_base,1.3,
urb10,93,cultivar,2018-05-30,SD_base,1.7,
urb10,97,cultivar,2018-05-30,SD_base,1.5,
urb10,98,cultivar,2018-05-30,SD_base,1.7,
urb11,110,cultivar,2018-05-30,SD_base,2.5,
urb11,121,cultivar,2018-05-30,SD_base,2.1,
urb11,134,cultivar,2018-05-30,SD_base,2.15,
urb11,145,cultivar,2018-05-30,SD_base,2.05,
urb11,149,cultivar,2018-05-30,SD_base,1.8,
urb11,20,cultivar,2018-05-30,SD_base,1.8,
urb11,229,cultivar,2018-05-30,SD_base,1.7,
urb11,261,cultivar,2018-05-30,SD_base,1.85,
urb11,325,cultivar,2018-05-30,SD_base,1.65,
urb11,327,cultivar,2018-05-30,SD_base,1.9,
urb11,343,cultivar,2018-05-30,SD_base,1.9,
urb11,391,cultivar,2018-05-30,SD_base,2.2,
urb11,498,cultivar,2018-05-30,SD_base,2.1,
urb11,510,cultivar,2018-05-30,SD_base,1.5,
urb11,553,cultivar,2018-05-30,SD_base,1.7,
urb11,583,cultivar,2018-05-30,SD_base,2,
urb11,591,cultivar,2018-05-30,SD_base,1.9,
urb11,610,cultivar,2018-05-30,SD_base,1.6,
urb11,629,cultivar,2018-05-30,SD_base,1.7,
urb12,140,cultivar,2018-05-30,SD_base,1.7,
urb12,148,cultivar,2018-05-30,SD_base,1.5,
urb12,164,cultivar,2018-05-30,SD_base,1.5,
urb12,193,cultivar,2018-05-30,SD_base,1.1,
urb12,210,cultivar,2018-05-30,SD_base,1.8,
urb12,227,cultivar,2018-05-30,SD_base,1.3,
urb12,246,cultivar,2018-05-30,SD_base,1.5,
urb12,256,cultivar,2018-05-30,SD_base,1.45,
urb12,262,cultivar,2018-05-30,SD_base,1.6,
urb12,266,cultivar,2018-05-30,SD_base,1.6,
urb12,28,cultivar,2018-05-30,SD_base,1.4,
urb12,294,cultivar,2018-05-30,SD_base,1.9,
urb12,317,cultivar,2018-05-30,SD_base,1.5,
urb12,319,cultivar,2018-05-30,SD_base,1.4,
urb12,32,cultivar,2018-05-30,SD_base,1.8,
urb12,324,cultivar,2018-05-30,SD_base,1.45,
urb12,36,cultivar,2018-05-30,SD_base,1.4,
urb12,437,cultivar,2018-05-30,SD_base,1.4,
urb12,462,cultivar,2018-05-30,SD_base,1.55,
urb12,465,cultivar,2018-05-30,SD_base,1.9,
urb12,496,cultivar,2018-05-30,SD_base,1.7,
urb12,593,cultivar,2018-05-30,SD_base,1.9,
urb12,639,cultivar,2018-05-30,SD_base,1.5,
urb12,640,cultivar,2018-05-30,SD_base,1.25,
urb12,66,cultivar,2018-05-30,SD_base,1.6,
urb13,12,cultivar,2018-05-30,SD_base,1.9,
urb13,120,cultivar,2018-05-30,SD_base,1.6,
urb13,156,cultivar,2018-05-30,SD_base,1.55,
urb13,245,cultivar,2018-05-30,SD_base,1.4,
urb13,258,cultivar,2018-05-30,SD_base,0.9,
urb13,277,cultivar,2018-05-30,SD_base,1.7,
urb13,292,cultivar,2018-05-30,SD_base,1.4,
urb13,315,cultivar,2018-05-30,SD_base,1.95,
urb13,411,cultivar,2018-05-30,SD_base,1.5,
urb13,477,cultivar,2018-05-30,SD_base,1.5,
urb13,531,cultivar,2018-05-30,SD_base,1.4,
urb13,637,cultivar,2018-05-30,SD_base,1.35,
urb13,654,cultivar,2018-05-30,SD_base,1.4,
urb13,7,cultivar,2018-05-30,SD_base,1.2,
urb13,82,cultivar,2018-05-30,SD_base,1.6,
urb14,117,cultivar,2018-05-30,SD_base,1.35,
urb14,126,cultivar,2018-05-30,SD_base,1.7,
urb14,157,cultivar,2018-05-30,SD_base,1.2,
urb14,162,cultivar,2018-05-30,SD_base,1.3,
urb14,163,cultivar,2018-05-30,SD_base,1.2,
urb14,18,cultivar,2018-05-30,SD_base,1.6,
urb14,217,cultivar,2018-05-30,SD_base,1.2,
urb14,265,cultivar,2018-05-30,SD_base,1.75,
urb14,293,cultivar,2018-05-30,SD_base,1.4,
urb14,35,cultivar,2018-05-30,SD_base,1.4,
urb14,395,cultivar,2018-05-30,SD_base,1.3,
urb14,428,cultivar,2018-05-30,SD_base,1.25,
urb14,441,cultivar,2018-05-30,SD_base,2.1,
urb14,453,cultivar,2018-05-30,SD_base,1.3,
urb14,488,cultivar,2018-05-30,SD_base,1.85,
urb14,497,cultivar,2018-05-30,SD_base,1.3,
urb14,499,cultivar,2018-05-30,SD_base,1.3,
urb14,529,cultivar,2018-05-30,SD_base,1.45,
urb14,587,cultivar,2018-05-30,SD_base,1.6,
urb14,600,cultivar,2018-05-30,SD_base,1.35,
urb14,603,cultivar,2018-05-30,SD_base,1.45,
urb14,652,cultivar,2018-05-30,SD_base,1.95,
urb14,9,cultivar,2018-05-30,SD_base,1.4,
urb17,207,cultivar,2018-05-30,SD_base,1.9,
urb17,213,cultivar,2018-05-30,SD_base,1.7,
urb17,250,cultivar,2018-05-30,SD_base,1.7,
urb17,276,cultivar,2018-05-30,SD_base,1.5,
urb17,280,cultivar,2018-05-30,SD_base,1.8,
urb17,300,cultivar,2018-05-30,SD_base,2,
urb17,311,cultivar,2018-05-30,SD_base,1.9,
urb17,410,cultivar,2018-05-30,SD_base,1.8,
urb17,546,cultivar,2018-05-30,SD_base,1.7,
urb17,570,cultivar,2018-05-30,SD_base,1.3,
urb17,617,cultivar,2018-05-30,SD_base,1.5,
urb17,621,cultivar,2018-05-30,SD_base,1.2,
urb17,643,cultivar,2018-05-30,SD_base,1.3,
urb17,70,cultivar,2018-05-30,SD_base,1.9,
urb17,80,cultivar,2018-05-30,SD_base,1.65,
urb17,87,cultivar,2018-05-30,SD_base,1.8,
urb18,155,cultivar,2018-05-30,SD_base,1.35,
urb18,175,cultivar,2018-05-30,SD_base,1.4,
urb18,221,cultivar,2018-05-30,SD_base,1.1,
urb18,222,cultivar,2018-05-30,SD_base,1.3,
urb18,252,cultivar,2018-05-30,SD_base,1.5,
urb18,330,cultivar,2018-05-30,SD_base,1.65,
urb18,416,cultivar,2018-05-30,SD_base,1.45,
urb18,459,cultivar,2018-05-30,SD_base,1.2,
urb18,470,cultivar,2018-05-30,SD_base,1.85,
urb18,483,cultivar,2018-05-30,SD_base,1.15,
urb18,484,cultivar,2018-05-30,SD_base,1.2,
urb18,509,cultivar,2018-05-30,SD_base,1.3,
urb18,52,cultivar,2018-05-30,SD_base,1.4,
urb18,651,cultivar,2018-05-30,SD_base,1.25,
urb23,132,cultivar,2018-05-30,SD_base,1.4,
urb23,143,cultivar,2018-05-30,SD_base,1.1,
urb23,178,cultivar,2018-05-30,SD_base,1.15,
urb23,228,cultivar,2018-05-30,SD_base,1.6,
urb23,24,cultivar,2018-05-30,SD_base,1.5,
urb23,29,cultivar,2018-05-30,SD_base,1.6,
urb23,313,cultivar,2018-05-30,SD_base,1.4,
urb23,316,cultivar,2018-05-30,SD_base,1.6,
urb23,418,cultivar,2018-05-30,SD_base,1.55,
urb23,528,cultivar,2018-05-30,SD_base,1.25,
urb23,542,cultivar,2018-05-30,SD_base,1.3,
urb23,58,cultivar,2018-05-30,SD_base,2,
urb23,601,cultivar,2018-05-30,SD_base,1.9,
urb23,604,cultivar,2018-05-30,SD_base,2.2,
urb23,607,cultivar,2018-05-30,SD_base,1.65,
urb23,645,cultivar,2018-05-30,SD_base,1.6,
urb23,81,cultivar,2018-05-30,SD_base,1.45,
urb24,133,cultivar,2018-05-30,SD_base,1.7,
urb24,160,cultivar,2018-05-30,SD_base,1.2,
urb24,169,cultivar,2018-05-30,SD_base,1.3,
urb24,209,cultivar,2018-05-30,SD_base,1.35,
urb24,234,cultivar,2018-05-30,SD_base,1.55,
urb24,248,cultivar,2018-05-30,SD_base,1.9,
urb24,284,cultivar,2018-05-30,SD_base,1.25,
urb24,377,cultivar,2018-05-30,SD_base,1.4,
urb24,431,cultivar,2018-05-30,SD_base,1.7,
urb24,449,cultivar,2018-05-30,SD_base,1.55,
urb24,490,cultivar,2018-05-30,SD_base,1.7,
urb24,516,cultivar,2018-05-30,SD_base,1.95,
urb24,585,cultivar,2018-05-30,SD_base,1.4,
urb24,60,cultivar,2018-05-30,SD_base,1.5,
urb24,628,cultivar,2018-05-30,SD_base,1.9,
urb24,96,cultivar,2018-05-30,SD_base,1.7,
urb25,173,cultivar,2018-05-30,SD_base,1.25,
urb25,192,cultivar,2018-05-30,SD_base,1.45,
urb25,198,cultivar,2018-05-30,SD_base,1.4,
urb25,204,cultivar,2018-05-30,SD_base,1.4,
urb25,257,cultivar,2018-05-30,SD_base,1.2,
urb25,274,cultivar,2018-05-30,SD_base,1.15,
urb25,335,cultivar,2018-05-30,SD_base,1.5,
urb25,344,cultivar,2018-05-30,SD_base,1.3,
urb25,348,cultivar,2018-05-30,SD_base,1.2,
urb25,371,cultivar,2018-05-30,SD_base,1.25,
urb25,374,cultivar,2018-05-30,SD_base,1.25,
urb25,403,cultivar,2018-05-30,SD_base,1.1,
urb25,412,cultivar,2018-05-30,SD_base,1.4,
urb25,415,cultivar,2018-05-30,SD_base,1.3,
urb25,442,cultivar,2018-05-30,SD_base,1.5,
urb25,452,cultivar,2018-05-30,SD_base,1.6,
urb25,458,cultivar,2018-05-30,SD_base,1.55,
urb25,478,cultivar,2018-05-30,SD_base,1.55,
urb25,486,cultivar,2018-05-30,SD_base,1.2,
urb25,518,cultivar,2018-05-30,SD_base,1.3,
urb25,590,cultivar,2018-05-30,SD_base,1.5,
urb25,88,cultivar,2018-05-30,SD_base,1.5,
urb26,104,cultivar,2018-05-30,SD_base,1.35,
urb26,109,cultivar,2018-05-30,SD_base,1.15,
urb26,180,cultivar,2018-05-30,SD_base,1.5,
urb26,268,cultivar,2018-05-30,SD_base,1.8,
urb26,273,cultivar,2018-05-30,SD_base,1.3,
urb26,320,cultivar,2018-05-30,SD_base,1.5,
urb26,356,cultivar,2018-05-30,SD_base,1.45,
urb26,386,cultivar,2018-05-30,SD_base,1.4,
urb26,392,cultivar,2018-05-30,SD_base,1.3,
urb26,427,cultivar,2018-05-30,SD_base,1.6,
urb26,502,cultivar,2018-05-30,SD_base,1.4,
urb26,525,cultivar,2018-05-30,SD_base,1.35,
urb26,551,cultivar,2018-05-30,SD_base,1.3,
urb26,578,cultivar,2018-05-30,SD_base,1.4,
urb26,624,cultivar,2018-05-30,SD_base,1.2,
urb26,633,cultivar,2018-05-30,SD_base,1.1,
urb26,661,cultivar,2018-05-30,SD_base,1.3,
urb28,103,cultivar,2018-05-30,SD_base,1.5,
urb28,118,cultivar,2018-05-30,SD_base,1.7,
urb28,171,cultivar,2018-05-30,SD_base,1.35,
urb28,205,cultivar,2018-05-30,SD_base,1.65,
urb28,240,cultivar,2018-05-30,SD_base,1.1,
urb28,27,cultivar,2018-05-30,SD_base,1.7,
urb28,295,cultivar,2018-05-30,SD_base,1.7,
urb28,318,cultivar,2018-05-30,SD_base,1.5,
urb28,342,cultivar,2018-05-30,SD_base,1.35,
urb28,369,cultivar,2018-05-30,SD_base,1.5,
urb28,387,cultivar,2018-05-30,SD_base,1.7,
urb28,39,cultivar,2018-05-30,SD_base,1.45,
urb28,474,cultivar,2018-05-30,SD_base,1.7,
urb28,49,cultivar,2018-05-30,SD_base,1.5,
urb28,50,cultivar,2018-05-30,SD_base,1.8,
urb28,506,cultivar,2018-05-30,SD_base,1.55,
urb28,512,cultivar,2018-05-30,SD_base,1.85,
urb28,541,cultivar,2018-05-30,SD_base,1.2,
urb28,62,cultivar,2018-05-30,SD_base,1.8,
urb28,660,cultivar,2018-05-30,SD_base,1.5,
urb28,75,cultivar,2018-05-30,SD_base,1.45,
urb28,77,cultivar,2018-05-30,SD_base,1.8,
urb29,113,cultivar,2018-05-30,SD_base,1.5,
urb29,124,cultivar,2018-05-30,SD_base,1.55,
urb29,127,cultivar,2018-05-30,SD_base,1.6,
urb29,158,cultivar,2018-05-30,SD_base,1.3,
urb29,165,cultivar,2018-05-30,SD_base,1.5,
urb29,170,cultivar,2018-05-30,SD_base,1.3,
urb29,282,cultivar,2018-05-30,SD_base,1.3,
urb29,363,cultivar,2018-05-30,SD_base,1.4,
urb29,394,cultivar,2018-05-30,SD_base,1.45,
urb29,400,cultivar,2018-05-30,SD_base,1.25,
urb29,504,cultivar,2018-05-30,SD_base,1.2,
urb29,552,cultivar,2018-05-30,SD_base,1.15,
urb29,56,cultivar,2018-05-30,SD_base,1.35,
urb31,108,cultivar,2018-05-30,SD_base,1.45,
urb31,220,cultivar,2018-05-30,SD_base,1.3,
urb31,231,cultivar,2018-05-30,SD_base,1.4,
urb31,233,cultivar,2018-05-30,SD_base,1.4,
urb31,247,cultivar,2018-05-30,SD_base,1.5,
urb31,308,cultivar,2018-05-30,SD_base,1.5,
urb31,346,cultivar,2018-05-30,SD_base,1.35,
urb31,372,cultivar,2018-05-30,SD_base,1.4,
urb31,434,cultivar,2018-05-30,SD_base,1.25,
urb31,460,cultivar,2018-05-30,SD_base,1.5,
urb31,48,cultivar,2018-05-30,SD_base,1.1,
urb31,481,cultivar,2018-05-30,SD_base,1.2,
urb31,495,cultivar,2018-05-30,SD_base,1.7,
urb31,514,cultivar,2018-05-30,SD_base,1.5,
urb31,539,cultivar,2018-05-30,SD_base,1.1,
urb31,55,cultivar,2018-05-30,SD_base,1.35,
urb31,576,cultivar,2018-05-30,SD_base,1.5,
urb31,588,cultivar,2018-05-30,SD_base,1.45,
urb31,59,cultivar,2018-05-30,SD_base,1.3,
urb31,612,cultivar,2018-05-30,SD_base,1.65,
urb31,63,cultivar,2018-05-30,SD_base,1.85,
urb31,644,cultivar,2018-05-30,SD_base,1.05,
urb31,91,cultivar,2018-05-30,SD_base,2,
urb32,189,cultivar,2018-05-30,SD_base,1.4,
urb32,208,cultivar,2018-05-30,SD_base,1.3,
urb32,264,cultivar,2018-05-30,SD_base,1.8,
urb32,336,cultivar,2018-05-30,SD_base,1.25,
urb32,350,cultivar,2018-05-30,SD_base,1.6,
urb32,366,cultivar,2018-05-30,SD_base,1.15,
urb32,378,cultivar,2018-05-30,SD_base,1.4,
urb32,379,cultivar,2018-05-30,SD_base,1.85,
urb32,382,cultivar,2018-05-30,SD_base,1.85,
urb32,390,cultivar,2018-05-30,SD_base,1.75,
urb32,42,cultivar,2018-05-30,SD_base,1.7,
urb32,420,cultivar,2018-05-30,SD_base,1.5,
urb32,45,cultivar,2018-05-30,SD_base,1.55,
urb32,53,cultivar,2018-05-30,SD_base,1.25,
urb32,550,cultivar,2018-05-30,SD_base,1.5,
urb32,618,cultivar,2018-05-30,SD_base,1.6,
urb32,635,cultivar,2018-05-30,SD_base,1.35,
urb32,64,cultivar,2018-05-30,SD_base,1.4,
urb32,658,cultivar,2018-05-30,SD_base,1.25,
urb32,72,cultivar,2018-05-30,SD_base,1.2,
nat18,326,native,2018-05-30,SD_cotyledon,1.2,
nat18,480,native,2018-05-30,SD_cotyledon,0.65,
nat18,632,native,2018-05-30,SD_cotyledon,0.8,
nat19,100,native,2018-05-30,SD_cotyledon,0.8,
nat19,183,native,2018-05-30,SD_cotyledon,0.8,
nat19,185,native,2018-05-30,SD_cotyledon,0.9,
nat19,190,native,2018-05-30,SD_cotyledon,1.1,
nat19,202,native,2018-05-30,SD_cotyledon,0.9,
nat19,22,native,2018-05-30,SD_cotyledon,1.3,
nat19,223,native,2018-05-30,SD_cotyledon,1.4,
nat19,224,native,2018-05-30,SD_cotyledon,0.85,
nat19,241,native,2018-05-30,SD_cotyledon,0.95,
nat19,270,native,2018-05-30,SD_cotyledon,1.2,
nat19,275,native,2018-05-30,SD_cotyledon,1.05,
nat19,296,native,2018-05-30,SD_cotyledon,0.9,
nat19,33,native,2018-05-30,SD_cotyledon,0.9,
nat19,355,native,2018-05-30,SD_cotyledon,1.15,
nat19,364,native,2018-05-30,SD_cotyledon,1.2,
nat19,375,native,2018-05-30,SD_cotyledon,1.1,
nat19,397,native,2018-05-30,SD_cotyledon,0.85,
nat19,398,native,2018-05-30,SD_cotyledon,1.05,
nat19,40,native,2018-05-30,SD_cotyledon,0.9,
nat19,430,native,2018-05-30,SD_cotyledon,1,
nat19,46,native,2018-05-30,SD_cotyledon,1.2,
nat19,468,native,2018-05-30,SD_cotyledon,0.75,
nat19,482,native,2018-05-30,SD_cotyledon,0.85,
nat19,513,native,2018-05-30,SD_cotyledon,1.3,
nat19,538,native,2018-05-30,SD_cotyledon,0.75,
nat19,557,native,2018-05-30,SD_cotyledon,0.9,
nat19,571,native,2018-05-30,SD_cotyledon,0.9,
nat19,596,native,2018-05-30,SD_cotyledon,1.2,
nat19,606,native,2018-05-30,SD_cotyledon,1.05,
nat19,611,native,2018-05-30,SD_cotyledon,1,
nat19,616,native,2018-05-30,SD_cotyledon,1.05,
nat19,626,native,2018-05-30,SD_cotyledon,0.95,
nat19,627,native,2018-05-30,SD_cotyledon,1.1,
nat19,631,native,2018-05-30,SD_cotyledon,1,
nat19,642,native,2018-05-30,SD_cotyledon,1.8,
nat19,65,native,2018-05-30,SD_cotyledon,0.8,
nat19,657,native,2018-05-30,SD_cotyledon,1.35,
nat19,659,native,2018-05-30,SD_cotyledon,1.2,
nat19,74,native,2018-05-30,SD_cotyledon,1,
nat19,76,native,2018-05-30,SD_cotyledon,1.1,
nat19,94,native,2018-05-30,SD_cotyledon,1.25,
nat20,301,native,2018-05-30,SD_cotyledon,0.7,
nat20,440,native,2018-05-30,SD_cotyledon,0.8,
nat20,446,native,2018-05-30,SD_cotyledon,0.9,
nat20,473,native,2018-05-30,SD_cotyledon,0.85,
nat20,519,native,2018-05-30,SD_cotyledon,1.05,
nat20,605,native,2018-05-30,SD_cotyledon,1.2,
nat20,608,native,2018-05-30,SD_cotyledon,1,
nat20,615,native,2018-05-30,SD_cotyledon,1.05,
nat21,332,native,2018-05-30,SD_cotyledon,1.4,
nat21,333,native,2018-05-30,SD_cotyledon,0.9,
nat21,358,native,2018-05-30,SD_cotyledon,1.1,
nat21,422,native,2018-05-30,SD_cotyledon,1.15,
nat21,500,native,2018-05-30,SD_cotyledon,0.8,
nat21,527,native,2018-05-30,SD_cotyledon,1.2,
nat21,568,native,2018-05-30,SD_cotyledon,1.2,
nat21,573,native,2018-05-30,SD_cotyledon,1.2,
nat21,589,native,2018-05-30,SD_cotyledon,0.85,
nat21,68,native,2018-05-30,SD_cotyledon,0.95,
nat22,101,native,2018-05-30,SD_cotyledon,1.3,
nat22,119,native,2018-05-30,SD_cotyledon,1,
nat22,142,native,2018-05-30,SD_cotyledon,1.25,
nat22,176,native,2018-05-30,SD_cotyledon,0.9,
nat22,191,native,2018-05-30,SD_cotyledon,0.85,
nat22,199,native,2018-05-30,SD_cotyledon,1.2,
nat22,25,native,2018-05-30,SD_cotyledon,1.3,
nat22,254,native,2018-05-30,SD_cotyledon,1.15,
nat22,353,native,2018-05-30,SD_cotyledon,0.95,
nat22,505,native,2018-05-30,SD_cotyledon,1,
nat22,535,native,2018-05-30,SD_cotyledon,1.2,
nat22,6,native,2018-05-30,SD_cotyledon,1.1,
nat22,609,native,2018-05-30,SD_cotyledon,1.35,
nat22,638,native,2018-05-30,SD_cotyledon,1,
nat23,2,native,2018-05-30,SD_cotyledon,1,
nat23,216,native,2018-05-30,SD_cotyledon,0.85,
nat23,244,native,2018-05-30,SD_cotyledon,1,
nat23,259,native,2018-05-30,SD_cotyledon,1,
nat23,309,native,2018-05-30,SD_cotyledon,1.05,
nat23,334,native,2018-05-30,SD_cotyledon,0.85,
nat23,380,native,2018-05-30,SD_cotyledon,0.75,
nat23,501,native,2018-05-30,SD_cotyledon,1.3,
nat23,575,native,2018-05-30,SD_cotyledon,1,
nat24,147,native,2018-05-30,SD_cotyledon,0.75,
nat24,485,native,2018-05-30,SD_cotyledon,1,
nat24,489,native,2018-05-30,SD_cotyledon,0.9,
nat24,8,native,2018-05-30,SD_cotyledon,0.9,
nat24,90,native,2018-05-30,SD_cotyledon,0.9,
nat25,187,native,2018-05-30,SD_cotyledon,0.9,
nat25,299,native,2018-05-30,SD_cotyledon,1.2,
nat25,433,native,2018-05-30,SD_cotyledon,0.95,
nat25,520,native,2018-05-30,SD_cotyledon,0.95,
nat25,537,native,2018-05-30,SD_cotyledon,0.95,
nat25,582,native,2018-05-30,SD_cotyledon,1,
nat25,613,native,2018-05-30,SD_cotyledon,1,
nat26,151,native,2018-05-30,SD_cotyledon,1.2,
nat26,16,native,2018-05-30,SD_cotyledon,0.85,
nat26,182,native,2018-05-30,SD_cotyledon,1.25,
nat26,269,native,2018-05-30,SD_cotyledon,0.8,
nat26,310,native,2018-05-30,SD_cotyledon,1.15,
nat26,338,native,2018-05-30,SD_cotyledon,0.8,
nat26,345,native,2018-05-30,SD_cotyledon,1.1,
nat26,373,native,2018-05-30,SD_cotyledon,1.2,
nat26,376,native,2018-05-30,SD_cotyledon,1.25,
nat26,402,native,2018-05-30,SD_cotyledon,0.85,
nat26,414,native,2018-05-30,SD_cotyledon,0.95,
nat26,424,native,2018-05-30,SD_cotyledon,1.4,
nat26,47,native,2018-05-30,SD_cotyledon,0.85,
nat26,471,native,2018-05-30,SD_cotyledon,0.9,
nat26,524,native,2018-05-30,SD_cotyledon,0.95,
nat26,561,native,2018-05-30,SD_cotyledon,1.1,
nat26,625,native,2018-05-30,SD_cotyledon,1.4,
nat27,141,native,2018-05-30,SD_cotyledon,0.9,
nat27,152,native,2018-05-30,SD_cotyledon,0.7,
nat27,181,native,2018-05-30,SD_cotyledon,1.1,
nat27,186,native,2018-05-30,SD_cotyledon,0.9,
nat27,206,native,2018-05-30,SD_cotyledon,1.3,
nat27,23,native,2018-05-30,SD_cotyledon,0.9,
nat27,260,native,2018-05-30,SD_cotyledon,1.05,
nat27,263,native,2018-05-30,SD_cotyledon,0.8,
nat27,341,native,2018-05-30,SD_cotyledon,1.05,
nat27,347,native,2018-05-30,SD_cotyledon,1,
nat27,4,native,2018-05-30,SD_cotyledon,0.8,
nat27,406,native,2018-05-30,SD_cotyledon,0.8,
nat27,455,native,2018-05-30,SD_cotyledon,0.95,
nat27,517,native,2018-05-30,SD_cotyledon,0.9,
nat27,57,native,2018-05-30,SD_cotyledon,1,
nat27,655,native,2018-05-30,SD_cotyledon,1,
nat28,219,native,2018-05-30,SD_cotyledon,0.8,
nat28,304,native,2018-05-30,SD_cotyledon,0.9,
nat28,351,native,2018-05-30,SD_cotyledon,1.2,
nat28,448,native,2018-05-30,SD_cotyledon,0.9,
nat28,543,native,2018-05-30,SD_cotyledon,0.9,
nat28,598,native,2018-05-30,SD_cotyledon,0.9,
nat29,122,native,2018-05-30,SD_cotyledon,0.9,
nat29,137,native,2018-05-30,SD_cotyledon,0.9,
nat29,139,native,2018-05-30,SD_cotyledon,0.8,
nat29,153,native,2018-05-30,SD_cotyledon,0.9,
nat29,188,native,2018-05-30,SD_cotyledon,0.9,
nat29,194,native,2018-05-30,SD_cotyledon,0.9,
nat29,401,native,2018-05-30,SD_cotyledon,1.1,
nat29,423,native,2018-05-30,SD_cotyledon,1,
nat29,479,native,2018-05-30,SD_cotyledon,1.2,
nat29,5,native,2018-05-30,SD_cotyledon,1,
nat29,544,native,2018-05-30,SD_cotyledon,0.75,
nat29,565,native,2018-05-30,SD_cotyledon,0.95,
nat29,620,native,2018-05-30,SD_cotyledon,0.8,
nat29,99,native,2018-05-30,SD_cotyledon,0.8,
nat30,14,native,2018-05-30,SD_cotyledon,0.8,
nat30,236,native,2018-05-30,SD_cotyledon,0.8,
nat30,429,native,2018-05-30,SD_cotyledon,0.8,
nat30,451,native,2018-05-30,SD_cotyledon,0.9,
nat30,592,native,2018-05-30,SD_cotyledon,0.8,
nat30,594,native,2018-05-30,SD_cotyledon,0.85,
nat30,650,native,2018-05-30,SD_cotyledon,1.05,
nat30,653,native,2018-05-30,SD_cotyledon,0.95,
nat31,225,native,2018-05-30,SD_cotyledon,0.9,
nat31,279,native,2018-05-30,SD_cotyledon,0.9,
nat31,646,native,2018-05-30,SD_cotyledon,0.85,
nat32,138,native,2018-05-30,SD_cotyledon,0.9,
nat32,150,native,2018-05-30,SD_cotyledon,0.95,
nat32,172,native,2018-05-30,SD_cotyledon,0.9,
nat32,197,native,2018-05-30,SD_cotyledon,1,
nat32,214,native,2018-05-30,SD_cotyledon,1.15,
nat32,303,native,2018-05-30,SD_cotyledon,1.15,
nat32,360,native,2018-05-30,SD_cotyledon,1.1,
nat32,385,native,2018-05-30,SD_cotyledon,1.4,
nat32,463,native,2018-05-30,SD_cotyledon,1.05,
nat32,469,native,2018-05-30,SD_cotyledon,1.3,
nat33,297,native,2018-05-30,SD_cotyledon,0.9,
nat33,352,native,2018-05-30,SD_cotyledon,0.8,
nat33,365,native,2018-05-30,SD_cotyledon,1,
urb01,10,cultivar,2018-05-30,SD_cotyledon,1.1,
urb01,184,cultivar,2018-05-30,SD_cotyledon,1.2,
urb01,200,cultivar,2018-05-30,SD_cotyledon,1.2,
urb01,203,cultivar,2018-05-30,SD_cotyledon,0.9,
urb01,242,cultivar,2018-05-30,SD_cotyledon,1.5,
urb01,253,cultivar,2018-05-30,SD_cotyledon,1.45,
urb01,314,cultivar,2018-05-30,SD_cotyledon,1.25,
urb01,339,cultivar,2018-05-30,SD_cotyledon,0.95,
urb01,359,cultivar,2018-05-30,SD_cotyledon,0.9,
urb01,450,cultivar,2018-05-30,SD_cotyledon,1.25,
urb01,476,cultivar,2018-05-30,SD_cotyledon,1.15,
urb01,584,cultivar,2018-05-30,SD_cotyledon,1.5,
urb01,599,cultivar,2018-05-30,SD_cotyledon,1.2,
urb01,619,cultivar,2018-05-30,SD_cotyledon,1.05,
urb01,634,cultivar,2018-05-30,SD_cotyledon,1.5,
urb01,85,cultivar,2018-05-30,SD_cotyledon,1.5,
urb03,129,cultivar,2018-05-30,SD_cotyledon,1.3,
urb03,238,cultivar,2018-05-30,SD_cotyledon,1.15,
urb03,239,cultivar,2018-05-30,SD_cotyledon,1.2,
urb03,26,cultivar,2018-05-30,SD_cotyledon,1.1,
urb03,287,cultivar,2018-05-30,SD_cotyledon,1,
urb03,357,cultivar,2018-05-30,SD_cotyledon,1,
urb03,421,cultivar,2018-05-30,SD_cotyledon,1.2,
urb03,425,cultivar,2018-05-30,SD_cotyledon,1.35,
urb03,426,cultivar,2018-05-30,SD_cotyledon,1.05,
urb03,435,cultivar,2018-05-30,SD_cotyledon,0.85,
urb03,438,cultivar,2018-05-30,SD_cotyledon,0.8,
urb03,439,cultivar,2018-05-30,SD_cotyledon,1,
urb03,443,cultivar,2018-05-30,SD_cotyledon,0.9,
urb03,454,cultivar,2018-05-30,SD_cotyledon,1.05,
urb03,457,cultivar,2018-05-30,SD_cotyledon,1.4,
urb03,461,cultivar,2018-05-30,SD_cotyledon,1.05,
urb03,467,cultivar,2018-05-30,SD_cotyledon,0.85,
urb03,494,cultivar,2018-05-30,SD_cotyledon,0.8,
urb03,51,cultivar,2018-05-30,SD_cotyledon,0.9,
urb03,522,cultivar,2018-05-30,SD_cotyledon,1.05,
urb03,536,cultivar,2018-05-30,SD_cotyledon,1.4,
urb03,549,cultivar,2018-05-30,SD_cotyledon,1.3,
urb03,563,cultivar,2018-05-30,SD_cotyledon,1.2,
urb03,595,cultivar,2018-05-30,SD_cotyledon,0.9,
urb03,641,cultivar,2018-05-30,SD_cotyledon,1.2,
urb03,69,cultivar,2018-05-30,SD_cotyledon,0.9,
urb03,78,cultivar,2018-05-30,SD_cotyledon,1.3,
urb03,89,cultivar,2018-05-30,SD_cotyledon,0.8,
urb04,111,cultivar,2018-05-30,SD_cotyledon,1,
urb04,19,cultivar,2018-05-30,SD_cotyledon,1.2,
urb04,196,cultivar,2018-05-30,SD_cotyledon,1.2,
urb04,237,cultivar,2018-05-30,SD_cotyledon,1.5,
urb04,278,cultivar,2018-05-30,SD_cotyledon,0.8,
urb04,289,cultivar,2018-05-30,SD_cotyledon,1.1,
urb04,31,cultivar,2018-05-30,SD_cotyledon,1.35,
urb04,312,cultivar,2018-05-30,SD_cotyledon,1,
urb04,329,cultivar,2018-05-30,SD_cotyledon,1.1,
urb04,354,cultivar,2018-05-30,SD_cotyledon,1.05,
urb04,361,cultivar,2018-05-30,SD_cotyledon,1.1,
urb04,404,cultivar,2018-05-30,SD_cotyledon,0.9,
urb04,408,cultivar,2018-05-30,SD_cotyledon,1.2,
urb04,43,cultivar,2018-05-30,SD_cotyledon,1,
urb04,44,cultivar,2018-05-30,SD_cotyledon,1.4,
urb04,472,cultivar,2018-05-30,SD_cotyledon,1.4,
urb04,491,cultivar,2018-05-30,SD_cotyledon,1.15,
urb04,511,cultivar,2018-05-30,SD_cotyledon,0.8,
urb04,526,cultivar,2018-05-30,SD_cotyledon,1,
urb04,556,cultivar,2018-05-30,SD_cotyledon,1.1,
urb04,597,cultivar,2018-05-30,SD_cotyledon,1.15,
urb04,622,cultivar,2018-05-30,SD_cotyledon,1,
urb04,636,cultivar,2018-05-30,SD_cotyledon,1.1,
urb04,649,cultivar,2018-05-30,SD_cotyledon,1.6,
urb04,95,cultivar,2018-05-30,SD_cotyledon,1,
urb07,106,cultivar,2018-05-30,SD_cotyledon,1.3,
urb07,125,cultivar,2018-05-30,SD_cotyledon,0.95,
urb07,167,cultivar,2018-05-30,SD_cotyledon,1,
urb07,232,cultivar,2018-05-30,SD_cotyledon,0.85,
urb07,286,cultivar,2018-05-30,SD_cotyledon,0.9,
urb07,290,cultivar,2018-05-30,SD_cotyledon,1.55,
urb07,3,cultivar,2018-05-30,SD_cotyledon,1.1,
urb07,302,cultivar,2018-05-30,SD_cotyledon,1.45,
urb07,337,cultivar,2018-05-30,SD_cotyledon,1.4,
urb07,367,cultivar,2018-05-30,SD_cotyledon,1,
urb07,370,cultivar,2018-05-30,SD_cotyledon,0.85,
urb07,38,cultivar,2018-05-30,SD_cotyledon,1.3,
urb07,413,cultivar,2018-05-30,SD_cotyledon,0.9,
urb07,417,cultivar,2018-05-30,SD_cotyledon,0.95,
urb07,444,cultivar,2018-05-30,SD_cotyledon,0.85,
urb07,456,cultivar,2018-05-30,SD_cotyledon,1.25,
urb07,464,cultivar,2018-05-30,SD_cotyledon,0.8,
urb07,54,cultivar,2018-05-30,SD_cotyledon,1.15,
urb07,555,cultivar,2018-05-30,SD_cotyledon,0.75,
urb07,567,cultivar,2018-05-30,SD_cotyledon,0.8,
urb07,574,cultivar,2018-05-30,SD_cotyledon,1,
urb07,581,cultivar,2018-05-30,SD_cotyledon,1.4,
urb07,586,cultivar,2018-05-30,SD_cotyledon,0.8,
urb07,92,cultivar,2018-05-30,SD_cotyledon,0.9,
urb09,1,cultivar,2018-05-30,SD_cotyledon,1.05,
urb09,107,cultivar,2018-05-30,SD_cotyledon,1,
urb09,11,cultivar,2018-05-30,SD_cotyledon,1.2,
urb09,112,cultivar,2018-05-30,SD_cotyledon,1.45,
urb09,123,cultivar,2018-05-30,SD_cotyledon,1.2,
urb09,13,cultivar,2018-05-30,SD_cotyledon,1.9,
urb09,130,cultivar,2018-05-30,SD_cotyledon,1.4,
urb09,136,cultivar,2018-05-30,SD_cotyledon,1.1,
urb09,161,cultivar,2018-05-30,SD_cotyledon,0.95,
urb09,166,cultivar,2018-05-30,SD_cotyledon,1.55,
urb09,168,cultivar,2018-05-30,SD_cotyledon,1.2,
urb09,21,cultivar,2018-05-30,SD_cotyledon,1.5,
urb09,235,cultivar,2018-05-30,SD_cotyledon,1.15,
urb09,281,cultivar,2018-05-30,SD_cotyledon,1.4,
urb09,306,cultivar,2018-05-30,SD_cotyledon,1.2,
urb09,323,cultivar,2018-05-30,SD_cotyledon,1.05,
urb09,368,cultivar,2018-05-30,SD_cotyledon,1.6,
urb09,381,cultivar,2018-05-30,SD_cotyledon,1.55,
urb09,384,cultivar,2018-05-30,SD_cotyledon,1.55,
urb09,407,cultivar,2018-05-30,SD_cotyledon,1.7,
urb09,493,cultivar,2018-05-30,SD_cotyledon,1.2,
urb09,508,cultivar,2018-05-30,SD_cotyledon,1.1,
urb09,540,cultivar,2018-05-30,SD_cotyledon,1,
urb09,554,cultivar,2018-05-30,SD_cotyledon,1.3,
urb09,579,cultivar,2018-05-30,SD_cotyledon,1.3,
urb09,623,cultivar,2018-05-30,SD_cotyledon,1.95,
urb10,201,cultivar,2018-05-30,SD_cotyledon,1.1,
urb10,475,cultivar,2018-05-30,SD_cotyledon,1.1,
urb10,507,cultivar,2018-05-30,SD_cotyledon,0.9,
urb10,521,cultivar,2018-05-30,SD_cotyledon,0.9,
urb10,523,cultivar,2018-05-30,SD_cotyledon,1.4,
urb10,530,cultivar,2018-05-30,SD_cotyledon,1.3,
urb10,547,cultivar,2018-05-30,SD_cotyledon,1.25,
urb10,562,cultivar,2018-05-30,SD_cotyledon,1.1,
urb10,572,cultivar,2018-05-30,SD_cotyledon,1.2,
urb10,602,cultivar,2018-05-30,SD_cotyledon,1.3,
urb10,83,cultivar,2018-05-30,SD_cotyledon,0.8,
urb10,93,cultivar,2018-05-30,SD_cotyledon,0.8,
urb10,97,cultivar,2018-05-30,SD_cotyledon,1.3,
urb10,98,cultivar,2018-05-30,SD_cotyledon,1.4,
urb11,110,cultivar,2018-05-30,SD_cotyledon,1.8,
urb11,121,cultivar,2018-05-30,SD_cotyledon,1.8,
urb11,134,cultivar,2018-05-30,SD_cotyledon,1.55,
urb11,145,cultivar,2018-05-30,SD_cotyledon,1.5,
urb11,149,cultivar,2018-05-30,SD_cotyledon,1.45,
urb11,20,cultivar,2018-05-30,SD_cotyledon,1.5,
urb11,229,cultivar,2018-05-30,SD_cotyledon,1.35,
urb11,261,cultivar,2018-05-30,SD_cotyledon,1.5,
urb11,325,cultivar,2018-05-30,SD_cotyledon,1.7,
urb11,327,cultivar,2018-05-30,SD_cotyledon,1.4,
urb11,343,cultivar,2018-05-30,SD_cotyledon,1.65,
urb11,391,cultivar,2018-05-30,SD_cotyledon,1.6,
urb11,498,cultivar,2018-05-30,SD_cotyledon,1.65,
urb11,510,cultivar,2018-05-30,SD_cotyledon,1.35,
urb11,553,cultivar,2018-05-30,SD_cotyledon,1.3,
urb11,583,cultivar,2018-05-30,SD_cotyledon,1.7,
urb11,591,cultivar,2018-05-30,SD_cotyledon,1.5,
urb11,610,cultivar,2018-05-30,SD_cotyledon,1.35,
urb11,629,cultivar,2018-05-30,SD_cotyledon,1.35,
urb12,140,cultivar,2018-05-30,SD_cotyledon,0.9,
urb12,148,cultivar,2018-05-30,SD_cotyledon,1.15,
urb12,164,cultivar,2018-05-30,SD_cotyledon,1.05,
urb12,193,cultivar,2018-05-30,SD_cotyledon,1.05,
urb12,210,cultivar,2018-05-30,SD_cotyledon,1.6,
urb12,227,cultivar,2018-05-30,SD_cotyledon,0.9,
urb12,246,cultivar,2018-05-30,SD_cotyledon,1,
urb12,256,cultivar,2018-05-30,SD_cotyledon,1.05,
urb12,262,cultivar,2018-05-30,SD_cotyledon,1.05,
urb12,266,cultivar,2018-05-30,SD_cotyledon,1.15,
urb12,28,cultivar,2018-05-30,SD_cotyledon,0.9,
urb12,294,cultivar,2018-05-30,SD_cotyledon,1.8,
urb12,317,cultivar,2018-05-30,SD_cotyledon,1.15,
urb12,319,cultivar,2018-05-30,SD_cotyledon,1.25,
urb12,32,cultivar,2018-05-30,SD_cotyledon,1.65,
urb12,324,cultivar,2018-05-30,SD_cotyledon,1.3,
urb12,36,cultivar,2018-05-30,SD_cotyledon,1.1,
urb12,437,cultivar,2018-05-30,SD_cotyledon,1.2,
urb12,462,cultivar,2018-05-30,SD_cotyledon,0.95,
urb12,465,cultivar,2018-05-30,SD_cotyledon,1.55,
urb12,496,cultivar,2018-05-30,SD_cotyledon,0.95,
urb12,593,cultivar,2018-05-30,SD_cotyledon,1.5,
urb12,639,cultivar,2018-05-30,SD_cotyledon,1.2,
urb12,640,cultivar,2018-05-30,SD_cotyledon,1.1,
urb12,66,cultivar,2018-05-30,SD_cotyledon,0.9,
urb13,12,cultivar,2018-05-30,SD_cotyledon,1.5,
urb13,120,cultivar,2018-05-30,SD_cotyledon,1.1,
urb13,156,cultivar,2018-05-30,SD_cotyledon,1.4,
urb13,245,cultivar,2018-05-30,SD_cotyledon,1.05,
urb13,258,cultivar,2018-05-30,SD_cotyledon,0.9,
urb13,277,cultivar,2018-05-30,SD_cotyledon,1.45,
urb13,292,cultivar,2018-05-30,SD_cotyledon,1.25,
urb13,315,cultivar,2018-05-30,SD_cotyledon,1.7,
urb13,411,cultivar,2018-05-30,SD_cotyledon,1.3,
urb13,477,cultivar,2018-05-30,SD_cotyledon,1,
urb13,531,cultivar,2018-05-30,SD_cotyledon,0.95,
urb13,637,cultivar,2018-05-30,SD_cotyledon,0.9,
urb13,654,cultivar,2018-05-30,SD_cotyledon,1.25,
urb13,7,cultivar,2018-05-30,SD_cotyledon,0.9,
urb13,82,cultivar,2018-05-30,SD_cotyledon,1.4,
urb14,117,cultivar,2018-05-30,SD_cotyledon,0.65,
urb14,126,cultivar,2018-05-30,SD_cotyledon,1.4,
urb14,157,cultivar,2018-05-30,SD_cotyledon,1.1,
urb14,162,cultivar,2018-05-30,SD_cotyledon,0.9,
urb14,163,cultivar,2018-05-30,SD_cotyledon,0.95,
urb14,18,cultivar,2018-05-30,SD_cotyledon,1.1,
urb14,217,cultivar,2018-05-30,SD_cotyledon,0.95,
urb14,265,cultivar,2018-05-30,SD_cotyledon,1.4,
urb14,293,cultivar,2018-05-30,SD_cotyledon,1.35,
urb14,35,cultivar,2018-05-30,SD_cotyledon,1.1,
urb14,395,cultivar,2018-05-30,SD_cotyledon,1.2,
urb14,428,cultivar,2018-05-30,SD_cotyledon,1.1,
urb14,441,cultivar,2018-05-30,SD_cotyledon,1.4,
urb14,453,cultivar,2018-05-30,SD_cotyledon,0.9,
urb14,488,cultivar,2018-05-30,SD_cotyledon,1.5,
urb14,497,cultivar,2018-05-30,SD_cotyledon,1.05,
urb14,499,cultivar,2018-05-30,SD_cotyledon,0.9,
urb14,529,cultivar,2018-05-30,SD_cotyledon,1.1,
urb14,587,cultivar,2018-05-30,SD_cotyledon,0.9,
urb14,600,cultivar,2018-05-30,SD_cotyledon,0.95,
urb14,603,cultivar,2018-05-30,SD_cotyledon,1.1,
urb14,652,cultivar,2018-05-30,SD_cotyledon,1.55,
urb14,9,cultivar,2018-05-30,SD_cotyledon,1.1,
urb17,207,cultivar,2018-05-30,SD_cotyledon,1.6,
urb17,213,cultivar,2018-05-30,SD_cotyledon,1.4,
urb17,250,cultivar,2018-05-30,SD_cotyledon,1.4,
urb17,276,cultivar,2018-05-30,SD_cotyledon,1.4,
urb17,280,cultivar,2018-05-30,SD_cotyledon,1.05,
urb17,300,cultivar,2018-05-30,SD_cotyledon,1.75,
urb17,311,cultivar,2018-05-30,SD_cotyledon,1.5,
urb17,410,cultivar,2018-05-30,SD_cotyledon,1,
urb17,546,cultivar,2018-05-30,SD_cotyledon,1.4,
urb17,570,cultivar,2018-05-30,SD_cotyledon,0.95,
urb17,617,cultivar,2018-05-30,SD_cotyledon,1.05,
urb17,621,cultivar,2018-05-30,SD_cotyledon,1.15,
urb17,643,cultivar,2018-05-30,SD_cotyledon,1.1,
urb17,70,cultivar,2018-05-30,SD_cotyledon,1.5,
urb17,80,cultivar,2018-05-30,SD_cotyledon,1.05,
urb17,87,cultivar,2018-05-30,SD_cotyledon,1,
urb18,155,cultivar,2018-05-30,SD_cotyledon,1,
urb18,175,cultivar,2018-05-30,SD_cotyledon,0.8,
urb18,221,cultivar,2018-05-30,SD_cotyledon,0.95,
urb18,222,cultivar,2018-05-30,SD_cotyledon,0.95,
urb18,252,cultivar,2018-05-30,SD_cotyledon,0.9,
urb18,330,cultivar,2018-05-30,SD_cotyledon,1.45,
urb18,416,cultivar,2018-05-30,SD_cotyledon,1.3,
urb18,459,cultivar,2018-05-30,SD_cotyledon,0.85,
urb18,470,cultivar,2018-05-30,SD_cotyledon,1.5,
urb18,483,cultivar,2018-05-30,SD_cotyledon,1.05,
urb18,484,cultivar,2018-05-30,SD_cotyledon,0.85,
urb18,509,cultivar,2018-05-30,SD_cotyledon,1.05,
urb18,52,cultivar,2018-05-30,SD_cotyledon,1.1,
urb18,651,cultivar,2018-05-30,SD_cotyledon,0.95,
urb23,132,cultivar,2018-05-30,SD_cotyledon,0.85,
urb23,143,cultivar,2018-05-30,SD_cotyledon,0.95,
urb23,178,cultivar,2018-05-30,SD_cotyledon,0.95,
urb23,228,cultivar,2018-05-30,SD_cotyledon,1.05,
urb23,24,cultivar,2018-05-30,SD_cotyledon,1.1,
urb23,29,cultivar,2018-05-30,SD_cotyledon,1.2,
urb23,313,cultivar,2018-05-30,SD_cotyledon,0.9,
urb23,316,cultivar,2018-05-30,SD_cotyledon,1.3,
urb23,418,cultivar,2018-05-30,SD_cotyledon,1.4,
urb23,528,cultivar,2018-05-30,SD_cotyledon,0.9,
urb23,542,cultivar,2018-05-30,SD_cotyledon,0.9,
urb23,58,cultivar,2018-05-30,SD_cotyledon,1,
urb23,601,cultivar,2018-05-30,SD_cotyledon,1.65,
urb23,604,cultivar,2018-05-30,SD_cotyledon,1.65,
urb23,607,cultivar,2018-05-30,SD_cotyledon,1.15,
urb23,645,cultivar,2018-05-30,SD_cotyledon,1.2,
urb23,81,cultivar,2018-05-30,SD_cotyledon,1.2,
urb24,133,cultivar,2018-05-30,SD_cotyledon,1.35,
urb24,160,cultivar,2018-05-30,SD_cotyledon,0.9,
urb24,169,cultivar,2018-05-30,SD_cotyledon,0.9,
urb24,209,cultivar,2018-05-30,SD_cotyledon,0.85,
urb24,234,cultivar,2018-05-30,SD_cotyledon,1.2,
urb24,248,cultivar,2018-05-30,SD_cotyledon,1.3,
urb24,284,cultivar,2018-05-30,SD_cotyledon,0.95,
urb24,377,cultivar,2018-05-30,SD_cotyledon,1.2,
urb24,431,cultivar,2018-05-30,SD_cotyledon,1.05,
urb24,449,cultivar,2018-05-30,SD_cotyledon,1.05,
urb24,490,cultivar,2018-05-30,SD_cotyledon,0.9,
urb24,516,cultivar,2018-05-30,SD_cotyledon,1.3,
urb24,585,cultivar,2018-05-30,SD_cotyledon,1.1,
urb24,60,cultivar,2018-05-30,SD_cotyledon,1.4,
urb24,628,cultivar,2018-05-30,SD_cotyledon,1.3,
urb24,96,cultivar,2018-05-30,SD_cotyledon,1.15,
urb25,173,cultivar,2018-05-30,SD_cotyledon,1.05,
urb25,192,cultivar,2018-05-30,SD_cotyledon,0.9,
urb25,198,cultivar,2018-05-30,SD_cotyledon,0.95,
urb25,204,cultivar,2018-05-30,SD_cotyledon,0.8,
urb25,257,cultivar,2018-05-30,SD_cotyledon,0.9,
urb25,274,cultivar,2018-05-30,SD_cotyledon,0.9,
urb25,335,cultivar,2018-05-30,SD_cotyledon,1.1,
urb25,344,cultivar,2018-05-30,SD_cotyledon,1,
urb25,348,cultivar,2018-05-30,SD_cotyledon,1,
urb25,371,cultivar,2018-05-30,SD_cotyledon,1.05,
urb25,374,cultivar,2018-05-30,SD_cotyledon,1.05,
urb25,403,cultivar,2018-05-30,SD_cotyledon,1.05,
urb25,412,cultivar,2018-05-30,SD_cotyledon,0.8,
urb25,415,cultivar,2018-05-30,SD_cotyledon,1.15,
urb25,442,cultivar,2018-05-30,SD_cotyledon,1.2,
urb25,452,cultivar,2018-05-30,SD_cotyledon,1.4,
urb25,458,cultivar,2018-05-30,SD_cotyledon,1.2,
urb25,478,cultivar,2018-05-30,SD_cotyledon,1.2,
urb25,486,cultivar,2018-05-30,SD_cotyledon,0.95,
urb25,518,cultivar,2018-05-30,SD_cotyledon,1.05,
urb25,590,cultivar,2018-05-30,SD_cotyledon,1.25,
urb25,88,cultivar,2018-05-30,SD_cotyledon,1.1,
urb26,104,cultivar,2018-05-30,SD_cotyledon,0.85,
urb26,109,cultivar,2018-05-30,SD_cotyledon,0.75,
urb26,180,cultivar,2018-05-30,SD_cotyledon,1.1,
urb26,268,cultivar,2018-05-30,SD_cotyledon,1.05,
urb26,273,cultivar,2018-05-30,SD_cotyledon,0.9,
urb26,320,cultivar,2018-05-30,SD_cotyledon,1.25,
urb26,356,cultivar,2018-05-30,SD_cotyledon,1.3,
urb26,386,cultivar,2018-05-30,SD_cotyledon,1.2,
urb26,392,cultivar,2018-05-30,SD_cotyledon,0.85,
urb26,427,cultivar,2018-05-30,SD_cotyledon,1.4,
urb26,502,cultivar,2018-05-30,SD_cotyledon,1.1,
urb26,525,cultivar,2018-05-30,SD_cotyledon,0.9,
urb26,551,cultivar,2018-05-30,SD_cotyledon,0.9,
urb26,578,cultivar,2018-05-30,SD_cotyledon,0.85,
urb26,624,cultivar,2018-05-30,SD_cotyledon,1,
urb26,633,cultivar,2018-05-30,SD_cotyledon,0.8,
urb26,661,cultivar,2018-05-30,SD_cotyledon,1.05,
urb28,103,cultivar,2018-05-30,SD_cotyledon,1.25,
urb28,118,cultivar,2018-05-30,SD_cotyledon,1.5,
urb28,171,cultivar,2018-05-30,SD_cotyledon,1.15,
urb28,205,cultivar,2018-05-30,SD_cotyledon,1.25,
urb28,240,cultivar,2018-05-30,SD_cotyledon,0.85,
urb28,27,cultivar,2018-05-30,SD_cotyledon,1.3,
urb28,295,cultivar,2018-05-30,SD_cotyledon,1.3,
urb28,318,cultivar,2018-05-30,SD_cotyledon,1.05,
urb28,342,cultivar,2018-05-30,SD_cotyledon,1,
urb28,369,cultivar,2018-05-30,SD_cotyledon,1.35,
urb28,387,cultivar,2018-05-30,SD_cotyledon,1.5,
urb28,39,cultivar,2018-05-30,SD_cotyledon,1.15,
urb28,474,cultivar,2018-05-30,SD_cotyledon,1.45,
urb28,49,cultivar,2018-05-30,SD_cotyledon,1.4,
urb28,50,cultivar,2018-05-30,SD_cotyledon,1.4,
urb28,506,cultivar,2018-05-30,SD_cotyledon,1.25,
urb28,512,cultivar,2018-05-30,SD_cotyledon,1.4,
urb28,541,cultivar,2018-05-30,SD_cotyledon,0.9,
urb28,62,cultivar,2018-05-30,SD_cotyledon,1.5,
urb28,660,cultivar,2018-05-30,SD_cotyledon,1.3,
urb28,75,cultivar,2018-05-30,SD_cotyledon,1,
urb28,77,cultivar,2018-05-30,SD_cotyledon,1.1,
urb29,113,cultivar,2018-05-30,SD_cotyledon,1.3,
urb29,124,cultivar,2018-05-30,SD_cotyledon,1.2,
urb29,127,cultivar,2018-05-30,SD_cotyledon,0.8,
urb29,158,cultivar,2018-05-30,SD_cotyledon,0.9,
urb29,165,cultivar,2018-05-30,SD_cotyledon,1.1,
urb29,170,cultivar,2018-05-30,SD_cotyledon,0.9,
urb29,282,cultivar,2018-05-30,SD_cotyledon,0.75,
urb29,363,cultivar,2018-05-30,SD_cotyledon,1.3,
urb29,394,cultivar,2018-05-30,SD_cotyledon,1.1,
urb29,400,cultivar,2018-05-30,SD_cotyledon,1.15,
urb29,504,cultivar,2018-05-30,SD_cotyledon,1,
urb29,552,cultivar,2018-05-30,SD_cotyledon,1,
urb29,56,cultivar,2018-05-30,SD_cotyledon,0.9,
urb31,108,cultivar,2018-05-30,SD_cotyledon,0.8,
urb31,220,cultivar,2018-05-30,SD_cotyledon,1.1,
urb31,231,cultivar,2018-05-30,SD_cotyledon,1.1,
urb31,233,cultivar,2018-05-30,SD_cotyledon,1.25,
urb31,247,cultivar,2018-05-30,SD_cotyledon,1.4,
urb31,308,cultivar,2018-05-30,SD_cotyledon,1.2,
urb31,346,cultivar,2018-05-30,SD_cotyledon,1,
urb31,372,cultivar,2018-05-30,SD_cotyledon,1.15,
urb31,434,cultivar,2018-05-30,SD_cotyledon,1,
urb31,460,cultivar,2018-05-30,SD_cotyledon,1.4,
urb31,48,cultivar,2018-05-30,SD_cotyledon,0.8,
urb31,481,cultivar,2018-05-30,SD_cotyledon,1.05,
urb31,495,cultivar,2018-05-30,SD_cotyledon,1.45,
urb31,514,cultivar,2018-05-30,SD_cotyledon,1,
urb31,539,cultivar,2018-05-30,SD_cotyledon,1,
urb31,55,cultivar,2018-05-30,SD_cotyledon,1.1,
urb31,576,cultivar,2018-05-30,SD_cotyledon,1.1,
urb31,588,cultivar,2018-05-30,SD_cotyledon,1.35,
urb31,59,cultivar,2018-05-30,SD_cotyledon,1.05,
urb31,612,cultivar,2018-05-30,SD_cotyledon,1.45,
urb31,63,cultivar,2018-05-30,SD_cotyledon,1.55,
urb31,644,cultivar,2018-05-30,SD_cotyledon,0.8,
urb31,91,cultivar,2018-05-30,SD_cotyledon,1.3,
urb32,189,cultivar,2018-05-30,SD_cotyledon,1.2,
urb32,208,cultivar,2018-05-30,SD_cotyledon,0.9,
urb32,264,cultivar,2018-05-30,SD_cotyledon,1.45,
urb32,336,cultivar,2018-05-30,SD_cotyledon,0.9,
urb32,350,cultivar,2018-05-30,SD_cotyledon,1.3,
urb32,366,cultivar,2018-05-30,SD_cotyledon,0.95,
urb32,378,cultivar,2018-05-30,SD_cotyledon,1.3,
urb32,379,cultivar,2018-05-30,SD_cotyledon,1.3,
urb32,382,cultivar,2018-05-30,SD_cotyledon,1.35,
urb32,390,cultivar,2018-05-30,SD_cotyledon,1.7,
urb32,42,cultivar,2018-05-30,SD_cotyledon,1.4,
urb32,420,cultivar,2018-05-30,SD_cotyledon,1,
urb32,45,cultivar,2018-05-30,SD_cotyledon,1.3,
urb32,53,cultivar,2018-05-30,SD_cotyledon,1.25,
urb32,550,cultivar,2018-05-30,SD_cotyledon,1.1,
urb32,618,cultivar,2018-05-30,SD_cotyledon,1.35,
urb32,635,cultivar,2018-05-30,SD_cotyledon,1.1,
urb32,64,cultivar,2018-05-30,SD_cotyledon,1.1,
urb32,658,cultivar,2018-05-30,SD_cotyledon,1.15,
urb32,72,cultivar,2018-05-30,SD_cotyledon,1.3,
nat18,326,native,2018-05-27,NL,4,
nat18,480,native,2018-05-27,NL,2,
nat18,632,native,2018-05-27,NL,4,
nat19,100,native,2018-05-27,NL,4,
nat19,183,native,2018-05-27,NL,4,
nat19,185,native,2018-05-27,NL,4,
nat19,190,native,2018-05-27,NL,4,
nat19,202,native,2018-05-27,NL,4,
nat19,22,native,2018-05-27,NL,4,
nat19,223,native,2018-05-27,NL,6,
nat19,224,native,2018-05-27,NL,4,
nat19,241,native,2018-05-27,NL,2,
nat19,270,native,2018-05-27,NL,4,
nat19,275,native,2018-05-27,NL,4,
nat19,296,native,2018-05-27,NL,6,
nat19,33,native,2018-05-27,NL,4,
nat19,355,native,2018-05-27,NL,4,
nat19,364,native,2018-05-27,NL,4,
nat19,375,native,2018-05-27,NL,4,
nat19,397,native,2018-05-27,NL,2,
nat19,398,native,2018-05-27,NL,4,
nat19,40,native,2018-05-27,NL,4,
nat19,430,native,2018-05-27,NL,4,
nat19,46,native,2018-05-27,NL,4,
nat19,468,native,2018-05-27,NL,4,
nat19,482,native,2018-05-27,NL,4,
nat19,513,native,2018-05-27,NL,4,
nat19,538,native,2018-05-27,NL,2,
nat19,557,native,2018-05-27,NL,4,
nat19,571,native,2018-05-27,NL,4,
nat19,596,native,2018-05-27,NL,3,
nat19,606,native,2018-05-27,NL,4,
nat19,611,native,2018-05-27,NL,4,
nat19,616,native,2018-05-27,NL,4,
nat19,626,native,2018-05-27,NL,4,
nat19,627,native,2018-05-27,NL,2,
nat19,631,native,2018-05-27,NL,4,
nat19,642,native,2018-05-27,NL,4,
nat19,65,native,2018-05-27,NL,2,
nat19,657,native,2018-05-27,NL,4,
nat19,659,native,2018-05-27,NL,4,
nat19,74,native,2018-05-27,NL,4,
nat19,76,native,2018-05-27,NL,4,
nat19,94,native,2018-05-27,NL,4,
nat20,301,native,2018-05-27,NL,2,
nat20,440,native,2018-05-27,NL,2,
nat20,446,native,2018-05-27,NL,4,
nat20,473,native,2018-05-27,NL,4,
nat20,519,native,2018-05-27,NL,4,
nat20,605,native,2018-05-27,NL,4,
nat20,608,native,2018-05-27,NL,0,
nat20,615,native,2018-05-27,NL,4,
nat21,332,native,2018-05-27,NL,6,
nat21,333,native,2018-05-27,NL,6,
nat21,358,native,2018-05-27,NL,4,
nat21,422,native,2018-05-27,NL,4,
nat21,500,native,2018-05-27,NL,4,
nat21,527,native,2018-05-27,NL,4,
nat21,568,native,2018-05-27,NL,4,
nat21,573,native,2018-05-27,NL,6,
nat21,589,native,2018-05-27,NL,2,
nat21,68,native,2018-05-27,NL,6,
nat22,101,native,2018-05-27,NL,6,
nat22,119,native,2018-05-27,NL,4,
nat22,142,native,2018-05-27,NL,4,
nat22,176,native,2018-05-27,NL,4,
nat22,191,native,2018-05-27,NL,4,
nat22,199,native,2018-05-27,NL,4,
nat22,25,native,2018-05-27,NL,4,
nat22,254,native,2018-05-27,NL,4,
nat22,353,native,2018-05-27,NL,6,
nat22,505,native,2018-05-27,NL,6,
nat22,535,native,2018-05-27,NL,6,
nat22,6,native,2018-05-27,NL,4,
nat22,609,native,2018-05-27,NL,6,
nat22,638,native,2018-05-27,NL,6,
nat23,2,native,2018-05-27,NL,4,
nat23,216,native,2018-05-27,NL,4,
nat23,244,native,2018-05-27,NL,4,
nat23,259,native,2018-05-27,NL,4,
nat23,309,native,2018-05-27,NL,4,
nat23,334,native,2018-05-27,NL,2,
nat23,380,native,2018-05-27,NL,4,
nat23,501,native,2018-05-27,NL,4,
nat23,575,native,2018-05-27,NL,6,
nat24,147,native,2018-05-27,NL,4,
nat24,485,native,2018-05-27,NL,4,
nat24,489,native,2018-05-27,NL,4,
nat24,8,native,2018-05-27,NL,2,
nat24,90,native,2018-05-27,NL,4,
nat25,187,native,2018-05-27,NL,4,
nat25,299,native,2018-05-27,NL,6,
nat25,433,native,2018-05-27,NL,4,
nat25,520,native,2018-05-27,NL,6,
nat25,537,native,2018-05-27,NL,6,
nat25,613,native,2018-05-27,NL,4,
nat26,151,native,2018-05-27,NL,4,
nat26,16,native,2018-05-27,NL,2,
nat26,182,native,2018-05-27,NL,4,
nat26,269,native,2018-05-27,NL,4,
nat26,310,native,2018-05-27,NL,6,
nat26,338,native,2018-05-27,NL,4,
nat26,345,native,2018-05-27,NL,4,
nat26,373,native,2018-05-27,NL,6,
nat26,376,native,2018-05-27,NL,6,
nat26,402,native,2018-05-27,NL,2,
nat26,414,native,2018-05-27,NL,4,
nat26,424,native,2018-05-27,NL,6,
nat26,47,native,2018-05-27,NL,4,
nat26,471,native,2018-05-27,NL,6,
nat26,524,native,2018-05-27,NL,6,
nat26,561,native,2018-05-27,NL,4,
nat26,625,native,2018-05-27,NL,6,
nat27,141,native,2018-05-27,NL,4,
nat27,152,native,2018-05-27,NL,4,
nat27,181,native,2018-05-27,NL,4,
nat27,186,native,2018-05-27,NL,2,
nat27,206,native,2018-05-27,NL,4,
nat27,23,native,2018-05-27,NL,4,
nat27,260,native,2018-05-27,NL,4,
nat27,263,native,2018-05-27,NL,4,
nat27,341,native,2018-05-27,NL,4,
nat27,347,native,2018-05-27,NL,4,
nat27,4,native,2018-05-27,NL,4,
nat27,406,native,2018-05-27,NL,4,
nat27,455,native,2018-05-27,NL,4,
nat27,517,native,2018-05-27,NL,4,
nat27,57,native,2018-05-27,NL,4,
nat27,655,native,2018-05-27,NL,4,
nat28,219,native,2018-05-27,NL,4,
nat28,304,native,2018-05-27,NL,4,
nat28,351,native,2018-05-27,NL,4,
nat28,448,native,2018-05-27,NL,4,
nat28,543,native,2018-05-27,NL,4,
nat28,598,native,2018-05-27,NL,2,
nat29,122,native,2018-05-27,NL,4,
nat29,137,native,2018-05-27,NL,4,
nat29,139,native,2018-05-27,NL,4,
nat29,153,native,2018-05-27,NL,4,
nat29,188,native,2018-05-27,NL,4,
nat29,194,native,2018-05-27,NL,4,
nat29,401,native,2018-05-27,NL,4,
nat29,423,native,2018-05-27,NL,4,
nat29,479,native,2018-05-27,NL,4,
nat29,5,native,2018-05-27,NL,4,
nat29,544,native,2018-05-27,NL,4,
nat29,565,native,2018-05-27,NL,4,
nat29,620,native,2018-05-27,NL,4,
nat29,99,native,2018-05-27,NL,4,
nat30,14,native,2018-05-27,NL,2,
nat30,236,native,2018-05-27,NL,2,
nat30,429,native,2018-05-27,NL,2,
nat30,451,native,2018-05-27,NL,2,
nat30,592,native,2018-05-27,NL,4,
nat30,594,native,2018-05-27,NL,2,
nat30,650,native,2018-05-27,NL,4,
nat30,653,native,2018-05-27,NL,4,
nat31,225,native,2018-05-27,NL,4,
nat31,279,native,2018-05-27,NL,4,
nat31,646,native,2018-05-27,NL,2,
nat32,138,native,2018-05-27,NL,4,
nat32,150,native,2018-05-27,NL,4,
nat32,172,native,2018-05-27,NL,4,
nat32,197,native,2018-05-27,NL,4,
nat32,214,native,2018-05-27,NL,6,
nat32,303,native,2018-05-27,NL,4,
nat32,360,native,2018-05-27,NL,6,
nat32,385,native,2018-05-27,NL,4,
nat32,463,native,2018-05-27,NL,4,
nat32,469,native,2018-05-27,NL,6,
nat33,297,native,2018-05-27,NL,4,
nat33,352,native,2018-05-27,NL,4,
nat33,365,native,2018-05-27,NL,4,
urb01,10,cultivar,2018-05-27,NL,2,
urb01,184,cultivar,2018-05-27,NL,6,
urb01,200,cultivar,2018-05-27,NL,4,
urb01,203,cultivar,2018-05-27,NL,4,
urb01,242,cultivar,2018-05-27,NL,6,
urb01,253,cultivar,2018-05-27,NL,6,
urb01,314,cultivar,2018-05-27,NL,6,
urb01,339,cultivar,2018-05-27,NL,4,
urb01,359,cultivar,2018-05-27,NL,2,
urb01,450,cultivar,2018-05-27,NL,6,
urb01,476,cultivar,2018-05-27,NL,4,
urb01,584,cultivar,2018-05-27,NL,2,
urb01,599,cultivar,2018-05-27,NL,6,
urb01,619,cultivar,2018-05-27,NL,4,
urb01,634,cultivar,2018-05-27,NL,6,
urb01,85,cultivar,2018-05-27,NL,4,
urb03,129,cultivar,2018-05-27,NL,4,
urb03,238,cultivar,2018-05-27,NL,4,
urb03,239,cultivar,2018-05-27,NL,6,
urb03,26,cultivar,2018-05-27,NL,4,
urb03,287,cultivar,2018-05-27,NL,4,
urb03,357,cultivar,2018-05-27,NL,4,
urb03,421,cultivar,2018-05-27,NL,4,
urb03,425,cultivar,2018-05-27,NL,4,
urb03,426,cultivar,2018-05-27,NL,4,
urb03,435,cultivar,2018-05-27,NL,4,
urb03,438,cultivar,2018-05-27,NL,4,
urb03,439,cultivar,2018-05-27,NL,4,
urb03,443,cultivar,2018-05-27,NL,4,
urb03,454,cultivar,2018-05-27,NL,6,
urb03,457,cultivar,2018-05-27,NL,6,
urb03,461,cultivar,2018-05-27,NL,6,
urb03,467,cultivar,2018-05-27,NL,2,
urb03,494,cultivar,2018-05-27,NL,4,
urb03,51,cultivar,2018-05-27,NL,6,
urb03,522,cultivar,2018-05-27,NL,4,
urb03,536,cultivar,2018-05-27,NL,4,
urb03,549,cultivar,2018-05-27,NL,6,
urb03,563,cultivar,2018-05-27,NL,4,
urb03,595,cultivar,2018-05-27,NL,4,
urb03,641,cultivar,2018-05-27,NL,6,
urb03,69,cultivar,2018-05-27,NL,6,
urb03,78,cultivar,2018-05-27,NL,4,
urb03,89,cultivar,2018-05-27,NL,4,
urb04,111,cultivar,2018-05-27,NL,4,
urb04,19,cultivar,2018-05-27,NL,6,
urb04,196,cultivar,2018-05-27,NL,6,
urb04,237,cultivar,2018-05-27,NL,6,
urb04,278,cultivar,2018-05-27,NL,2,
urb04,289,cultivar,2018-05-27,NL,4,
urb04,31,cultivar,2018-05-27,NL,4,
urb04,312,cultivar,2018-05-27,NL,2,
urb04,329,cultivar,2018-05-27,NL,6,
urb04,354,cultivar,2018-05-27,NL,4,
urb04,361,cultivar,2018-05-27,NL,4,
urb04,404,cultivar,2018-05-27,NL,4,
urb04,408,cultivar,2018-05-27,NL,4,
urb04,43,cultivar,2018-05-27,NL,2,
urb04,44,cultivar,2018-05-27,NL,6,
urb04,472,cultivar,2018-05-27,NL,6,
urb04,491,cultivar,2018-05-27,NL,6,
urb04,511,cultivar,2018-05-27,NL,2,
urb04,526,cultivar,2018-05-27,NL,6,
urb04,556,cultivar,2018-05-27,NL,4,
urb04,597,cultivar,2018-05-27,NL,2,
urb04,622,cultivar,2018-05-27,NL,4,
urb04,636,cultivar,2018-05-27,NL,4,
urb04,649,cultivar,2018-05-27,NL,6,
urb04,95,cultivar,2018-05-27,NL,4,
urb07,106,cultivar,2018-05-27,NL,6,
urb07,125,cultivar,2018-05-27,NL,4,
urb07,167,cultivar,2018-05-27,NL,6,
urb07,232,cultivar,2018-05-27,NL,2,
urb07,286,cultivar,2018-05-27,NL,4,
urb07,290,cultivar,2018-05-27,NL,4,
urb07,3,cultivar,2018-05-27,NL,4,
urb07,302,cultivar,2018-05-27,NL,6,
urb07,337,cultivar,2018-05-27,NL,6,
urb07,367,cultivar,2018-05-27,NL,6,
urb07,370,cultivar,2018-05-27,NL,2,
urb07,38,cultivar,2018-05-27,NL,6,
urb07,413,cultivar,2018-05-27,NL,4,
urb07,417,cultivar,2018-05-27,NL,4,
urb07,444,cultivar,2018-05-27,NL,4,
urb07,456,cultivar,2018-05-27,NL,6,
urb07,464,cultivar,2018-05-27,NL,2,
urb07,54,cultivar,2018-05-27,NL,4,
urb07,555,cultivar,2018-05-27,NL,2,
urb07,567,cultivar,2018-05-27,NL,4,
urb07,574,cultivar,2018-05-27,NL,4,
urb07,581,cultivar,2018-05-27,NL,4,
urb07,586,cultivar,2018-05-27,NL,2,
urb07,92,cultivar,2018-05-27,NL,4,
urb09,1,cultivar,2018-05-27,NL,6,
urb09,107,cultivar,2018-05-27,NL,6,
urb09,11,cultivar,2018-05-27,NL,4,
urb09,112,cultivar,2018-05-27,NL,6,
urb09,123,cultivar,2018-05-27,NL,6,
urb09,13,cultivar,2018-05-27,NL,6,
urb09,130,cultivar,2018-05-27,NL,6,
urb09,136,cultivar,2018-05-27,NL,4,
urb09,161,cultivar,2018-05-27,NL,4,
urb09,166,cultivar,2018-05-27,NL,6,
urb09,168,cultivar,2018-05-27,NL,6,
urb09,21,cultivar,2018-05-27,NL,6,
urb09,235,cultivar,2018-05-27,NL,4,
urb09,281,cultivar,2018-05-27,NL,6,
urb09,306,cultivar,2018-05-27,NL,6,
urb09,323,cultivar,2018-05-27,NL,6,
urb09,368,cultivar,2018-05-27,NL,6,
urb09,381,cultivar,2018-05-27,NL,6,
urb09,384,cultivar,2018-05-27,NL,2,
urb09,407,cultivar,2018-05-27,NL,6,
urb09,493,cultivar,2018-05-27,NL,6,
urb09,508,cultivar,2018-05-27,NL,6,
urb09,540,cultivar,2018-05-27,NL,6,
urb09,554,cultivar,2018-05-27,NL,6,
urb09,579,cultivar,2018-05-27,NL,6,
urb09,623,cultivar,2018-05-27,NL,6,
urb10,201,cultivar,2018-05-27,NL,4,
urb10,475,cultivar,2018-05-27,NL,6,
urb10,507,cultivar,2018-05-27,NL,2,
urb10,521,cultivar,2018-05-27,NL,4,
urb10,523,cultivar,2018-05-27,NL,6,
urb10,530,cultivar,2018-05-27,NL,4,
urb10,547,cultivar,2018-05-27,NL,4,
urb10,562,cultivar,2018-05-27,NL,4,
urb10,572,cultivar,2018-05-27,NL,4,
urb10,602,cultivar,2018-05-27,NL,4,
urb10,83,cultivar,2018-05-27,NL,4,
urb10,93,cultivar,2018-05-27,NL,2,
urb10,97,cultivar,2018-05-27,NL,4,
urb10,98,cultivar,2018-05-27,NL,4,
urb11,110,cultivar,2018-05-27,NL,6,
urb11,121,cultivar,2018-05-27,NL,6,
urb11,134,cultivar,2018-05-27,NL,6,
urb11,145,cultivar,2018-05-27,NL,6,
urb11,149,cultivar,2018-05-27,NL,6,
urb11,20,cultivar,2018-05-27,NL,6,
urb11,229,cultivar,2018-05-27,NL,4,
urb11,261,cultivar,2018-05-27,NL,6,
urb11,325,cultivar,2018-05-27,NL,6,
urb11,327,cultivar,2018-05-27,NL,6,
urb11,343,cultivar,2018-05-27,NL,6,
urb11,391,cultivar,2018-05-27,NL,6,
urb11,498,cultivar,2018-05-27,NL,6,
urb11,510,cultivar,2018-05-27,NL,6,
urb11,553,cultivar,2018-05-27,NL,6,
urb11,583,cultivar,2018-05-27,NL,6,
urb11,591,cultivar,2018-05-27,NL,6,
urb11,610,cultivar,2018-05-27,NL,2,
urb11,629,cultivar,2018-05-27,NL,6,
urb12,140,cultivar,2018-05-27,NL,4,
urb12,148,cultivar,2018-05-27,NL,6,
urb12,164,cultivar,2018-05-27,NL,4,
urb12,193,cultivar,2018-05-27,NL,4,
urb12,210,cultivar,2018-05-27,NL,6,
urb12,227,cultivar,2018-05-27,NL,4,
urb12,246,cultivar,2018-05-27,NL,2,
urb12,256,cultivar,2018-05-27,NL,6,
urb12,262,cultivar,2018-05-27,NL,2,
urb12,266,cultivar,2018-05-27,NL,6,
urb12,28,cultivar,2018-05-27,NL,2,
urb12,294,cultivar,2018-05-27,NL,6,
urb12,317,cultivar,2018-05-27,NL,2,
urb12,319,cultivar,2018-05-27,NL,4,
urb12,32,cultivar,2018-05-27,NL,6,
urb12,324,cultivar,2018-05-27,NL,6,
urb12,36,cultivar,2018-05-27,NL,6,
urb12,437,cultivar,2018-05-27,NL,6,
urb12,462,cultivar,2018-05-27,NL,4,
urb12,465,cultivar,2018-05-27,NL,6,
urb12,496,cultivar,2018-05-27,NL,4,
urb12,593,cultivar,2018-05-27,NL,6,
urb12,639,cultivar,2018-05-27,NL,6,
urb12,640,cultivar,2018-05-27,NL,6,
urb12,66,cultivar,2018-05-27,NL,2,
urb13,12,cultivar,2018-05-27,NL,6,
urb13,120,cultivar,2018-05-27,NL,6,
urb13,156,cultivar,2018-05-27,NL,6,
urb13,245,cultivar,2018-05-27,NL,2,
urb13,258,cultivar,2018-05-27,NL,2,
urb13,277,cultivar,2018-05-27,NL,6,
urb13,292,cultivar,2018-05-27,NL,6,
urb13,315,cultivar,2018-05-27,NL,6,
urb13,411,cultivar,2018-05-27,NL,6,
urb13,477,cultivar,2018-05-27,NL,4,
urb13,531,cultivar,2018-05-27,NL,2,
urb13,637,cultivar,2018-05-27,NL,2,
urb13,654,cultivar,2018-05-27,NL,6,
urb13,7,cultivar,2018-05-27,NL,2,
urb13,82,cultivar,2018-05-27,NL,4,
urb14,117,cultivar,2018-05-27,NL,4,
urb14,126,cultivar,2018-05-27,NL,4,
urb14,157,cultivar,2018-05-27,NL,6,
urb14,162,cultivar,2018-05-27,NL,4,
urb14,163,cultivar,2018-05-27,NL,6,
urb14,18,cultivar,2018-05-27,NL,4,
urb14,217,cultivar,2018-05-27,NL,4,
urb14,265,cultivar,2018-05-27,NL,6,
urb14,293,cultivar,2018-05-27,NL,4,
urb14,35,cultivar,2018-05-27,NL,4,
urb14,395,cultivar,2018-05-27,NL,4,
urb14,428,cultivar,2018-05-27,NL,2,
urb14,441,cultivar,2018-05-27,NL,6,
urb14,453,cultivar,2018-05-27,NL,4,
urb14,488,cultivar,2018-05-27,NL,6,
urb14,497,cultivar,2018-05-27,NL,4,
urb14,499,cultivar,2018-05-27,NL,4,
urb14,529,cultivar,2018-05-27,NL,4,
urb14,587,cultivar,2018-05-27,NL,4,
urb14,600,cultivar,2018-05-27,NL,4,
urb14,603,cultivar,2018-05-27,NL,4,
urb14,652,cultivar,2018-05-27,NL,4,
urb14,9,cultivar,2018-05-27,NL,4,
urb17,207,cultivar,2018-05-27,NL,6,
urb17,213,cultivar,2018-05-27,NL,2,
urb17,250,cultivar,2018-05-27,NL,6,
urb17,276,cultivar,2018-05-27,NL,6,
urb17,280,cultivar,2018-05-27,NL,4,
urb17,300,cultivar,2018-05-27,NL,6,
urb17,311,cultivar,2018-05-27,NL,6,
urb17,410,cultivar,2018-05-27,NL,4,
urb17,546,cultivar,2018-05-27,NL,6,
urb17,570,cultivar,2018-05-27,NL,2,
urb17,617,cultivar,2018-05-27,NL,8,
urb17,621,cultivar,2018-05-27,NL,4,
urb17,643,cultivar,2018-05-27,NL,4,
urb17,70,cultivar,2018-05-27,NL,6,
urb17,80,cultivar,2018-05-27,NL,4,
urb17,87,cultivar,2018-05-27,NL,4,
urb18,155,cultivar,2018-05-27,NL,6,
urb18,175,cultivar,2018-05-27,NL,4,
urb18,221,cultivar,2018-05-27,NL,2,
urb18,222,cultivar,2018-05-27,NL,2,
urb18,252,cultivar,2018-05-27,NL,2,
urb18,330,cultivar,2018-05-27,NL,6,
urb18,416,cultivar,2018-05-27,NL,6,
urb18,459,cultivar,2018-05-27,NL,2,
urb18,470,cultivar,2018-05-27,NL,4,
urb18,483,cultivar,2018-05-27,NL,6,
urb18,484,cultivar,2018-05-27,NL,2,
urb18,509,cultivar,2018-05-27,NL,4,
urb18,52,cultivar,2018-05-27,NL,6,
urb18,651,cultivar,2018-05-27,NL,2,
urb23,132,cultivar,2018-05-27,NL,4,
urb23,143,cultivar,2018-05-27,NL,6,
urb23,178,cultivar,2018-05-27,NL,6,
urb23,228,cultivar,2018-05-27,NL,4,
urb23,24,cultivar,2018-05-27,NL,6,
urb23,29,cultivar,2018-05-27,NL,6,
urb23,313,cultivar,2018-05-27,NL,4,
urb23,316,cultivar,2018-05-27,NL,4,
urb23,418,cultivar,2018-05-27,NL,6,
urb23,528,cultivar,2018-05-27,NL,4,
urb23,542,cultivar,2018-05-27,NL,4,
urb23,58,cultivar,2018-05-27,NL,4,
urb23,601,cultivar,2018-05-27,NL,6,
urb23,604,cultivar,2018-05-27,NL,6,
urb23,607,cultivar,2018-05-27,NL,0,
urb23,645,cultivar,2018-05-27,NL,2,
urb23,81,cultivar,2018-05-27,NL,6,
urb24,133,cultivar,2018-05-27,NL,4,
urb24,160,cultivar,2018-05-27,NL,4,
urb24,169,cultivar,2018-05-27,NL,4,
urb24,209,cultivar,2018-05-27,NL,4,
urb24,234,cultivar,2018-05-27,NL,4,
urb24,248,cultivar,2018-05-27,NL,6,
urb24,284,cultivar,2018-05-27,NL,2,
urb24,377,cultivar,2018-05-27,NL,2,
urb24,431,cultivar,2018-05-27,NL,4,
urb24,449,cultivar,2018-05-27,NL,4,
urb24,490,cultivar,2018-05-27,NL,4,
urb24,516,cultivar,2018-05-27,NL,4,
urb24,585,cultivar,2018-05-27,NL,4,
urb24,60,cultivar,2018-05-27,NL,4,
urb24,628,cultivar,2018-05-27,NL,4,
urb24,96,cultivar,2018-05-27,NL,4,
urb25,173,cultivar,2018-05-27,NL,4,
urb25,192,cultivar,2018-05-27,NL,4,
urb25,198,cultivar,2018-05-27,NL,4,
urb25,204,cultivar,2018-05-27,NL,2,
urb25,257,cultivar,2018-05-27,NL,2,
urb25,274,cultivar,2018-05-27,NL,2,
urb25,335,cultivar,2018-05-27,NL,6,
urb25,344,cultivar,2018-05-27,NL,4,
urb25,348,cultivar,2018-05-27,NL,4,
urb25,371,cultivar,2018-05-27,NL,4,
urb25,374,cultivar,2018-05-27,NL,6,
urb25,403,cultivar,2018-05-27,NL,4,
urb25,412,cultivar,2018-05-27,NL,2,
urb25,415,cultivar,2018-05-27,NL,4,
urb25,442,cultivar,2018-05-27,NL,4,
urb25,452,cultivar,2018-05-27,NL,4,
urb25,458,cultivar,2018-05-27,NL,2,
urb25,478,cultivar,2018-05-27,NL,4,
urb25,486,cultivar,2018-05-27,NL,4,
urb25,518,cultivar,2018-05-27,NL,4,
urb25,590,cultivar,2018-05-27,NL,4,
urb25,88,cultivar,2018-05-27,NL,4,
urb26,104,cultivar,2018-05-27,NL,4,
urb26,109,cultivar,2018-05-27,NL,4,
urb26,180,cultivar,2018-05-27,NL,4,
urb26,268,cultivar,2018-05-27,NL,4,
urb26,273,cultivar,2018-05-27,NL,2,
urb26,320,cultivar,2018-05-27,NL,2,
urb26,356,cultivar,2018-05-27,NL,4,
urb26,386,cultivar,2018-05-27,NL,6,
urb26,392,cultivar,2018-05-27,NL,6,
urb26,427,cultivar,2018-05-27,NL,6,
urb26,502,cultivar,2018-05-27,NL,6,
urb26,525,cultivar,2018-05-27,NL,2,
urb26,551,cultivar,2018-05-27,NL,4,
urb26,578,cultivar,2018-05-27,NL,2,
urb26,624,cultivar,2018-05-27,NL,4,
urb26,633,cultivar,2018-05-27,NL,4,
urb26,661,cultivar,2018-05-27,NL,4,
urb28,103,cultivar,2018-05-27,NL,4,
urb28,118,cultivar,2018-05-27,NL,6,
urb28,171,cultivar,2018-05-27,NL,4,
urb28,205,cultivar,2018-05-27,NL,4,
urb28,240,cultivar,2018-05-27,NL,4,
urb28,27,cultivar,2018-05-27,NL,4,
urb28,295,cultivar,2018-05-27,NL,6,
urb28,318,cultivar,2018-05-27,NL,4,
urb28,342,cultivar,2018-05-27,NL,4,
urb28,369,cultivar,2018-05-27,NL,6,
urb28,387,cultivar,2018-05-27,NL,4,
urb28,39,cultivar,2018-05-27,NL,4,
urb28,474,cultivar,2018-05-27,NL,6,
urb28,49,cultivar,2018-05-27,NL,4,
urb28,50,cultivar,2018-05-27,NL,4,
urb28,506,cultivar,2018-05-27,NL,4,
urb28,512,cultivar,2018-05-27,NL,4,
urb28,541,cultivar,2018-05-27,NL,4,
urb28,62,cultivar,2018-05-27,NL,4,
urb28,660,cultivar,2018-05-27,NL,4,
urb28,75,cultivar,2018-05-27,NL,4,
urb28,77,cultivar,2018-05-27,NL,2,
urb29,113,cultivar,2018-05-27,NL,4,
urb29,124,cultivar,2018-05-27,NL,6,
urb29,127,cultivar,2018-05-27,NL,4,
urb29,158,cultivar,2018-05-27,NL,4,
urb29,165,cultivar,2018-05-27,NL,6,
urb29,170,cultivar,2018-05-27,NL,4,
urb29,282,cultivar,2018-05-27,NL,2,
urb29,363,cultivar,2018-05-27,NL,6,
urb29,394,cultivar,2018-05-27,NL,6,
urb29,400,cultivar,2018-05-27,NL,6,
urb29,504,cultivar,2018-05-27,NL,6,
urb29,552,cultivar,2018-05-27,NL,6,
urb29,56,cultivar,2018-05-27,NL,4,
urb31,108,cultivar,2018-05-27,NL,4,
urb31,220,cultivar,2018-05-27,NL,4,
urb31,231,cultivar,2018-05-27,NL,4,
urb31,233,cultivar,2018-05-27,NL,4,
urb31,247,cultivar,2018-05-27,NL,6,
urb31,308,cultivar,2018-05-27,NL,5,
urb31,346,cultivar,2018-05-27,NL,4,
urb31,372,cultivar,2018-05-27,NL,6,
urb31,434,cultivar,2018-05-27,NL,4,
urb31,460,cultivar,2018-05-27,NL,6,
urb31,48,cultivar,2018-05-27,NL,4,
urb31,481,cultivar,2018-05-27,NL,6,
urb31,495,cultivar,2018-05-27,NL,6,
urb31,514,cultivar,2018-05-27,NL,6,
urb31,539,cultivar,2018-05-27,NL,6,
urb31,55,cultivar,2018-05-27,NL,4,
urb31,576,cultivar,2018-05-27,NL,6,
urb31,588,cultivar,2018-05-27,NL,6,
urb31,59,cultivar,2018-05-27,NL,6,
urb31,612,cultivar,2018-05-27,NL,6,
urb31,63,cultivar,2018-05-27,NL,6,
urb31,644,cultivar,2018-05-27,NL,4,
urb31,91,cultivar,2018-05-27,NL,6,
urb32,189,cultivar,2018-05-27,NL,6,
urb32,208,cultivar,2018-05-27,NL,4,
urb32,264,cultivar,2018-05-27,NL,4,
urb32,336,cultivar,2018-05-27,NL,2,
urb32,350,cultivar,2018-05-27,NL,6,
urb32,366,cultivar,2018-05-27,NL,4,
urb32,378,cultivar,2018-05-27,NL,4,
urb32,379,cultivar,2018-05-27,NL,6,
urb32,382,cultivar,2018-05-27,NL,6,
urb32,390,cultivar,2018-05-27,NL,6,
urb32,42,cultivar,2018-05-27,NL,6,
urb32,420,cultivar,2018-05-27,NL,6,
urb32,45,cultivar,2018-05-27,NL,4,
urb32,53,cultivar,2018-05-27,NL,4,
urb32,550,cultivar,2018-05-27,NL,4,
urb32,618,cultivar,2018-05-27,NL,6,
urb32,635,cultivar,2018-05-27,NL,4,
urb32,64,cultivar,2018-05-27,NL,4,
urb32,658,cultivar,2018-05-27,NL,4,
urb32,72,cultivar,2018-05-27,NL,6,
nat18,326,native,2018-06-13,NL,4,y
nat18,480,native,2018-06-13,NL,4,WL + ld+ stress
nat18,632,native,2018-06-13,NL,4,sl y
nat19,100,native,2018-06-13,NL,4,
nat19,183,native,2018-06-13,NL,4,ws near am
nat19,185,native,2018-06-13,NL,4,
nat19,190,native,2018-06-13,NL,6,y+bt
nat19,202,native,2018-06-13,NL,6,bs
nat19,22,native,2018-06-13,NL,4,
nat19,223,native,2018-06-13,NL,6,bt+y
nat19,224,native,2018-06-13,NL,4,herb+ld
nat19,241,native,2018-06-13,NL,4,
nat19,270,native,2018-06-13,NL,6,
nat19,275,native,2018-06-13,NL,6,
nat19,296,native,2018-06-13,NL,4,CL +bt
nat19,33,native,2018-06-13,NL,3,H
nat19,355,native,2018-06-13,NL,4,
nat19,364,native,2018-06-13,NL,4,
nat19,375,native,2018-06-13,NL,4,bt
nat19,397,native,2018-06-13,NL,4,bt
nat19,398,native,2018-06-13,NL,4,bs+ys
nat19,40,native,2018-06-13,NL,4,deformed leaf + leaves stuck toghether
nat19,430,native,2018-06-13,NL,6,
nat19,46,native,2018-06-13,NL,4,H + WL
nat19,468,native,2018-06-13,NL,5,herb
nat19,482,native,2018-06-13,NL,4,
nat19,513,native,2018-06-13,NL,4,bs+ys
nat19,538,native,2018-06-13,NL,4,bs
nat19,557,native,2018-06-13,NL,4,bt +insect
nat19,571,native,2018-06-13,NL,3,WL
nat19,596,native,2018-06-13,NL,4,BE
nat19,606,native,2018-06-13,NL,4,Bt + insect
nat19,611,native,2018-06-13,NL,4,Wl
nat19,616,native,2018-06-13,NL,4,
nat19,626,native,2018-06-13,NL,2,Ldecay + bs
nat19,627,native,2018-06-13,NL,4,small growth
nat19,631,native,2018-06-13,NL,4,
nat19,642,native,2018-06-13,NL,2,Ldecay @top
nat19,65,native,2018-06-13,NL,2,BS + H
nat19,657,native,2018-06-13,NL,4,spider web
nat19,659,native,2018-06-13,NL,4,
nat19,74,native,2018-06-13,NL,4,BS +WS
nat19,76,native,2018-06-13,NL,4,BT
nat19,94,native,2018-06-13,NL,4,winkeled leaves
nat20,301,native,2018-06-13,NL,4,herb+bt
nat20,440,native,2018-06-13,NL,4,bt+ slight ld
nat20,446,native,2018-06-13,NL,4,wam +WL
nat20,473,native,2018-06-13,NL,4,insect
nat20,519,native,2018-06-13,NL,4,
nat20,605,native,2018-06-13,NL,4,
nat20,608,native,2018-06-13,NL,2,small
nat20,615,native,2018-06-13,NL,4,
nat21,332,native,2018-06-13,NL,6,yellow spots
nat21,333,native,2018-06-13,NL,6,wan
nat21,358,native,2018-06-13,NL,6,sl y
nat21,422,native,2018-06-13,NL,4,
nat21,500,native,2018-06-13,NL,6,wam
nat21,527,native,2018-06-13,NL,4,spider
nat21,568,native,2018-06-13,NL,6,wl +bt
nat21,573,native,2018-06-13,NL,6,wam
nat21,589,native,2018-06-13,NL,3,Ldecay+ WL
nat21,68,native,2018-06-13,NL,6,BT
nat22,101,native,2018-06-13,NL,6,BT
nat22,119,native,2018-06-13,NL,4,
nat22,142,native,2018-06-13,NL,4,bs+bt
nat22,176,native,2018-06-13,NL,6,heavy herb
nat22,191,native,2018-06-13,NL,4,
nat22,199,native,2018-06-13,NL,4,
nat22,25,native,2018-06-13,NL,4,
nat22,254,native,2018-06-13,NL,4,ys+bt
nat22,353,native,2018-06-13,NL,6,bs+CL
nat22,505,native,2018-06-13,NL,6,
nat22,535,native,2018-06-13,NL,6,bt
nat22,6,native,2018-06-13,NL,4,H + BT(brown around leaf tips)
nat22,609,native,2018-06-13,NL,6,
nat22,638,native,2018-06-13,NL,6,Ldeform + bs
nat23,2,native,2018-06-13,NL,6,YS (yellow splotches)
nat23,216,native,2018-06-13,NL,3,bt+ls
nat23,244,native,2018-06-13,NL,4,ld + browning (B)
nat23,259,native,2018-06-13,NL,4,
nat23,309,native,2018-06-13,NL,2,be
nat23,334,native,2018-06-13,NL,4,bs+insect
nat23,380,native,2018-06-13,NL,4,
nat23,501,native,2018-06-13,NL,4,
nat23,575,native,2018-06-13,NL,6,BT
nat24,147,native,2018-06-13,NL,4,
nat24,485,native,2018-06-13,NL,4,
nat24,489,native,2018-06-13,NL,4,
nat24,8,native,2018-06-13,NL,3,
nat24,90,native,2018-06-13,NL,4,BS
nat25,187,native,2018-06-13,NL,4,bs + be
nat25,299,native,2018-06-13,NL,6,sl Y + wam
nat25,433,native,2018-06-13,NL,4,ws
nat25,520,native,2018-06-13,NL,4,bs
nat25,537,native,2018-06-13,NL,6,insect
nat25,582,native,2018-06-13,NL,6,
nat25,613,native,2018-06-13,NL,4,
nat26,151,native,2018-06-13,NL,4,Y+bt
nat26,16,native,2018-06-13,NL,4,leaf damage
nat26,182,native,2018-06-13,NL,6,yellowing veins
nat26,269,native,2018-06-13,NL,4,
nat26,310,native,2018-06-13,NL,6,ld+be+bt
nat26,338,native,2018-06-13,NL,4,ws
nat26,345,native,2018-06-13,NL,4,bt
nat26,373,native,2018-06-13,NL,6,sl yellowing
nat26,376,native,2018-06-13,NL,4,Ldecay@top
nat26,402,native,2018-06-13,NL,3,ys+insect
nat26,414,native,2018-06-13,NL,4,bt
nat26,424,native,2018-06-13,NL,6,ys
nat26,47,native,2018-06-13,NL,4,BS
nat26,471,native,2018-06-13,NL,6,ys
nat26,524,native,2018-06-13,NL,6,
nat26,561,native,2018-06-13,NL,4,herb +y
nat26,625,native,2018-06-13,NL,6,insect +lw+bt
nat27,141,native,2018-06-13,NL,4,y + WAM
nat27,152,native,2018-06-13,NL,4,ws+bt
nat27,181,native,2018-06-13,NL,4,bugs on leaf
nat27,206,native,2018-06-13,NL,4,leaves stacked
nat27,23,native,2018-06-13,NL,6,BS +LD
nat27,260,native,2018-06-13,NL,4,CL
nat27,263,native,2018-06-13,NL,4,
nat27,341,native,2018-06-13,NL,4,wam + insect
nat27,347,native,2018-06-13,NL,4,
nat27,4,native,2018-06-13,NL,4,
nat27,406,native,2018-06-13,NL,4,sl y
nat27,455,native,2018-06-13,NL,3,
nat27,517,native,2018-06-13,NL,6,
nat27,57,native,2018-06-13,NL,4,
nat27,655,native,2018-06-13,NL,4,WL
nat28,219,native,2018-06-13,NL,1,ld
nat28,304,native,2018-06-13,NL,4,
nat28,351,native,2018-06-13,NL,4,CL + Bt
nat28,448,native,2018-06-13,NL,6,
nat28,543,native,2018-06-13,NL,4,ys
nat28,598,native,2018-06-13,NL,4,WL
nat29,122,native,2018-06-13,NL,4,
nat29,137,native,2018-06-13,NL,6,Bt
nat29,139,native,2018-06-13,NL,4,Wl
nat29,153,native,2018-06-13,NL,4,ws+be
nat29,188,native,2018-06-13,NL,4,
nat29,194,native,2018-06-13,NL,4,
nat29,401,native,2018-06-13,NL,4,bs
nat29,423,native,2018-06-13,NL,4,
nat29,479,native,2018-06-13,NL,4,bs+herb
nat29,5,native,2018-06-13,NL,6,BS(brown splotches)
nat29,544,native,2018-06-13,NL,6,WL
nat29,565,native,2018-06-13,NL,4,bs+bt
nat29,620,native,2018-06-13,NL,4,tip of leaf missing + bs
nat29,99,native,2018-06-13,NL,4,BS + yellowing
nat30,14,native,2018-06-13,NL,4,
nat30,236,native,2018-06-13,NL,2,bs
nat30,429,native,2018-06-13,NL,4,insect + ld on ends
nat30,451,native,2018-06-13,NL,4,
nat30,592,native,2018-06-13,NL,4,
nat30,594,native,2018-06-13,NL,2,small decaying leaves
nat30,650,native,2018-06-13,NL,4,bs + bt + wam
nat30,653,native,2018-06-13,NL,2,ws +bt + ledecay
nat31,225,native,2018-06-13,NL,4,
nat31,279,native,2018-06-13,NL,4,herb
nat31,646,native,2018-06-13,NL,4,
nat32,138,native,2018-06-13,NL,6,WS + BS
nat32,150,native,2018-06-13,NL,4,Bt
nat32,172,native,2018-06-13,NL,4,
nat32,197,native,2018-06-13,NL,4,slight yellowing
nat32,214,native,2018-06-13,NL,6,bt
nat32,303,native,2018-06-13,NL,6,
nat32,360,native,2018-06-13,NL,6,side leaf damage
nat32,385,native,2018-06-13,NL,4,CL+Bt
nat32,463,native,2018-06-13,NL,6,
nat32,469,native,2018-06-13,NL,6,ws
nat33,297,native,2018-06-13,NL,4,
nat33,352,native,2018-06-13,NL,4,
nat33,365,native,2018-06-13,NL,4,
urb01,10,cultivar,2018-06-13,NL,2,
urb01,184,cultivar,2018-06-13,NL,6,ws + y
urb01,200,cultivar,2018-06-13,NL,4,sl y + WL
urb01,203,cultivar,2018-06-13,NL,4,
urb01,242,cultivar,2018-06-13,NL,4,bt
urb01,253,cultivar,2018-06-13,NL,6,y+CL
urb01,314,cultivar,2018-06-13,NL,6,wam
urb01,339,cultivar,2018-06-13,NL,5,bt
urb01,359,cultivar,2018-06-13,NL,4,herb + yellowing
urb01,450,cultivar,2018-06-13,NL,6,ys
urb01,476,cultivar,2018-06-13,NL,4,bt+ldeform
urb01,599,cultivar,2018-06-13,NL,6,herb + LD
urb01,619,cultivar,2018-06-13,NL,4,
urb01,634,cultivar,2018-06-13,NL,6,bt
urb01,85,cultivar,2018-06-13,NL,4,BT
urb03,129,cultivar,2018-06-13,NL,4,
urb03,238,cultivar,2018-06-13,NL,4,y+bt
urb03,239,cultivar,2018-06-13,NL,4,sl herb + ld
urb03,26,cultivar,2018-06-13,NL,4,
urb03,287,cultivar,2018-06-13,NL,4,
urb03,357,cultivar,2018-06-13,NL,6,
urb03,421,cultivar,2018-06-13,NL,4,yt
urb03,425,cultivar,2018-06-13,NL,4,bt
urb03,426,cultivar,2018-06-13,NL,4,
urb03,435,cultivar,2018-06-13,NL,4,WL
urb03,438,cultivar,2018-06-13,NL,4,bt
urb03,439,cultivar,2018-06-13,NL,6,
urb03,443,cultivar,2018-06-13,NL,4,Ldefomr
urb03,454,cultivar,2018-06-13,NL,6,bt+y
urb03,457,cultivar,2018-06-13,NL,4,bt
urb03,461,cultivar,2018-06-13,NL,6,Ldecay@top +wam
urb03,467,cultivar,2018-06-13,NL,4,ws near Am
urb03,494,cultivar,2018-06-13,NL,4,WL + bt
urb03,51,cultivar,2018-06-13,NL,6,BT + 2 spiders
urb03,522,cultivar,2018-06-13,NL,6,insects
urb03,536,cultivar,2018-06-13,NL,4,
urb03,549,cultivar,2018-06-13,NL,6,folded leaf + spider
urb03,563,cultivar,2018-06-13,NL,6,
urb03,595,cultivar,2018-06-13,NL,6,Bt+bs
urb03,641,cultivar,2018-06-13,NL,6,wam
urb03,69,cultivar,2018-06-13,NL,6,WS
urb03,78,cultivar,2018-06-13,NL,4,BT
urb03,89,cultivar,2018-06-13,NL,4,BT + LD
urb04,111,cultivar,2018-06-13,NL,6,
urb04,19,cultivar,2018-06-13,NL,6,LD (leaf Damage) + white splotches
urb04,196,cultivar,2018-06-13,NL,6,top leaves shrivieled + be
urb04,237,cultivar,2018-06-13,NL,6,bt+ PLM (part of leaf missing)
urb04,278,cultivar,2018-06-13,NL,4,
urb04,289,cultivar,2018-06-13,NL,5,
urb04,31,cultivar,2018-06-13,NL,4,BT
urb04,312,cultivar,2018-06-13,NL,2,wilted seedling
urb04,329,cultivar,2018-06-13,NL,6,
urb04,354,cultivar,2018-06-13,NL,6,DL's
urb04,361,cultivar,2018-06-13,NL,6,bs
urb04,404,cultivar,2018-06-13,NL,4,
urb04,408,cultivar,2018-06-13,NL,6,bt+Ldeform
urb04,43,cultivar,2018-06-13,NL,6,
urb04,44,cultivar,2018-06-13,NL,6,brown edges
urb04,472,cultivar,2018-06-13,NL,6,
urb04,491,cultivar,2018-06-13,NL,6,small holes (herb)
urb04,511,cultivar,2018-06-13,NL,4,Ldeform
urb04,526,cultivar,2018-06-13,NL,6,bt
urb04,556,cultivar,2018-06-13,NL,4,sl ws
urb04,597,cultivar,2018-06-13,NL,4,WL
urb04,622,cultivar,2018-06-13,NL,4,sl ws
urb04,636,cultivar,2018-06-13,NL,6,herb+bs
urb04,649,cultivar,2018-06-13,NL,6,wl+ bt
urb04,95,cultivar,2018-06-13,NL,6,
urb07,106,cultivar,2018-06-13,NL,6,very red leaves
urb07,125,cultivar,2018-06-13,NL,4,LD + WAM
urb07,167,cultivar,2018-06-13,NL,4,LD
urb07,232,cultivar,2018-06-13,NL,4,Ldeform+insect
urb07,286,cultivar,2018-06-13,NL,4,sl ws
urb07,290,cultivar,2018-06-13,NL,4,ys
urb07,3,cultivar,2018-06-13,NL,6,
urb07,302,cultivar,2018-06-13,NL,6,bt+ leaf sag
urb07,337,cultivar,2018-06-13,NL,5,bt+wl
urb07,367,cultivar,2018-06-13,NL,5,sl y + bs
urb07,370,cultivar,2018-06-13,NL,4,sl y + bs
urb07,38,cultivar,2018-06-13,NL,6,yellowing + browin around eges
urb07,413,cultivar,2018-06-13,NL,4,ys
urb07,417,cultivar,2018-06-13,NL,3,herb
urb07,444,cultivar,2018-06-13,NL,4,insect
urb07,456,cultivar,2018-06-13,NL,6,bird poo + bt
urb07,464,cultivar,2018-06-13,NL,1,seedling out of ground :(
urb07,54,cultivar,2018-06-13,NL,4,Browning around edges
urb07,555,cultivar,2018-06-13,NL,4,sl wam + sl bt
urb07,567,cultivar,2018-06-13,NL,4,
urb07,574,cultivar,2018-06-13,NL,4,Ldeform
urb07,581,cultivar,2018-06-13,NL,4,BT
urb07,586,cultivar,2018-06-13,NL,4,CL
urb07,92,cultivar,2018-06-13,NL,4,yellowing around top
urb09,1,cultivar,2018-06-13,NL,6,H- (insect activity/herbivory)
urb09,107,cultivar,2018-06-13,NL,8,BT
urb09,11,cultivar,2018-06-13,NL,4,
urb09,112,cultivar,2018-06-13,NL,6,BT
urb09,123,cultivar,2018-06-13,NL,6,
urb09,13,cultivar,2018-06-13,NL,6,BT
urb09,130,cultivar,2018-06-13,NL,6,bt
urb09,136,cultivar,2018-06-13,NL,4,Bs + CL (crinkeled leaves)
urb09,161,cultivar,2018-06-13,NL,6,WL @ top
urb09,166,cultivar,2018-06-13,NL,6,BE + Bt
urb09,168,cultivar,2018-06-13,NL,6,
urb09,21,cultivar,2018-06-13,NL,6,H
urb09,235,cultivar,2018-06-13,NL,6,
urb09,281,cultivar,2018-06-13,NL,6,big spider
urb09,306,cultivar,2018-06-13,NL,6,ws near am
urb09,323,cultivar,2018-06-13,NL,4,
urb09,368,cultivar,2018-06-13,NL,6,yellowing
urb09,381,cultivar,2018-06-13,NL,6,
urb09,384,cultivar,2018-06-13,NL,0,parental leaves decayed
urb09,407,cultivar,2018-06-13,NL,6,
urb09,493,cultivar,2018-06-13,NL,6,ys +LD
urb09,508,cultivar,2018-06-13,NL,6,
urb09,540,cultivar,2018-06-13,NL,6,
urb09,554,cultivar,2018-06-13,NL,6,bt
urb09,579,cultivar,2018-06-13,NL,6,Ldamage
urb09,623,cultivar,2018-06-13,NL,6,Bt brownish leaves
urb10,201,cultivar,2018-06-13,NL,4,bt
urb10,475,cultivar,2018-06-13,NL,6,bt+insect
urb10,507,cultivar,2018-06-13,NL,4,dmg leaf + bs
urb10,521,cultivar,2018-06-13,NL,1,Ldecay + WL
urb10,523,cultivar,2018-06-13,NL,6,
urb10,530,cultivar,2018-06-13,NL,4,
urb10,547,cultivar,2018-06-13,NL,4,sl Y
urb10,562,cultivar,2018-06-13,NL,4,holes + ws
urb10,572,cultivar,2018-06-13,NL,4,
urb10,602,cultivar,2018-06-13,NL,4,
urb10,83,cultivar,2018-06-13,NL,4,H + leaf deformity
urb10,93,cultivar,2018-06-13,NL,2,shriveled plant
urb10,97,cultivar,2018-06-13,NL,6,BT+ ants
urb10,98,cultivar,2018-06-13,NL,4,
urb11,110,cultivar,2018-06-13,NL,6,
urb11,121,cultivar,2018-06-13,NL,6,Yellowing + Brown around edges
urb11,134,cultivar,2018-06-13,NL,6,BS
urb11,145,cultivar,2018-06-13,NL,6,bt
urb11,149,cultivar,2018-06-13,NL,6,Cr/DL
urb11,20,cultivar,2018-06-13,NL,6,BT
urb11,229,cultivar,2018-06-13,NL,4,
urb11,261,cultivar,2018-06-13,NL,8,CL
urb11,325,cultivar,2018-06-13,NL,6,ws+bt
urb11,327,cultivar,2018-06-13,NL,5,
urb11,343,cultivar,2018-06-13,NL,6,
urb11,391,cultivar,2018-06-13,NL,6,Be+ bt + ants
urb11,498,cultivar,2018-06-13,NL,6,bt
urb11,510,cultivar,2018-06-13,NL,6,bs+bt
urb11,553,cultivar,2018-06-13,NL,6,bt
urb11,583,cultivar,2018-06-13,NL,6,BT+bs
urb11,591,cultivar,2018-06-13,NL,4,
urb11,610,cultivar,2018-06-13,NL,4,short seedling
urb11,629,cultivar,2018-06-13,NL,6,Ldeform@top
urb12,140,cultivar,2018-06-13,NL,4,leaning seedling (LS)
urb12,148,cultivar,2018-06-13,NL,6,bs+wam
urb12,164,cultivar,2018-06-13,NL,4,
urb12,193,cultivar,2018-06-13,NL,6,ld+ws
urb12,210,cultivar,2018-06-13,NL,6,bt + white veins
urb12,227,cultivar,2018-06-13,NL,4,ws+insects
urb12,246,cultivar,2018-06-13,NL,4,bs + wam
urb12,256,cultivar,2018-06-13,NL,6,herb+ws
urb12,262,cultivar,2018-06-13,NL,5,
urb12,266,cultivar,2018-06-13,NL,6,
urb12,28,cultivar,2018-06-13,NL,4,WS + wrinkled lead
urb12,294,cultivar,2018-06-13,NL,6,
urb12,317,cultivar,2018-06-13,NL,0,decapitated
urb12,319,cultivar,2018-06-13,NL,6,ws
urb12,32,cultivar,2018-06-13,NL,6,ws
urb12,324,cultivar,2018-06-13,NL,6,sl herb
urb12,36,cultivar,2018-06-13,NL,6,Crinkled tips + leaf deformity
urb12,437,cultivar,2018-06-13,NL,7,bs
urb12,462,cultivar,2018-06-13,NL,3,ws
urb12,465,cultivar,2018-06-13,NL,6,Ldeform
urb12,496,cultivar,2018-06-13,NL,4,herrb+wam
urb12,593,cultivar,2018-06-13,NL,6,ws
urb12,639,cultivar,2018-06-13,NL,6,spiderweb
urb12,640,cultivar,2018-06-13,NL,6,herb + ldeform
urb12,66,cultivar,2018-06-13,NL,4,WS + white around AM (apical meristem)
urb13,12,cultivar,2018-06-13,NL,6,BT
urb13,120,cultivar,2018-06-13,NL,6,LD
urb13,156,cultivar,2018-06-13,NL,6,ld+ws
urb13,245,cultivar,2018-06-13,NL,4,ws + B + LD
urb13,258,cultivar,2018-06-13,NL,4,sl herb
urb13,277,cultivar,2018-06-13,NL,6,BE
urb13,292,cultivar,2018-06-13,NL,5,ld+bt
urb13,315,cultivar,2018-06-13,NL,6,CL +Bt
urb13,411,cultivar,2018-06-13,NL,5,ys+bt
urb13,477,cultivar,2018-06-13,NL,4,weak looking/stress
urb13,531,cultivar,2018-06-13,NL,4,ws
urb13,637,cultivar,2018-06-13,NL,4,Wl + Ldecay + spiderweb
urb13,654,cultivar,2018-06-13,NL,6,spider web
urb13,7,cultivar,2018-06-13,NL,4,WL (wrinkled leaves)
urb13,82,cultivar,2018-06-13,NL,6,YS (yellow spots) + very red features
urb14,117,cultivar,2018-06-13,NL,4,WS
urb14,126,cultivar,2018-06-13,NL,6,very red leaves
urb14,157,cultivar,2018-06-13,NL,6,bt
urb14,162,cultivar,2018-06-13,NL,4,
urb14,163,cultivar,2018-06-13,NL,6,red leaf tips
urb14,18,cultivar,2018-06-13,NL,6,BS +YS
urb14,217,cultivar,2018-06-13,NL,4,
urb14,265,cultivar,2018-06-13,NL,6,
urb14,293,cultivar,2018-06-13,NL,4,red around tips
urb14,35,cultivar,2018-06-13,NL,4,
urb14,395,cultivar,2018-06-13,NL,6,Ldeform
urb14,428,cultivar,2018-06-13,NL,4,
urb14,441,cultivar,2018-06-13,NL,6,red L + re
urb14,453,cultivar,2018-06-13,NL,4,ys+bs
urb14,488,cultivar,2018-06-13,NL,4,browning leaves +bt
urb14,497,cultivar,2018-06-13,NL,4,ws
urb14,499,cultivar,2018-06-13,NL,4,herb+wk
urb14,529,cultivar,2018-06-13,NL,4,sl y
urb14,587,cultivar,2018-06-13,NL,4,CL
urb14,600,cultivar,2018-06-13,NL,4,bs+ LD
urb14,603,cultivar,2018-06-13,NL,4,
urb14,652,cultivar,2018-06-13,NL,4,LD + bs + insect
urb14,9,cultivar,2018-06-13,NL,4,Folded leaf
urb17,207,cultivar,2018-06-13,NL,6,sl bt
urb17,213,cultivar,2018-06-13,NL,4,ws near ends
urb17,250,cultivar,2018-06-13,NL,6,
urb17,276,cultivar,2018-06-13,NL,6,
urb17,280,cultivar,2018-06-13,NL,6,ws+ sl herb
urb17,300,cultivar,2018-06-13,NL,6,
urb17,311,cultivar,2018-06-13,NL,6,bt
urb17,410,cultivar,2018-06-13,NL,4,bs
urb17,546,cultivar,2018-06-13,NL,6,bt
urb17,570,cultivar,2018-06-13,NL,4,WL+wam
urb17,617,cultivar,2018-06-13,NL,6,Ldeform + Bt + spider web
urb17,621,cultivar,2018-06-13,NL,4,ws
urb17,643,cultivar,2018-06-13,NL,4,wl
urb17,70,cultivar,2018-06-13,NL,6,BT
urb17,80,cultivar,2018-06-13,NL,4,
urb17,87,cultivar,2018-06-13,NL,4,plant at dirt level
urb18,155,cultivar,2018-06-13,NL,6,ld+bt
urb18,175,cultivar,2018-06-13,NL,2,bs
urb18,221,cultivar,2018-06-13,NL,2,bt+y
urb18,222,cultivar,2018-06-13,NL,1,half leaf
urb18,252,cultivar,2018-06-13,NL,0,
urb18,330,cultivar,2018-06-13,NL,6,bt
urb18,416,cultivar,2018-06-13,NL,6,bt
urb18,459,cultivar,2018-06-13,NL,4,bs+spider
urb18,470,cultivar,2018-06-13,NL,4,ys+bt
urb18,483,cultivar,2018-06-13,NL,6,wam
urb18,484,cultivar,2018-06-13,NL,2,
urb18,509,cultivar,2018-06-13,NL,5,bs
urb18,52,cultivar,2018-06-13,NL,6,BS + H
urb18,651,cultivar,2018-06-13,NL,4,
urb23,132,cultivar,2018-06-13,NL,4,heavy herb + ws
urb23,143,cultivar,2018-06-13,NL,6,LD+herb
urb23,178,cultivar,2018-06-13,NL,6,herb + ld
urb23,228,cultivar,2018-06-13,NL,4,
urb23,24,cultivar,2018-06-13,NL,6,
urb23,29,cultivar,2018-06-13,NL,6,ws
urb23,313,cultivar,2018-06-13,NL,4,wam
urb23,316,cultivar,2018-06-13,NL,6,
urb23,418,cultivar,2018-06-13,NL,5,Ldecay+bs
urb23,528,cultivar,2018-06-13,NL,4,insect + wl
urb23,542,cultivar,2018-06-13,NL,6,bs
urb23,58,cultivar,2018-06-13,NL,4,
urb23,601,cultivar,2018-06-13,NL,8,insect Bt
urb23,604,cultivar,2018-06-13,NL,6,Bt
urb23,645,cultivar,2018-06-13,NL,2,Ldecay + bs
urb23,81,cultivar,2018-06-13,NL,6,
urb24,133,cultivar,2018-06-13,NL,4,Be
urb24,160,cultivar,2018-06-13,NL,4,
urb24,169,cultivar,2018-06-13,NL,4,
urb24,209,cultivar,2018-06-13,NL,6,wam + near holly tree
urb24,234,cultivar,2018-06-13,NL,4,
urb24,248,cultivar,2018-06-13,NL,4,y+bt
urb24,284,cultivar,2018-06-13,NL,4,ldeform+ws
urb24,377,cultivar,2018-06-13,NL,4,ldeform
urb24,431,cultivar,2018-06-13,NL,6,sl bs
urb24,449,cultivar,2018-06-13,NL,4,
urb24,490,cultivar,2018-06-13,NL,4,herb
urb24,516,cultivar,2018-06-13,NL,4,insect
urb24,585,cultivar,2018-06-13,NL,6,
urb24,60,cultivar,2018-06-13,NL,4,slight yellowing
urb24,628,cultivar,2018-06-13,NL,4,bs+be
urb24,96,cultivar,2018-06-13,NL,4,BS +WAM
urb25,173,cultivar,2018-06-13,NL,4,ys+bt
urb25,192,cultivar,2018-06-13,NL,4,spider
urb25,198,cultivar,2018-06-13,NL,4,bt
urb25,204,cultivar,2018-06-13,NL,4,
urb25,257,cultivar,2018-06-13,NL,4,
urb25,274,cultivar,2018-06-13,NL,4,ws
urb25,335,cultivar,2018-06-13,NL,6,insects
urb25,344,cultivar,2018-06-13,NL,4,insect
urb25,348,cultivar,2018-06-13,NL,4,cl + bt
urb25,371,cultivar,2018-06-13,NL,4,y+wam
urb25,374,cultivar,2018-06-13,NL,5,bt
urb25,403,cultivar,2018-06-13,NL,4,Ldeform
urb25,412,cultivar,2018-06-13,NL,4,y
urb25,415,cultivar,2018-06-13,NL,4,
urb25,442,cultivar,2018-06-13,NL,4,
urb25,452,cultivar,2018-06-13,NL,4,
urb25,458,cultivar,2018-06-13,NL,4,
urb25,478,cultivar,2018-06-13,NL,4,
urb25,486,cultivar,2018-06-13,NL,6,WL around side
urb25,518,cultivar,2018-06-13,NL,4,sl LD
urb25,590,cultivar,2018-06-13,NL,6,LDeform
urb25,88,cultivar,2018-06-13,NL,4,BT
urb26,104,cultivar,2018-06-13,NL,4,Shriveled
urb26,109,cultivar,2018-06-13,NL,4,H
urb26,180,cultivar,2018-06-13,NL,4,
urb26,268,cultivar,2018-06-13,NL,4,CL + BS
urb26,273,cultivar,2018-06-13,NL,4,LD around edge
urb26,320,cultivar,2018-06-13,NL,4,bs+wam
urb26,356,cultivar,2018-06-13,NL,4,sl y  +bt
urb26,386,cultivar,2018-06-13,NL,6,Ldecay+bt
urb26,392,cultivar,2018-06-13,NL,6,ys+bt
urb26,427,cultivar,2018-06-13,NL,6,WL+bt
urb26,502,cultivar,2018-06-13,NL,6,
urb26,525,cultivar,2018-06-13,NL,4,insects
urb26,551,cultivar,2018-06-13,NL,6,wam
urb26,578,cultivar,2018-06-13,NL,4,
urb26,624,cultivar,2018-06-13,NL,6,
urb26,633,cultivar,2018-06-13,NL,4,
urb26,661,cultivar,2018-06-13,NL,4,
urb28,103,cultivar,2018-06-13,NL,6,LD
urb28,118,cultivar,2018-06-13,NL,6,yellowing
urb28,171,cultivar,2018-06-13,NL,6,herb
urb28,205,cultivar,2018-06-13,NL,6,y+bs+bt
urb28,240,cultivar,2018-06-13,NL,4,wam
urb28,27,cultivar,2018-06-13,NL,3,
urb28,295,cultivar,2018-06-13,NL,6,
urb28,318,cultivar,2018-06-13,NL,3,decayed leaf
urb28,342,cultivar,2018-06-13,NL,4,leaning in dirt
urb28,369,cultivar,2018-06-13,NL,4,bs
urb28,387,cultivar,2018-06-13,NL,4,Ldecay + wl
urb28,39,cultivar,2018-06-13,NL,5,
urb28,474,cultivar,2018-06-13,NL,4,Ldefom
urb28,49,cultivar,2018-06-13,NL,6,leaf shriviling at top
urb28,50,cultivar,2018-06-13,NL,6,Browning around leaf edges
urb28,506,cultivar,2018-06-13,NL,4,red in leaves + yellow in veins
urb28,512,cultivar,2018-06-13,NL,4,
urb28,541,cultivar,2018-06-13,NL,4,Ldecay+bs+ insect
urb28,62,cultivar,2018-06-13,NL,4,
urb28,660,cultivar,2018-06-13,NL,4,sl y + bs + ant colony nearby
urb28,75,cultivar,2018-06-13,NL,4,
urb28,77,cultivar,2018-06-13,NL,2,H
urb29,113,cultivar,2018-06-13,NL,4,BT
urb29,124,cultivar,2018-06-13,NL,6,
urb29,127,cultivar,2018-06-13,NL,4,BS
urb29,158,cultivar,2018-06-13,NL,4,
urb29,165,cultivar,2018-06-13,NL,6,
urb29,170,cultivar,2018-06-13,NL,4,
urb29,282,cultivar,2018-06-13,NL,4,
urb29,363,cultivar,2018-06-13,NL,6,bs
urb29,394,cultivar,2018-06-13,NL,5,wam+bs
urb29,400,cultivar,2018-06-13,NL,6,bt
urb29,504,cultivar,2018-06-13,NL,6,ws+Ldeflr
urb29,552,cultivar,2018-06-13,NL,8,sl ws
urb29,56,cultivar,2018-06-13,NL,4,white near the apical meristem (AM)
urb31,108,cultivar,2018-06-13,NL,6,leaf deformities at top of plant
urb31,220,cultivar,2018-06-13,NL,6,
urb31,231,cultivar,2018-06-13,NL,6,sl y
urb31,233,cultivar,2018-06-13,NL,4,y+insect debris
urb31,247,cultivar,2018-06-13,NL,6,y+bt
urb31,308,cultivar,2018-06-13,NL,7,
urb31,346,cultivar,2018-06-13,NL,6,spider
urb31,372,cultivar,2018-06-13,NL,6,bs
urb31,434,cultivar,2018-06-13,NL,6,insect
urb31,460,cultivar,2018-06-13,NL,6,bt+y
urb31,48,cultivar,2018-06-13,NL,4,Brown leaf Tips
urb31,481,cultivar,2018-06-13,NL,6,Ldeform + Wl
urb31,495,cultivar,2018-06-13,NL,6,bs+bt+Ldeform
urb31,514,cultivar,2018-06-13,NL,5,Ldecay
urb31,539,cultivar,2018-06-13,NL,6,Ldeform+sl bt
urb31,55,cultivar,2018-06-13,NL,4,slight yellowing
urb31,576,cultivar,2018-06-13,NL,6,
urb31,588,cultivar,2018-06-13,NL,6,CL
urb31,59,cultivar,2018-06-13,NL,5,
urb31,612,cultivar,2018-06-13,NL,6,bt
urb31,63,cultivar,2018-06-13,NL,6,yellowing around leaf tips
urb31,644,cultivar,2018-06-13,NL,4,bt
urb31,91,cultivar,2018-06-13,NL,6,BT
urb32,189,cultivar,2018-06-13,NL,6,be+bt
urb32,208,cultivar,2018-06-13,NL,6,bt+ld on ends
urb32,264,cultivar,2018-06-13,NL,4,
urb32,336,cultivar,2018-06-13,NL,3,insects
urb32,350,cultivar,2018-06-13,NL,6,sl Y + Bt
urb32,366,cultivar,2018-06-13,NL,4,Ldeform
urb32,378,cultivar,2018-06-13,NL,4,bt
urb32,379,cultivar,2018-06-13,NL,6,ws + bt
urb32,382,cultivar,2018-06-13,NL,6,bt
urb32,390,cultivar,2018-06-13,NL,6,
urb32,42,cultivar,2018-06-13,NL,6,H + yellowing
urb32,420,cultivar,2018-06-13,NL,6,bs+ys
urb32,45,cultivar,2018-06-13,NL,4,folded leaf + spider
urb32,53,cultivar,2018-06-13,NL,6,
urb32,550,cultivar,2018-06-13,NL,6,bt
urb32,618,cultivar,2018-06-13,NL,6,Ldeform + Rt
urb32,635,cultivar,2018-06-13,NL,6,wl+bs
urb32,64,cultivar,2018-06-13,NL,4,WS
urb32,658,cultivar,2018-06-13,NL,4,
urb32,72,cultivar,2018-06-13,NL,6,BT
nat18,326,native,2018-07-03,NL,5,bs
nat18,480,native,2018-07-03,NL,6,withered leaves
nat18,632,native,2018-07-03,NL,5,ws
nat19,100,native,2018-07-03,NL,5,H+W
nat19,183,native,2018-07-03,NL,3,
nat19,185,native,2018-07-03,NL,5,Bs
nat19,190,native,2018-07-03,NL,6,WAT
nat19,202,native,2018-07-03,NL,6,H+WAT
nat19,22,native,2018-07-03,NL,4,
nat19,223,native,2018-07-03,NL,8,Rv + y + bt
nat19,224,native,2018-07-03,NL,8,WL
nat19,270,native,2018-07-03,NL,7,bs+wat
nat19,275,native,2018-07-03,NL,6,
nat19,296,native,2018-07-03,NL,4,wl+dirt
nat19,33,native,2018-07-03,NL,8,
nat19,355,native,2018-07-03,NL,5,
nat19,364,native,2018-07-03,NL,5,
nat19,375,native,2018-07-03,NL,5,
nat19,397,native,2018-07-03,NL,5,
nat19,398,native,2018-07-03,NL,4,wl
nat19,40,native,2018-07-03,NL,5,
nat19,430,native,2018-07-03,NL,7,bs
nat19,46,native,2018-07-03,NL,6,
nat19,468,native,2018-07-03,NL,6,bt
nat19,482,native,2018-07-03,NL,6,
nat19,513,native,2018-07-03,NL,5,bs
nat19,538,native,2018-07-03,NL,6,be
nat19,557,native,2018-07-03,NL,5,
nat19,571,native,2018-07-03,NL,2,h+wat
nat19,596,native,2018-07-03,NL,5,bs  +y
nat19,606,native,2018-07-03,NL,5,ws
nat19,611,native,2018-07-03,NL,5,bs
nat19,616,native,2018-07-03,NL,6,
nat19,627,native,2018-07-03,NL,5,ws + small
nat19,631,native,2018-07-03,NL,6,
nat19,642,native,2018-07-03,NL,2,h + small/short plant
nat19,65,native,2018-07-03,NL,3,H
nat19,657,native,2018-07-03,NL,4,Rv
nat19,659,native,2018-07-03,NL,6,
nat19,74,native,2018-07-03,NL,6,
nat19,76,native,2018-07-03,NL,5,
nat20,301,native,2018-07-03,NL,6,H
nat20,440,native,2018-07-03,NL,6,wat+bs
nat20,446,native,2018-07-03,NL,4,lat missing
nat20,473,native,2018-07-03,NL,6,
nat20,519,native,2018-07-03,NL,5,
nat20,605,native,2018-07-03,NL,6,
nat20,608,native,2018-07-03,NL,4,PS + Ldecay
nat20,615,native,2018-07-03,NL,6,RV + bs
nat21,332,native,2018-07-03,NL,6,ws
nat21,333,native,2018-07-03,NL,8,wat + y + bs
nat21,358,native,2018-07-03,NL,7,bs
nat21,422,native,2018-07-03,NL,6,y
nat21,500,native,2018-07-03,NL,5,be
nat21,527,native,2018-07-03,NL,4,
nat21,568,native,2018-07-03,NL,6,bs
nat21,573,native,2018-07-03,NL,6,bs
nat21,68,native,2018-07-03,NL,7,
nat22,101,native,2018-07-03,NL,7,
nat22,119,native,2018-07-03,NL,6,
nat22,142,native,2018-07-03,NL,6,Y
nat22,176,native,2018-07-03,NL,6,bs
nat22,191,native,2018-07-03,NL,6,WL
nat22,199,native,2018-07-03,NL,4,
nat22,25,native,2018-07-03,NL,5,
nat22,254,native,2018-07-03,NL,5,y+bs
nat22,353,native,2018-07-03,NL,8,Bs + wat
nat22,505,native,2018-07-03,NL,8,bs
nat22,535,native,2018-07-03,NL,8,
nat22,6,native,2018-07-03,NL,5,
nat22,609,native,2018-07-03,NL,8,WAM  +BS
nat22,638,native,2018-07-03,NL,6,bs+ws
nat23,2,native,2018-07-03,NL,6,
nat23,216,native,2018-07-03,NL,6,
nat23,244,native,2018-07-03,NL,4,Leaves covered in dirt
nat23,259,native,2018-07-03,NL,7,
nat23,309,native,2018-07-03,NL,3,ws
nat23,334,native,2018-07-03,NL,6,bt + y +LD at top
nat23,380,native,2018-07-03,NL,4,
nat23,501,native,2018-07-03,NL,4,bs
nat23,575,native,2018-07-03,NL,6,wat+ bs
nat24,147,native,2018-07-03,NL,4,
nat24,485,native,2018-07-03,NL,6,bs
nat24,489,native,2018-07-03,NL,6,
nat24,8,native,2018-07-03,NL,2,
nat24,90,native,2018-07-03,NL,6,
nat25,187,native,2018-07-03,NL,6,Bs
nat25,299,native,2018-07-03,NL,8,Wat + y +bs
nat25,433,native,2018-07-03,NL,5,
nat25,520,native,2018-07-03,NL,8,bs
nat25,537,native,2018-07-03,NL,6,ys
nat25,582,native,2018-07-03,NL,8,y + ws
nat25,613,native,2018-07-03,NL,6,bs
nat26,151,native,2018-07-03,NL,6,y+bs
nat26,16,native,2018-07-03,NL,4,
nat26,182,native,2018-07-03,NL,6,RV
nat26,269,native,2018-07-03,NL,6,wam
nat26,310,native,2018-07-03,NL,8,be+bs
nat26,338,native,2018-07-03,NL,6,ws
nat26,345,native,2018-07-03,NL,4,
nat26,373,native,2018-07-03,NL,7,
nat26,376,native,2018-07-03,NL,2,w
nat26,402,native,2018-07-03,NL,7,wl
nat26,414,native,2018-07-03,NL,6,wrinkeled leaves
nat26,424,native,2018-07-03,NL,6,bs+ y
nat26,47,native,2018-07-03,NL,5,
nat26,471,native,2018-07-03,NL,8,ys + wam
nat26,524,native,2018-07-03,NL,8,
nat26,561,native,2018-07-03,NL,6,wat
nat26,625,native,2018-07-03,NL,6,
nat27,141,native,2018-07-03,NL,5,
nat27,152,native,2018-07-03,NL,6,y+bs
nat27,181,native,2018-07-03,NL,6,
nat27,206,native,2018-07-03,NL,8,WS
nat27,23,native,2018-07-03,NL,6,
nat27,260,native,2018-07-03,NL,6,
nat27,263,native,2018-07-03,NL,4,WAM
nat27,341,native,2018-07-03,NL,6,wat + bs
nat27,347,native,2018-07-03,NL,6,
nat27,4,native,2018-07-03,NL,6,
nat27,406,native,2018-07-03,NL,5,ys + bs
nat27,455,native,2018-07-03,NL,7,ws
nat27,517,native,2018-07-03,NL,8,
nat27,57,native,2018-07-03,NL,6,
nat27,655,native,2018-07-03,NL,6,ws
nat28,219,native,2018-07-03,NL,3,WAT
nat28,304,native,2018-07-03,NL,4,bs
nat28,351,native,2018-07-03,NL,5,
nat28,448,native,2018-07-03,NL,4,bs
nat28,543,native,2018-07-03,NL,6,ws
nat28,598,native,2018-07-03,NL,6,Ps + small plant
nat29,122,native,2018-07-03,NL,5,
nat29,137,native,2018-07-03,NL,6,WL
nat29,139,native,2018-07-03,NL,6,
nat29,153,native,2018-07-03,NL,4,bs
nat29,188,native,2018-07-03,NL,6,
nat29,194,native,2018-07-03,NL,5,
nat29,401,native,2018-07-03,NL,6,bs
nat29,423,native,2018-07-03,NL,6,y
nat29,479,native,2018-07-03,NL,6,bs + be +ldecay
nat29,5,native,2018-07-03,NL,8,
nat29,544,native,2018-07-03,NL,6,dirt on leaves
nat29,565,native,2018-07-03,NL,6,bs
nat29,620,native,2018-07-03,NL,6,WAT
nat29,99,native,2018-07-03,NL,8,
nat30,14,native,2018-07-03,NL,6,
nat30,236,native,2018-07-03,NL,5,small + Lmissing
nat30,429,native,2018-07-03,NL,8,
nat30,451,native,2018-07-03,NL,6,wam
nat30,592,native,2018-07-03,NL,4,bs + whitening on leaf
nat30,594,native,2018-07-03,NL,4,bs +small plant + weak leaves
nat30,650,native,2018-07-03,NL,4,small plant + leaves missing
nat30,653,native,2018-07-03,NL,5,bent stem + Ws
nat31,225,native,2018-07-03,NL,5,WAM
nat31,279,native,2018-07-03,NL,6,h
nat31,646,native,2018-07-03,NL,6,bt
nat32,138,native,2018-07-03,NL,4,LMAT(Leaves missing at Top)
nat32,172,native,2018-07-03,NL,6,
nat32,197,native,2018-07-03,NL,4,
nat32,214,native,2018-07-03,NL,7,y+bs
nat32,303,native,2018-07-03,NL,6,LD
nat32,360,native,2018-07-03,NL,6,wam
nat32,385,native,2018-07-03,NL,6,y +rv
nat32,463,native,2018-07-03,NL,6,
nat32,469,native,2018-07-03,NL,6,ys
nat33,297,native,2018-07-03,NL,6,
nat33,352,native,2018-07-03,NL,6,
nat33,365,native,2018-07-03,NL,4,
urb01,10,cultivar,2018-07-03,NL,3,
urb01,184,cultivar,2018-07-03,NL,6,Y
urb01,200,cultivar,2018-07-03,NL,6,RV
urb01,203,cultivar,2018-07-03,NL,8,
urb01,242,cultivar,2018-07-03,NL,6,RV +Y
urb01,253,cultivar,2018-07-03,NL,8,y+bs
urb01,314,cultivar,2018-07-03,NL,8,WAT
urb01,339,cultivar,2018-07-03,NL,7,
urb01,450,cultivar,2018-07-03,NL,8,ws
urb01,476,cultivar,2018-07-03,NL,4,rv + bs+ ldeform
urb01,599,cultivar,2018-07-03,NL,8,wam + wrinkeled leaves
urb01,619,cultivar,2018-07-03,NL,6,BS
urb01,634,cultivar,2018-07-03,NL,6,PS
urb01,85,cultivar,2018-07-03,NL,5,W
urb03,129,cultivar,2018-07-03,NL,6,
urb03,238,cultivar,2018-07-03,NL,6,Y+ WL
urb03,239,cultivar,2018-07-03,NL,8,LD (leaves damaged)
urb03,26,cultivar,2018-07-03,NL,6,
urb03,287,cultivar,2018-07-03,NL,7,
urb03,357,cultivar,2018-07-03,NL,6,Y
urb03,421,cultivar,2018-07-03,NL,6,rv
urb03,425,cultivar,2018-07-03,NL,6,
urb03,426,cultivar,2018-07-03,NL,6,
urb03,435,cultivar,2018-07-03,NL,8,
urb03,438,cultivar,2018-07-03,NL,6,bt
urb03,439,cultivar,2018-07-03,NL,8,
urb03,443,cultivar,2018-07-03,NL,5,wat+spider web closeby
urb03,454,cultivar,2018-07-03,NL,8,y+bs
urb03,457,cultivar,2018-07-03,NL,8,y+bt
urb03,461,cultivar,2018-07-03,NL,8,bs
urb03,467,cultivar,2018-07-03,NL,6,wat
urb03,494,cultivar,2018-07-03,NL,7,be
urb03,51,cultivar,2018-07-03,NL,7,
urb03,522,cultivar,2018-07-03,NL,8,wat + bs
urb03,536,cultivar,2018-07-03,NL,4,
urb03,549,cultivar,2018-07-03,NL,8,wat
urb03,563,cultivar,2018-07-03,NL,8,
urb03,595,cultivar,2018-07-03,NL,8,
urb03,641,cultivar,2018-07-03,NL,8,ws
urb03,69,cultivar,2018-07-03,NL,6,
urb03,78,cultivar,2018-07-03,NL,4,
urb03,89,cultivar,2018-07-03,NL,3,H+W+Br
urb04,111,cultivar,2018-07-03,NL,6,RV
urb04,19,cultivar,2018-07-03,NL,8,
urb04,196,cultivar,2018-07-03,NL,5,Red spots heavy
urb04,237,cultivar,2018-07-03,NL,6,
urb04,278,cultivar,2018-07-03,NL,6,wat
urb04,289,cultivar,2018-07-03,NL,7,Wilt at top
urb04,31,cultivar,2018-07-03,NL,6,
urb04,329,cultivar,2018-07-03,NL,7,wat
urb04,354,cultivar,2018-07-03,NL,6,
urb04,361,cultivar,2018-07-03,NL,8,wat +bs
urb04,404,cultivar,2018-07-03,NL,6,y
urb04,408,cultivar,2018-07-03,NL,8,ws
urb04,43,cultivar,2018-07-03,NL,6,LW
urb04,44,cultivar,2018-07-03,NL,8,
urb04,472,cultivar,2018-07-03,NL,8,rv+ y
urb04,491,cultivar,2018-07-03,NL,8,Ps
urb04,511,cultivar,2018-07-03,NL,7,shriveled leaves + ws
urb04,526,cultivar,2018-07-03,NL,6,wat + bt
urb04,556,cultivar,2018-07-03,NL,7,ws
urb04,597,cultivar,2018-07-03,NL,4,Ps + bs + top leaf missing
urb04,622,cultivar,2018-07-03,NL,6,bs + slight wilting
urb04,636,cultivar,2018-07-03,NL,8,WAM
urb04,649,cultivar,2018-07-03,NL,7,
urb04,95,cultivar,2018-07-03,NL,8,
urb07,106,cultivar,2018-07-03,NL,6,RV
urb07,125,cultivar,2018-07-03,NL,5,BE
urb07,167,cultivar,2018-07-03,NL,6,
urb07,232,cultivar,2018-07-03,NL,5,leaves covered in dirt + WS
urb07,286,cultivar,2018-07-03,NL,6,WS
urb07,290,cultivar,2018-07-03,NL,6,ws
urb07,3,cultivar,2018-07-03,NL,6,
urb07,302,cultivar,2018-07-03,NL,8,RV
urb07,337,cultivar,2018-07-03,NL,7,Rv
urb07,367,cultivar,2018-07-03,NL,7,Ws at top
urb07,370,cultivar,2018-07-03,NL,8,ws
urb07,38,cultivar,2018-07-03,NL,8,
urb07,413,cultivar,2018-07-03,NL,6,
urb07,417,cultivar,2018-07-03,NL,5,h+wat
urb07,444,cultivar,2018-07-03,NL,6,ws
urb07,456,cultivar,2018-07-03,NL,6,ps
urb07,54,cultivar,2018-07-03,NL,6,
urb07,555,cultivar,2018-07-03,NL,6,wat + bs
urb07,567,cultivar,2018-07-03,NL,8,
urb07,574,cultivar,2018-07-03,NL,4,h
urb07,581,cultivar,2018-07-03,NL,5,Rv + leaf + bt
urb07,586,cultivar,2018-07-03,NL,5,wat
urb07,92,cultivar,2018-07-03,NL,6,
urb09,1,cultivar,2018-07-03,NL,8,
urb09,107,cultivar,2018-07-03,NL,7,
urb09,11,cultivar,2018-07-03,NL,8,
urb09,112,cultivar,2018-07-03,NL,7,RV
urb09,123,cultivar,2018-07-03,NL,7,
urb09,13,cultivar,2018-07-03,NL,8,
urb09,130,cultivar,2018-07-03,NL,7,WL + Rv
urb09,136,cultivar,2018-07-03,NL,8,
urb09,161,cultivar,2018-07-03,NL,8,WAM (White near apical meristem)
urb09,166,cultivar,2018-07-03,NL,6,
urb09,168,cultivar,2018-07-03,NL,8,WAT (whitening at top) + BS
urb09,21,cultivar,2018-07-03,NL,6,
urb09,235,cultivar,2018-07-03,NL,7,YS
urb09,281,cultivar,2018-07-03,NL,8,
urb09,306,cultivar,2018-07-03,NL,8,WLAT
urb09,323,cultivar,2018-07-03,NL,6,
urb09,368,cultivar,2018-07-03,NL,8,
urb09,381,cultivar,2018-07-03,NL,8,bs+rv
urb09,384,cultivar,2018-07-03,NL,4,short stem
urb09,407,cultivar,2018-07-03,NL,6,
urb09,493,cultivar,2018-07-03,NL,8,ws  +Ldeform
urb09,508,cultivar,2018-07-03,NL,8,
urb09,540,cultivar,2018-07-03,NL,8,
urb09,554,cultivar,2018-07-03,NL,7,rv+ spider web
urb09,579,cultivar,2018-07-03,NL,8,bs + Ldeform
urb09,623,cultivar,2018-07-03,NL,6,RV
urb10,201,cultivar,2018-07-03,NL,6,WAT
urb10,475,cultivar,2018-07-03,NL,6,rv + bt
urb10,507,cultivar,2018-07-03,NL,5,wilted leaf at top
urb10,523,cultivar,2018-07-03,NL,6,
urb10,530,cultivar,2018-07-03,NL,4,rv
urb10,547,cultivar,2018-07-03,NL,4,
urb10,562,cultivar,2018-07-03,NL,4,ws
urb10,572,cultivar,2018-07-03,NL,5,ws+ Ldecay
urb10,602,cultivar,2018-07-03,NL,4,
urb10,83,cultivar,2018-07-03,NL,6,W+H
urb10,97,cultivar,2018-07-03,NL,8,
urb10,98,cultivar,2018-07-03,NL,4,
urb11,110,cultivar,2018-07-03,NL,12,
urb11,121,cultivar,2018-07-03,NL,4,wilted
urb11,134,cultivar,2018-07-03,NL,6,
urb11,145,cultivar,2018-07-03,NL,6,soggy pot + y +bt
urb11,149,cultivar,2018-07-03,NL,8,RV
urb11,20,cultivar,2018-07-03,NL,6,
urb11,229,cultivar,2018-07-03,NL,4,RV
urb11,261,cultivar,2018-07-03,NL,7,RV+ folded leaf
urb11,325,cultivar,2018-07-03,NL,8,
urb11,327,cultivar,2018-07-03,NL,7,y
urb11,343,cultivar,2018-07-03,NL,6,rv
urb11,391,cultivar,2018-07-03,NL,8,
urb11,498,cultivar,2018-07-03,NL,8,bs
urb11,510,cultivar,2018-07-03,NL,8,bs + Ldamage
urb11,553,cultivar,2018-07-03,NL,6,
urb11,583,cultivar,2018-07-03,NL,6,
urb11,591,cultivar,2018-07-03,NL,6,RV
urb11,610,cultivar,2018-07-03,NL,8,ws + PS
urb12,140,cultivar,2018-07-03,NL,3,WL heavy
urb12,148,cultivar,2018-07-03,NL,8,y+bs
urb12,164,cultivar,2018-07-03,NL,4,small + wL
urb12,193,cultivar,2018-07-03,NL,8,bs+LD
urb12,210,cultivar,2018-07-03,NL,7,
urb12,227,cultivar,2018-07-03,NL,6,WAT +BE
urb12,246,cultivar,2018-07-03,NL,6,Leave in Dirt + Br
urb12,256,cultivar,2018-07-03,NL,8,ys
urb12,262,cultivar,2018-07-03,NL,5,WAT
urb12,266,cultivar,2018-07-03,NL,6,wat+bs
urb12,294,cultivar,2018-07-03,NL,8,y
urb12,319,cultivar,2018-07-03,NL,6,bs
urb12,32,cultivar,2018-07-03,NL,7,
urb12,324,cultivar,2018-07-03,NL,7,WAT +BS
urb12,36,cultivar,2018-07-03,NL,8,
urb12,437,cultivar,2018-07-03,NL,7,h
urb12,462,cultivar,2018-07-03,NL,2,wilting
urb12,465,cultivar,2018-07-03,NL,6,
urb12,496,cultivar,2018-07-03,NL,5,wat +ws
urb12,593,cultivar,2018-07-03,NL,8,ws +y
urb12,639,cultivar,2018-07-03,NL,7,wat + wam + bs
urb12,640,cultivar,2018-07-03,NL,8,wam  +Ldmg + H
urb12,66,cultivar,2018-07-03,NL,1,W
urb13,12,cultivar,2018-07-03,NL,8,
urb13,120,cultivar,2018-07-03,NL,8,WL
urb13,156,cultivar,2018-07-03,NL,8,LD
urb13,245,cultivar,2018-07-03,NL,5,WAT+LD +BR
urb13,258,cultivar,2018-07-03,NL,6,wat +br
urb13,277,cultivar,2018-07-03,NL,6,
urb13,292,cultivar,2018-07-03,NL,7,bs
urb13,315,cultivar,2018-07-03,NL,6,RV
urb13,411,cultivar,2018-07-03,NL,3,bs +wl
urb13,531,cultivar,2018-07-03,NL,5,"wat + ws+ bs+ s,a;;"
urb13,637,cultivar,2018-07-03,NL,4,crinkeled leaves
urb13,654,cultivar,2018-07-03,NL,6,y
urb13,7,cultivar,2018-07-03,NL,6,
urb13,82,cultivar,2018-07-03,NL,8,RV
urb14,117,cultivar,2018-07-03,NL,6,DFR (damage from rain)
urb14,126,cultivar,2018-07-03,NL,8,Y+Rv
urb14,157,cultivar,2018-07-03,NL,7,
urb14,162,cultivar,2018-07-03,NL,6,
urb14,163,cultivar,2018-07-03,NL,7,Bt
urb14,18,cultivar,2018-07-03,NL,8,
urb14,217,cultivar,2018-07-03,NL,6,LD at top
urb14,265,cultivar,2018-07-03,NL,7,RV
urb14,293,cultivar,2018-07-03,NL,6,RV+be
urb14,35,cultivar,2018-07-03,NL,6,
urb14,395,cultivar,2018-07-03,NL,8,wam
urb14,428,cultivar,2018-07-03,NL,8,
urb14,441,cultivar,2018-07-03,NL,6,very red leaves
urb14,453,cultivar,2018-07-03,NL,7,bs
urb14,488,cultivar,2018-07-03,NL,6,y+ bs
urb14,497,cultivar,2018-07-03,NL,5,
urb14,499,cultivar,2018-07-03,NL,7,ws
urb14,529,cultivar,2018-07-03,NL,5,bs
urb14,587,cultivar,2018-07-03,NL,8,PS
urb14,600,cultivar,2018-07-03,NL,6,bs +wrinkeled leaves
urb14,603,cultivar,2018-07-03,NL,6,
urb14,652,cultivar,2018-07-03,NL,4,red in leaves
urb14,9,cultivar,2018-07-03,NL,6,
urb17,207,cultivar,2018-07-03,NL,7,BT+RL
urb17,213,cultivar,2018-07-03,NL,7,LD
urb17,250,cultivar,2018-07-03,NL,6,Rv
urb17,276,cultivar,2018-07-03,NL,8,bs+y
urb17,280,cultivar,2018-07-03,NL,6,Plant in Soil
urb17,300,cultivar,2018-07-03,NL,6,spider
urb17,311,cultivar,2018-07-03,NL,6,rv
urb17,410,cultivar,2018-07-03,NL,7,ws + curley stem (CS)
urb17,546,cultivar,2018-07-03,NL,9,y +bs
urb17,570,cultivar,2018-07-03,NL,4,
urb17,617,cultivar,2018-07-03,NL,7,WL  + bt
urb17,621,cultivar,2018-07-03,NL,4,WAT + bs
urb17,643,cultivar,2018-07-03,NL,6,wam + ws
urb17,70,cultivar,2018-07-03,NL,6,
urb17,80,cultivar,2018-07-03,NL,6,
urb17,87,cultivar,2018-07-03,NL,7,
urb18,155,cultivar,2018-07-03,NL,8,LD (leaf deformity)
urb18,175,cultivar,2018-07-03,NL,2,Wet pot + Wilted
urb18,221,cultivar,2018-07-03,NL,6,small + bt
urb18,252,cultivar,2018-07-03,NL,4,small
urb18,330,cultivar,2018-07-03,NL,8,
urb18,416,cultivar,2018-07-03,NL,8,
urb18,459,cultivar,2018-07-03,NL,3,wat + Ldecay
urb18,470,cultivar,2018-07-03,NL,4,rv + bs
urb18,483,cultivar,2018-07-03,NL,7,wat + bs
urb18,484,cultivar,2018-07-03,NL,2,leaves wilted
urb18,509,cultivar,2018-07-03,NL,7,bs
urb18,52,cultivar,2018-07-03,NL,5,
urb18,651,cultivar,2018-07-03,NL,5,PS
urb23,132,cultivar,2018-07-03,NL,5,WL
urb23,143,cultivar,2018-07-03,NL,8,Y+BS
urb23,178,cultivar,2018-07-03,NL,7,
urb23,228,cultivar,2018-07-03,NL,7,WS+WAT
urb23,24,cultivar,2018-07-03,NL,7,
urb23,29,cultivar,2018-07-03,NL,8,
urb23,313,cultivar,2018-07-03,NL,6,WAT
urb23,316,cultivar,2018-07-03,NL,6,Bs+wat
urb23,418,cultivar,2018-07-03,NL,5,
urb23,528,cultivar,2018-07-03,NL,6,sL + wrinkeled
urb23,542,cultivar,2018-07-03,NL,8,wam
urb23,58,cultivar,2018-07-03,NL,6,H
urb23,601,cultivar,2018-07-03,NL,8,wat + yellowing on bottom leaves
urb23,604,cultivar,2018-07-03,NL,6,
urb23,645,cultivar,2018-07-03,NL,7,Ldmg at top
urb23,81,cultivar,2018-07-03,NL,8,
urb24,133,cultivar,2018-07-03,NL,5,
urb24,160,cultivar,2018-07-03,NL,6,
urb24,169,cultivar,2018-07-03,NL,6,
urb24,209,cultivar,2018-07-03,NL,8,Wat
urb24,234,cultivar,2018-07-03,NL,5,BS
urb24,248,cultivar,2018-07-03,NL,5,
urb24,284,cultivar,2018-07-03,NL,5,Wat +bs
urb24,377,cultivar,2018-07-03,NL,5,wat+ ps +bs
urb24,431,cultivar,2018-07-03,NL,8,be
urb24,449,cultivar,2018-07-03,NL,6,
urb24,490,cultivar,2018-07-03,NL,6,wat + spider nearby
urb24,516,cultivar,2018-07-03,NL,6,
urb24,585,cultivar,2018-07-03,NL,5,bs+ Whitening on leaf
urb24,60,cultivar,2018-07-03,NL,5,
urb24,628,cultivar,2018-07-03,NL,5,
urb24,96,cultivar,2018-07-03,NL,5,
urb25,173,cultivar,2018-07-03,NL,4,LDEF + WS
urb25,192,cultivar,2018-07-03,NL,6,y
urb25,198,cultivar,2018-07-03,NL,6,
urb25,204,cultivar,2018-07-03,NL,7,WS
urb25,257,cultivar,2018-07-03,NL,5,wat+ bs
urb25,274,cultivar,2018-07-03,NL,4,bs+wat
urb25,335,cultivar,2018-07-03,NL,7,
urb25,344,cultivar,2018-07-03,NL,5,y+ wl
urb25,348,cultivar,2018-07-03,NL,6,Wat
urb25,371,cultivar,2018-07-03,NL,6,wat
urb25,374,cultivar,2018-07-03,NL,5,bs
urb25,403,cultivar,2018-07-03,NL,6,
urb25,412,cultivar,2018-07-03,NL,6,ws
urb25,415,cultivar,2018-07-03,NL,4,ws
urb25,442,cultivar,2018-07-03,NL,4,rv
urb25,452,cultivar,2018-07-03,NL,6,
urb25,458,cultivar,2018-07-03,NL,4,
urb25,478,cultivar,2018-07-03,NL,4,
urb25,486,cultivar,2018-07-03,NL,8,spider + Ldeform
urb25,518,cultivar,2018-07-03,NL,5,bs
urb25,590,cultivar,2018-07-03,NL,8,folded leaf
urb25,88,cultivar,2018-07-03,NL,5,
urb26,104,cultivar,2018-07-03,NL,3,WL + Plant at soil level
urb26,109,cultivar,2018-07-03,NL,4,RV
urb26,180,cultivar,2018-07-03,NL,6,
urb26,268,cultivar,2018-07-03,NL,6,bs
urb26,273,cultivar,2018-07-03,NL,6,wam
urb26,320,cultivar,2018-07-03,NL,6,rv
urb26,356,cultivar,2018-07-03,NL,5,
urb26,386,cultivar,2018-07-03,NL,6,bs
urb26,392,cultivar,2018-07-03,NL,7,y
urb26,427,cultivar,2018-07-03,NL,6,bs+wam
urb26,502,cultivar,2018-07-03,NL,7,rv
urb26,525,cultivar,2018-07-03,NL,4,
urb26,551,cultivar,2018-07-03,NL,7,
urb26,578,cultivar,2018-07-03,NL,5,
urb26,624,cultivar,2018-07-03,NL,7,
urb26,633,cultivar,2018-07-03,NL,5,
urb26,661,cultivar,2018-07-03,NL,6,
urb28,103,cultivar,2018-07-03,NL,7,
urb28,118,cultivar,2018-07-03,NL,7,
urb28,171,cultivar,2018-07-03,NL,6,BS
urb28,205,cultivar,2018-07-03,NL,8,RV
urb28,240,cultivar,2018-07-03,NL,5,BS +WAT
urb28,27,cultivar,2018-07-03,NL,5,
urb28,295,cultivar,2018-07-03,NL,7,rv
urb28,318,cultivar,2018-07-03,NL,5,bs+wl
urb28,342,cultivar,2018-07-03,NL,6,bs
urb28,369,cultivar,2018-07-03,NL,8,wat
urb28,387,cultivar,2018-07-03,NL,6,wat +spider
urb28,39,cultivar,2018-07-03,NL,7,
urb28,474,cultivar,2018-07-03,NL,6,Rv + leaf damage
urb28,49,cultivar,2018-07-03,NL,6,
urb28,50,cultivar,2018-07-03,NL,8,
urb28,506,cultivar,2018-07-03,NL,6,bs+ Ldeform
urb28,512,cultivar,2018-07-03,NL,6,bs
urb28,541,cultivar,2018-07-03,NL,7,be+ bs
urb28,62,cultivar,2018-07-03,NL,6,RV
urb28,660,cultivar,2018-07-03,NL,6,bt
urb28,75,cultivar,2018-07-03,NL,5,
urb28,77,cultivar,2018-07-03,NL,6,WAM + H
urb29,113,cultivar,2018-07-03,NL,4,
urb29,124,cultivar,2018-07-03,NL,8,RV
urb29,127,cultivar,2018-07-03,NL,5,LD+BT
urb29,158,cultivar,2018-07-03,NL,6,WL +bs
urb29,165,cultivar,2018-07-03,NL,6,
urb29,170,cultivar,2018-07-03,NL,3,
urb29,363,cultivar,2018-07-03,NL,6,h
urb29,394,cultivar,2018-07-03,NL,6,h
urb29,400,cultivar,2018-07-03,NL,8,rv
urb29,504,cultivar,2018-07-03,NL,8,dirt on leaves
urb29,552,cultivar,2018-07-03,NL,8,wat + bs
urb31,108,cultivar,2018-07-03,NL,7,Br
urb31,220,cultivar,2018-07-03,NL,8,WAT+bs
urb31,231,cultivar,2018-07-03,NL,8,WAT + Y
urb31,233,cultivar,2018-07-03,NL,6,
urb31,247,cultivar,2018-07-03,NL,6,
urb31,308,cultivar,2018-07-03,NL,9,wat
urb31,346,cultivar,2018-07-03,NL,5,WL
urb31,372,cultivar,2018-07-03,NL,8,
urb31,434,cultivar,2018-07-03,NL,8,
urb31,460,cultivar,2018-07-03,NL,6,y+bs
urb31,48,cultivar,2018-07-03,NL,6,H
urb31,481,cultivar,2018-07-03,NL,10,shriv@ top
urb31,495,cultivar,2018-07-03,NL,6,rv + ants + withered
urb31,514,cultivar,2018-07-03,NL,7,wam+bs
urb31,539,cultivar,2018-07-03,NL,8,wat
urb31,55,cultivar,2018-07-03,NL,4,
urb31,576,cultivar,2018-07-03,NL,6,wat
urb31,588,cultivar,2018-07-03,NL,9,ws + y
urb31,59,cultivar,2018-07-03,NL,6,
urb31,612,cultivar,2018-07-03,NL,6,y
urb31,63,cultivar,2018-07-03,NL,8,
urb31,644,cultivar,2018-07-03,NL,1,
urb31,91,cultivar,2018-07-03,NL,4,W+ Soggy Pot
urb32,189,cultivar,2018-07-03,NL,8,Y+bs
urb32,208,cultivar,2018-07-03,NL,8,WAm+bs
urb32,264,cultivar,2018-07-03,NL,4,BS
urb32,336,cultivar,2018-07-03,NL,5,PS
urb32,350,cultivar,2018-07-03,NL,6,
urb32,366,cultivar,2018-07-03,NL,8,h
urb32,378,cultivar,2018-07-03,NL,5,ps +rv
urb32,379,cultivar,2018-07-03,NL,7,bs
urb32,382,cultivar,2018-07-03,NL,6,y
urb32,390,cultivar,2018-07-03,NL,7,rv
urb32,42,cultivar,2018-07-03,NL,6,
urb32,420,cultivar,2018-07-03,NL,8,y+wat
urb32,45,cultivar,2018-07-03,NL,6,
urb32,53,cultivar,2018-07-03,NL,8,WAM
urb32,550,cultivar,2018-07-03,NL,8,bt
urb32,618,cultivar,2018-07-03,NL,6,RV  +Bt
urb32,635,cultivar,2018-07-03,NL,8,Ldmg at top
urb32,64,cultivar,2018-07-03,NL,5,BS
urb32,658,cultivar,2018-07-03,NL,4,
urb32,72,cultivar,2018-07-03,NL,6,
nat18,326,native,2018-07-17,NL,4,
nat18,480,native,2018-07-17,NL,2,
nat18,632,native,2018-07-17,NL,2,
nat19,100,native,2018-07-17,NL,4,
nat19,183,native,2018-07-17,NL,1,
nat19,185,native,2018-07-17,NL,4,
nat19,190,native,2018-07-17,NL,3,
nat19,202,native,2018-07-17,NL,1,
nat19,22,native,2018-07-17,NL,4,
nat19,223,native,2018-07-17,NL,6,
nat19,224,native,2018-07-17,NL,4,
nat19,270,native,2018-07-17,NL,4,
nat19,275,native,2018-07-17,NL,4,
nat19,296,native,2018-07-17,NL,2,
nat19,33,native,2018-07-17,NL,3,
nat19,355,native,2018-07-17,NL,4,
nat19,364,native,2018-07-17,NL,4,
nat19,375,native,2018-07-17,NL,4,
nat19,397,native,2018-07-17,NL,4,
nat19,398,native,2018-07-17,NL,0,
nat19,40,native,2018-07-17,NL,4,
nat19,430,native,2018-07-17,NL,6,
nat19,46,native,2018-07-17,NL,3,
nat19,468,native,2018-07-17,NL,3,
nat19,482,native,2018-07-17,NL,4,
nat19,513,native,2018-07-17,NL,4,
nat19,538,native,2018-07-17,NL,4,
nat19,557,native,2018-07-17,NL,4,
nat19,571,native,2018-07-17,NL,2,
nat19,596,native,2018-07-17,NL,3,
nat19,606,native,2018-07-17,NL,4,
nat19,611,native,2018-07-17,NL,4,
nat19,616,native,2018-07-17,NL,4,
nat19,627,native,2018-07-17,NL,6,
nat19,631,native,2018-07-17,NL,4,
nat19,642,native,2018-07-17,NL,2,
nat19,65,native,2018-07-17,NL,4,
nat19,657,native,2018-07-17,NL,4,
nat19,659,native,2018-07-17,NL,4,
nat19,74,native,2018-07-17,NL,4,
nat19,76,native,2018-07-17,NL,4,
nat20,301,native,2018-07-17,NL,5,
nat20,440,native,2018-07-17,NL,2,
nat20,446,native,2018-07-17,NL,2,
nat20,473,native,2018-07-17,NL,4,
nat20,519,native,2018-07-17,NL,4,
nat20,605,native,2018-07-17,NL,4,
nat20,615,native,2018-07-17,NL,4,
nat21,332,native,2018-07-17,NL,6,
nat21,333,native,2018-07-17,NL,2,
nat21,358,native,2018-07-17,NL,5,
nat21,422,native,2018-07-17,NL,4,
nat21,500,native,2018-07-17,NL,2,
nat21,527,native,2018-07-17,NL,4,
nat21,568,native,2018-07-17,NL,5,
nat21,573,native,2018-07-17,NL,4,
nat21,68,native,2018-07-17,NL,4,
nat22,101,native,2018-07-17,NL,6,
nat22,119,native,2018-07-17,NL,3,
nat22,142,native,2018-07-17,NL,4,
nat22,176,native,2018-07-17,NL,4,
nat22,191,native,2018-07-17,NL,3,
nat22,199,native,2018-07-17,NL,4,
nat22,25,native,2018-07-17,NL,3,
nat22,254,native,2018-07-17,NL,4,
nat22,353,native,2018-07-17,NL,3,
nat22,505,native,2018-07-17,NL,4,
nat22,535,native,2018-07-17,NL,6,
nat22,6,native,2018-07-17,NL,3,
nat22,609,native,2018-07-17,NL,5,
nat22,638,native,2018-07-17,NL,6,
nat23,2,native,2018-07-17,NL,6,
nat23,216,native,2018-07-17,NL,4,
nat23,244,native,2018-07-17,NL,4,
nat23,259,native,2018-07-17,NL,6,
nat23,334,native,2018-07-17,NL,2,
nat23,380,native,2018-07-17,NL,4,
nat23,501,native,2018-07-17,NL,3,
nat23,575,native,2018-07-17,NL,1,
nat24,147,native,2018-07-17,NL,4,
nat24,485,native,2018-07-17,NL,4,
nat24,489,native,2018-07-17,NL,4,
nat24,8,native,2018-07-17,NL,2,
nat24,90,native,2018-07-17,NL,4,
nat25,187,native,2018-07-17,NL,4,
nat25,299,native,2018-07-17,NL,3,
nat25,433,native,2018-07-17,NL,4,
nat25,520,native,2018-07-17,NL,4,
nat25,537,native,2018-07-17,NL,6,
nat25,582,native,2018-07-17,NL,6,
nat25,613,native,2018-07-17,NL,4,
nat26,151,native,2018-07-17,NL,6,
nat26,16,native,2018-07-17,NL,2,
nat26,182,native,2018-07-17,NL,6,
nat26,269,native,2018-07-17,NL,2,
nat26,310,native,2018-07-17,NL,3,
nat26,338,native,2018-07-17,NL,2,
nat26,345,native,2018-07-17,NL,4,
nat26,373,native,2018-07-17,NL,6,
nat26,402,native,2018-07-17,NL,2,
nat26,414,native,2018-07-17,NL,4,
nat26,424,native,2018-07-17,NL,5,
nat26,47,native,2018-07-17,NL,4,
nat26,471,native,2018-07-17,NL,4,
nat26,524,native,2018-07-17,NL,6,
nat26,561,native,2018-07-17,NL,3,
nat26,625,native,2018-07-17,NL,6,
nat27,141,native,2018-07-17,NL,2,
nat27,152,native,2018-07-17,NL,4,
nat27,181,native,2018-07-17,NL,4,
nat27,206,native,2018-07-17,NL,4,
nat27,23,native,2018-07-17,NL,4,
nat27,260,native,2018-07-17,NL,4,
nat27,263,native,2018-07-17,NL,4,
nat27,341,native,2018-07-17,NL,2,
nat27,347,native,2018-07-17,NL,4,
nat27,4,native,2018-07-17,NL,4,
nat27,406,native,2018-07-17,NL,3,
nat27,455,native,2018-07-17,NL,2,
nat27,517,native,2018-07-17,NL,6,
nat27,57,native,2018-07-17,NL,4,
nat27,655,native,2018-07-17,NL,4,
nat28,219,native,2018-07-17,NL,2,
nat28,304,native,2018-07-17,NL,0,
nat28,351,native,2018-07-17,NL,4,
nat28,448,native,2018-07-17,NL,0,
nat28,543,native,2018-07-17,NL,3,
nat28,598,native,2018-07-17,NL,4,
nat29,122,native,2018-07-17,NL,4,
nat29,137,native,2018-07-17,NL,3,
nat29,139,native,2018-07-17,NL,3,
nat29,153,native,2018-07-17,NL,4,
nat29,188,native,2018-07-17,NL,4,
nat29,194,native,2018-07-17,NL,2,
nat29,401,native,2018-07-17,NL,3,
nat29,423,native,2018-07-17,NL,4,
nat29,479,native,2018-07-17,NL,4,
nat29,5,native,2018-07-17,NL,6,
nat29,544,native,2018-07-17,NL,4,
nat29,565,native,2018-07-17,NL,3,
nat29,620,native,2018-07-17,NL,2,
nat29,99,native,2018-07-17,NL,4,
nat30,14,native,2018-07-17,NL,4,
nat30,429,native,2018-07-17,NL,6,
nat30,451,native,2018-07-17,NL,4,
nat30,592,native,2018-07-17,NL,2,
nat30,594,native,2018-07-17,NL,4,
nat30,650,native,2018-07-17,NL,2,
nat30,653,native,2018-07-17,NL,2,
nat31,225,native,2018-07-17,NL,4,
nat31,279,native,2018-07-17,NL,6,
nat31,646,native,2018-07-17,NL,6,
nat32,138,native,2018-07-17,NL,2,
nat32,172,native,2018-07-17,NL,2,
nat32,197,native,2018-07-17,NL,2,
nat32,214,native,2018-07-17,NL,6,
nat32,303,native,2018-07-17,NL,4,
nat32,360,native,2018-07-17,NL,5,
nat32,385,native,2018-07-17,NL,3,
nat32,463,native,2018-07-17,NL,6,
nat32,469,native,2018-07-17,NL,6,
nat33,297,native,2018-07-17,NL,4,
nat33,352,native,2018-07-17,NL,6,
nat33,365,native,2018-07-17,NL,3,
urb01,10,cultivar,2018-07-17,NL,1,
urb01,184,cultivar,2018-07-17,NL,6,
urb01,200,cultivar,2018-07-17,NL,4,
urb01,203,cultivar,2018-07-17,NL,4,
urb01,242,cultivar,2018-07-17,NL,4,
urb01,253,cultivar,2018-07-17,NL,6,
urb01,314,cultivar,2018-07-17,NL,4,
urb01,339,cultivar,2018-07-17,NL,5,
urb01,450,cultivar,2018-07-17,NL,8,
urb01,476,cultivar,2018-07-17,NL,6,
urb01,599,cultivar,2018-07-17,NL,6,
urb01,619,cultivar,2018-07-17,NL,3,
urb01,634,cultivar,2018-07-17,NL,6,
urb01,85,cultivar,2018-07-17,NL,4,
urb03,129,cultivar,2018-07-17,NL,6,
urb03,238,cultivar,2018-07-17,NL,2,
urb03,239,cultivar,2018-07-17,NL,6,
urb03,26,cultivar,2018-07-17,NL,4,
urb03,287,cultivar,2018-07-17,NL,6,
urb03,357,cultivar,2018-07-17,NL,6,
urb03,421,cultivar,2018-07-17,NL,4,
urb03,425,cultivar,2018-07-17,NL,4,
urb03,426,cultivar,2018-07-17,NL,4,
urb03,435,cultivar,2018-07-17,NL,6,
urb03,438,cultivar,2018-07-17,NL,6,
urb03,439,cultivar,2018-07-17,NL,4,
urb03,443,cultivar,2018-07-17,NL,2,
urb03,454,cultivar,2018-07-17,NL,3,
urb03,457,cultivar,2018-07-17,NL,4,
urb03,461,cultivar,2018-07-17,NL,2,
urb03,467,cultivar,2018-07-17,NL,2,
urb03,494,cultivar,2018-07-17,NL,3,
urb03,51,cultivar,2018-07-17,NL,6,
urb03,522,cultivar,2018-07-17,NL,4,
urb03,536,cultivar,2018-07-17,NL,4,
urb03,549,cultivar,2018-07-17,NL,3,
urb03,563,cultivar,2018-07-17,NL,6,
urb03,595,cultivar,2018-07-17,NL,6,
urb03,641,cultivar,2018-07-17,NL,6,
urb03,69,cultivar,2018-07-17,NL,6,
urb03,78,cultivar,2018-07-17,NL,4,
urb03,89,cultivar,2018-07-17,NL,1,
urb04,111,cultivar,2018-07-17,NL,4,
urb04,19,cultivar,2018-07-17,NL,2,
urb04,196,cultivar,2018-07-17,NL,4,
urb04,237,cultivar,2018-07-17,NL,6,
urb04,278,cultivar,2018-07-17,NL,4,
urb04,289,cultivar,2018-07-17,NL,3,
urb04,31,cultivar,2018-07-17,NL,4,
urb04,329,cultivar,2018-07-17,NL,4,
urb04,354,cultivar,2018-07-17,NL,4,
urb04,361,cultivar,2018-07-17,NL,2,
urb04,404,cultivar,2018-07-17,NL,4,
urb04,408,cultivar,2018-07-17,NL,6,
urb04,43,cultivar,2018-07-17,NL,6,
urb04,44,cultivar,2018-07-17,NL,4,
urb04,472,cultivar,2018-07-17,NL,6,
urb04,491,cultivar,2018-07-17,NL,6,
urb04,511,cultivar,2018-07-17,NL,3,
urb04,526,cultivar,2018-07-17,NL,2,
urb04,556,cultivar,2018-07-17,NL,6,
urb04,597,cultivar,2018-07-17,NL,2,
urb04,622,cultivar,2018-07-17,NL,4,
urb04,636,cultivar,2018-07-17,NL,6,
urb04,649,cultivar,2018-07-17,NL,6,
urb04,95,cultivar,2018-07-17,NL,3,
urb07,106,cultivar,2018-07-17,NL,6,
urb07,125,cultivar,2018-07-17,NL,2,
urb07,167,cultivar,2018-07-17,NL,4,
urb07,232,cultivar,2018-07-17,NL,2,
urb07,286,cultivar,2018-07-17,NL,2,
urb07,290,cultivar,2018-07-17,NL,4,
urb07,3,cultivar,2018-07-17,NL,4,
urb07,302,cultivar,2018-07-17,NL,6,
urb07,337,cultivar,2018-07-17,NL,5,
urb07,367,cultivar,2018-07-17,NL,6,
urb07,370,cultivar,2018-07-17,NL,4,
urb07,38,cultivar,2018-07-17,NL,6,
urb07,413,cultivar,2018-07-17,NL,4,
urb07,417,cultivar,2018-07-17,NL,2,
urb07,444,cultivar,2018-07-17,NL,4,
urb07,456,cultivar,2018-07-17,NL,6,
urb07,54,cultivar,2018-07-17,NL,4,
urb07,555,cultivar,2018-07-17,NL,1,
urb07,567,cultivar,2018-07-17,NL,4,
urb07,574,cultivar,2018-07-17,NL,4,
urb07,581,cultivar,2018-07-17,NL,4,
urb07,586,cultivar,2018-07-17,NL,2,
urb07,92,cultivar,2018-07-17,NL,2,
urb09,1,cultivar,2018-07-17,NL,6,
urb09,107,cultivar,2018-07-17,NL,4,
urb09,11,cultivar,2018-07-17,NL,6,
urb09,112,cultivar,2018-07-17,NL,6,
urb09,123,cultivar,2018-07-17,NL,6,
urb09,13,cultivar,2018-07-17,NL,6,
urb09,130,cultivar,2018-07-17,NL,8,
urb09,136,cultivar,2018-07-17,NL,6,
urb09,161,cultivar,2018-07-17,NL,6,
urb09,166,cultivar,2018-07-17,NL,6,
urb09,168,cultivar,2018-07-17,NL,3,
urb09,21,cultivar,2018-07-17,NL,6,
urb09,235,cultivar,2018-07-17,NL,6,
urb09,281,cultivar,2018-07-17,NL,6,
urb09,306,cultivar,2018-07-17,NL,6,
urb09,323,cultivar,2018-07-17,NL,4,
urb09,368,cultivar,2018-07-17,NL,10,
urb09,381,cultivar,2018-07-17,NL,6,
urb09,384,cultivar,2018-07-17,NL,6,
urb09,407,cultivar,2018-07-17,NL,6,
urb09,493,cultivar,2018-07-17,NL,6,
urb09,508,cultivar,2018-07-17,NL,6,
urb09,540,cultivar,2018-07-17,NL,6,
urb09,554,cultivar,2018-07-17,NL,8,
urb09,579,cultivar,2018-07-17,NL,6,
urb09,623,cultivar,2018-07-17,NL,4,
urb10,201,cultivar,2018-07-17,NL,4,
urb10,475,cultivar,2018-07-17,NL,8,
urb10,507,cultivar,2018-07-17,NL,4,
urb10,523,cultivar,2018-07-17,NL,6,
urb10,530,cultivar,2018-07-17,NL,4,
urb10,547,cultivar,2018-07-17,NL,4,
urb10,562,cultivar,2018-07-17,NL,6,
urb10,572,cultivar,2018-07-17,NL,3,
urb10,602,cultivar,2018-07-17,NL,4,
urb10,83,cultivar,2018-07-17,NL,4,
urb10,97,cultivar,2018-07-17,NL,6,
urb10,98,cultivar,2018-07-17,NL,4,
urb11,110,cultivar,2018-07-17,NL,8,
urb11,121,cultivar,2018-07-17,NL,4,
urb11,134,cultivar,2018-07-17,NL,6,
urb11,145,cultivar,2018-07-17,NL,2,
urb11,149,cultivar,2018-07-17,NL,4,
urb11,20,cultivar,2018-07-17,NL,6,
urb11,229,cultivar,2018-07-17,NL,4,
urb11,261,cultivar,2018-07-17,NL,7,
urb11,325,cultivar,2018-07-17,NL,6,
urb11,327,cultivar,2018-07-17,NL,5,
urb11,343,cultivar,2018-07-17,NL,6,
urb11,391,cultivar,2018-07-17,NL,6,
urb11,498,cultivar,2018-07-17,NL,6,
urb11,510,cultivar,2018-07-17,NL,5,
urb11,553,cultivar,2018-07-17,NL,6,
urb11,583,cultivar,2018-07-17,NL,6,
urb11,591,cultivar,2018-07-17,NL,6,
urb11,610,cultivar,2018-07-17,NL,4,
urb12,140,cultivar,2018-07-17,NL,2,
urb12,148,cultivar,2018-07-17,NL,5,
urb12,164,cultivar,2018-07-17,NL,2,
urb12,193,cultivar,2018-07-17,NL,4,
urb12,210,cultivar,2018-07-17,NL,8,
urb12,227,cultivar,2018-07-17,NL,2,
urb12,246,cultivar,2018-07-17,NL,2,
urb12,256,cultivar,2018-07-17,NL,6,
urb12,262,cultivar,2018-07-17,NL,2,
urb12,266,cultivar,2018-07-17,NL,4,
urb12,294,cultivar,2018-07-17,NL,6,
urb12,319,cultivar,2018-07-17,NL,4,
urb12,32,cultivar,2018-07-17,NL,5,
urb12,324,cultivar,2018-07-17,NL,3,
urb12,36,cultivar,2018-07-17,NL,3,
urb12,437,cultivar,2018-07-17,NL,4,
urb12,462,cultivar,2018-07-17,NL,1,
urb12,465,cultivar,2018-07-17,NL,6,
urb12,496,cultivar,2018-07-17,NL,0,
urb12,593,cultivar,2018-07-17,NL,6,
urb12,639,cultivar,2018-07-17,NL,6,
urb12,640,cultivar,2018-07-17,NL,6,
urb12,66,cultivar,2018-07-17,NL,2,
urb13,12,cultivar,2018-07-17,NL,8,
urb13,120,cultivar,2018-07-17,NL,3,
urb13,156,cultivar,2018-07-17,NL,6,
urb13,245,cultivar,2018-07-17,NL,2,
urb13,258,cultivar,2018-07-17,NL,4,
urb13,277,cultivar,2018-07-17,NL,6,
urb13,292,cultivar,2018-07-17,NL,1,
urb13,315,cultivar,2018-07-17,NL,4,
urb13,411,cultivar,2018-07-17,NL,3,
urb13,531,cultivar,2018-07-17,NL,2,
urb13,637,cultivar,2018-07-17,NL,3,
urb13,654,cultivar,2018-07-17,NL,8,
urb13,7,cultivar,2018-07-17,NL,4,
urb13,82,cultivar,2018-07-17,NL,6,
urb14,117,cultivar,2018-07-17,NL,2,
urb14,126,cultivar,2018-07-17,NL,5,
urb14,157,cultivar,2018-07-17,NL,5,
urb14,162,cultivar,2018-07-17,NL,4,
urb14,163,cultivar,2018-07-17,NL,8,
urb14,18,cultivar,2018-07-17,NL,3,
urb14,217,cultivar,2018-07-17,NL,5,
urb14,265,cultivar,2018-07-17,NL,6,
urb14,293,cultivar,2018-07-17,NL,3,
urb14,35,cultivar,2018-07-17,NL,4,
urb14,395,cultivar,2018-07-17,NL,5,
urb14,428,cultivar,2018-07-17,NL,5,
urb14,441,cultivar,2018-07-17,NL,6,
urb14,453,cultivar,2018-07-17,NL,4,
urb14,488,cultivar,2018-07-17,NL,4,
urb14,497,cultivar,2018-07-17,NL,3,
urb14,499,cultivar,2018-07-17,NL,4,
urb14,529,cultivar,2018-07-17,NL,3,
urb14,587,cultivar,2018-07-17,NL,3,
urb14,600,cultivar,2018-07-17,NL,3,
urb14,603,cultivar,2018-07-17,NL,4,
urb14,652,cultivar,2018-07-17,NL,4,
urb14,9,cultivar,2018-07-17,NL,4,
urb17,207,cultivar,2018-07-17,NL,4,
urb17,213,cultivar,2018-07-17,NL,6,
urb17,250,cultivar,2018-07-17,NL,5,
urb17,276,cultivar,2018-07-17,NL,3,
urb17,280,cultivar,2018-07-17,NL,3,
urb17,300,cultivar,2018-07-17,NL,6,
urb17,311,cultivar,2018-07-17,NL,6,
urb17,410,cultivar,2018-07-17,NL,5,
urb17,546,cultivar,2018-07-17,NL,5,
urb17,570,cultivar,2018-07-17,NL,1,
urb17,617,cultivar,2018-07-17,NL,8,
urb17,621,cultivar,2018-07-17,NL,2,
urb17,643,cultivar,2018-07-17,NL,4,
urb17,70,cultivar,2018-07-17,NL,6,
urb17,80,cultivar,2018-07-17,NL,4,
urb17,87,cultivar,2018-07-17,NL,4,
urb18,155,cultivar,2018-07-17,NL,6,
urb18,221,cultivar,2018-07-17,NL,1,
urb18,252,cultivar,2018-07-17,NL,2,
urb18,330,cultivar,2018-07-17,NL,6,
urb18,416,cultivar,2018-07-17,NL,6,
urb18,459,cultivar,2018-07-17,NL,2,
urb18,470,cultivar,2018-07-17,NL,4,
urb18,483,cultivar,2018-07-17,NL,4,
urb18,509,cultivar,2018-07-17,NL,2,
urb18,52,cultivar,2018-07-17,NL,3,
urb18,651,cultivar,2018-07-17,NL,4,
urb23,132,cultivar,2018-07-17,NL,2,
urb23,143,cultivar,2018-07-17,NL,5,
urb23,178,cultivar,2018-07-17,NL,4,
urb23,228,cultivar,2018-07-17,NL,3,
urb23,24,cultivar,2018-07-17,NL,4,
urb23,29,cultivar,2018-07-17,NL,3,
urb23,313,cultivar,2018-07-17,NL,2,
urb23,316,cultivar,2018-07-17,NL,3,
urb23,418,cultivar,2018-07-17,NL,5,
urb23,528,cultivar,2018-07-17,NL,3,
urb23,542,cultivar,2018-07-17,NL,6,
urb23,58,cultivar,2018-07-17,NL,2,
urb23,601,cultivar,2018-07-17,NL,5,
urb23,604,cultivar,2018-07-17,NL,4,
urb23,645,cultivar,2018-07-17,NL,3,
urb23,81,cultivar,2018-07-17,NL,8,
urb24,133,cultivar,2018-07-17,NL,4,
urb24,160,cultivar,2018-07-17,NL,4,
urb24,169,cultivar,2018-07-17,NL,4,
urb24,209,cultivar,2018-07-17,NL,5,
urb24,234,cultivar,2018-07-17,NL,4,
urb24,248,cultivar,2018-07-17,NL,4,
urb24,284,cultivar,2018-07-17,NL,2,
urb24,377,cultivar,2018-07-17,NL,3,
urb24,431,cultivar,2018-07-17,NL,3,
urb24,449,cultivar,2018-07-17,NL,4,
urb24,490,cultivar,2018-07-17,NL,2,
urb24,516,cultivar,2018-07-17,NL,6,
urb24,585,cultivar,2018-07-17,NL,3,
urb24,60,cultivar,2018-07-17,NL,4,
urb24,628,cultivar,2018-07-17,NL,4,
urb24,96,cultivar,2018-07-17,NL,3,
urb25,173,cultivar,2018-07-17,NL,4,
urb25,192,cultivar,2018-07-17,NL,4,
urb25,198,cultivar,2018-07-17,NL,4,
urb25,204,cultivar,2018-07-17,NL,3,
urb25,257,cultivar,2018-07-17,NL,2,
urb25,274,cultivar,2018-07-17,NL,1,
urb25,335,cultivar,2018-07-17,NL,6,
urb25,344,cultivar,2018-07-17,NL,1,
urb25,348,cultivar,2018-07-17,NL,0,
urb25,371,cultivar,2018-07-17,NL,4,
urb25,374,cultivar,2018-07-17,NL,7,
urb25,403,cultivar,2018-07-17,NL,2,
urb25,412,cultivar,2018-07-17,NL,4,
urb25,415,cultivar,2018-07-17,NL,4,
urb25,442,cultivar,2018-07-17,NL,4,
urb25,452,cultivar,2018-07-17,NL,4,
urb25,458,cultivar,2018-07-17,NL,4,
urb25,478,cultivar,2018-07-17,NL,4,
urb25,486,cultivar,2018-07-17,NL,6,
urb25,518,cultivar,2018-07-17,NL,4,
urb25,590,cultivar,2018-07-17,NL,6,
urb25,88,cultivar,2018-07-17,NL,4,
urb26,104,cultivar,2018-07-17,NL,2,
urb26,109,cultivar,2018-07-17,NL,1,
urb26,180,cultivar,2018-07-17,NL,4,
urb26,268,cultivar,2018-07-17,NL,6,
urb26,273,cultivar,2018-07-17,NL,4,
urb26,320,cultivar,2018-07-17,NL,6,
urb26,356,cultivar,2018-07-17,NL,4,
urb26,386,cultivar,2018-07-17,NL,4,
urb26,392,cultivar,2018-07-17,NL,4,
urb26,427,cultivar,2018-07-17,NL,6,
urb26,502,cultivar,2018-07-17,NL,6,
urb26,525,cultivar,2018-07-17,NL,6,
urb26,551,cultivar,2018-07-17,NL,5,
urb26,578,cultivar,2018-07-17,NL,6,
urb26,624,cultivar,2018-07-17,NL,6,
urb26,633,cultivar,2018-07-17,NL,4,
urb26,661,cultivar,2018-07-17,NL,4,
urb28,103,cultivar,2018-07-17,NL,5,
urb28,118,cultivar,2018-07-17,NL,6,
urb28,171,cultivar,2018-07-17,NL,9,
urb28,205,cultivar,2018-07-17,NL,4,
urb28,240,cultivar,2018-07-17,NL,2,
urb28,27,cultivar,2018-07-17,NL,3,
urb28,295,cultivar,2018-07-17,NL,6,
urb28,318,cultivar,2018-07-17,NL,0,
urb28,342,cultivar,2018-07-17,NL,4,
urb28,369,cultivar,2018-07-17,NL,3,
urb28,387,cultivar,2018-07-17,NL,2,
urb28,39,cultivar,2018-07-17,NL,5,
urb28,474,cultivar,2018-07-17,NL,6,
urb28,49,cultivar,2018-07-17,NL,6,
urb28,50,cultivar,2018-07-17,NL,4,
urb28,506,cultivar,2018-07-17,NL,3,
urb28,512,cultivar,2018-07-17,NL,4,
urb28,541,cultivar,2018-07-17,NL,3,
urb28,62,cultivar,2018-07-17,NL,4,
urb28,660,cultivar,2018-07-17,NL,4,
urb28,75,cultivar,2018-07-17,NL,4,
urb28,77,cultivar,2018-07-17,NL,0,
urb29,113,cultivar,2018-07-17,NL,4,
urb29,124,cultivar,2018-07-17,NL,6,
urb29,127,cultivar,2018-07-17,NL,3,
urb29,158,cultivar,2018-07-17,NL,2,
urb29,165,cultivar,2018-07-17,NL,6,
urb29,170,cultivar,2018-07-17,NL,0,
urb29,363,cultivar,2018-07-17,NL,5,
urb29,394,cultivar,2018-07-17,NL,4,
urb29,400,cultivar,2018-07-17,NL,8,
urb29,504,cultivar,2018-07-17,NL,6,
urb29,552,cultivar,2018-07-17,NL,4,
urb31,108,cultivar,2018-07-17,NL,5,
urb31,220,cultivar,2018-07-17,NL,3,
urb31,231,cultivar,2018-07-17,NL,6,
urb31,233,cultivar,2018-07-17,NL,4,
urb31,247,cultivar,2018-07-17,NL,3,
urb31,308,cultivar,2018-07-17,NL,4,
urb31,346,cultivar,2018-07-17,NL,2,
urb31,372,cultivar,2018-07-17,NL,6,
urb31,434,cultivar,2018-07-17,NL,6,
urb31,460,cultivar,2018-07-17,NL,5,
urb31,48,cultivar,2018-07-17,NL,3,
urb31,481,cultivar,2018-07-17,NL,3,
urb31,495,cultivar,2018-07-17,NL,6,
urb31,514,cultivar,2018-07-17,NL,4,
urb31,539,cultivar,2018-07-17,NL,3,
urb31,55,cultivar,2018-07-17,NL,4,
urb31,576,cultivar,2018-07-17,NL,8,
urb31,588,cultivar,2018-07-17,NL,5,
urb31,59,cultivar,2018-07-17,NL,4,
urb31,612,cultivar,2018-07-17,NL,6,
urb31,63,cultivar,2018-07-17,NL,10,
urb31,644,cultivar,2018-07-17,NL,3,
urb31,91,cultivar,2018-07-17,NL,1,
urb32,189,cultivar,2018-07-17,NL,5,
urb32,208,cultivar,2018-07-17,NL,7,
urb32,264,cultivar,2018-07-17,NL,4,
urb32,336,cultivar,2018-07-17,NL,3,
urb32,350,cultivar,2018-07-17,NL,6,
urb32,366,cultivar,2018-07-17,NL,4,
urb32,378,cultivar,2018-07-17,NL,4,
urb32,379,cultivar,2018-07-17,NL,6,
urb32,382,cultivar,2018-07-17,NL,6,
urb32,390,cultivar,2018-07-17,NL,6,
urb32,42,cultivar,2018-07-17,NL,6,
urb32,420,cultivar,2018-07-17,NL,2,
urb32,45,cultivar,2018-07-17,NL,6,
urb32,53,cultivar,2018-07-17,NL,6,
urb32,550,cultivar,2018-07-17,NL,8,
urb32,618,cultivar,2018-07-17,NL,4,
urb32,635,cultivar,2018-07-17,NL,4,
urb32,64,cultivar,2018-07-17,NL,4,
urb32,658,cultivar,2018-07-17,NL,4,
urb32,72,cultivar,2018-07-17,NL,6,
nat18,326,native,2018-08-07,NL,5,
nat18,480,native,2018-08-07,NL,7,
nat18,632,native,2018-08-07,NL,4,
nat19,100,native,2018-08-07,NL,3,
nat19,183,native,2018-08-07,NL,2,
nat19,185,native,2018-08-07,NL,4,
nat19,190,native,2018-08-07,NL,3,
nat19,202,native,2018-08-07,NL,3,
nat19,22,native,2018-08-07,NL,4,
nat19,223,native,2018-08-07,NL,8,
nat19,224,native,2018-08-07,NL,3,
nat19,270,native,2018-08-07,NL,6,
nat19,275,native,2018-08-07,NL,4,
nat19,296,native,2018-08-07,NL,3,
nat19,33,native,2018-08-07,NL,2,
nat19,355,native,2018-08-07,NL,3,
nat19,364,native,2018-08-07,NL,4,
nat19,375,native,2018-08-07,NL,5,
nat19,397,native,2018-08-07,NL,3,
nat19,398,native,2018-08-07,NL,6,
nat19,430,native,2018-08-07,NL,6,
nat19,46,native,2018-08-07,NL,3,
nat19,468,native,2018-08-07,NL,5,
nat19,482,native,2018-08-07,NL,5,
nat19,513,native,2018-08-07,NL,4,
nat19,538,native,2018-08-07,NL,3,
nat19,557,native,2018-08-07,NL,3,
nat19,571,native,2018-08-07,NL,6,
nat19,596,native,2018-08-07,NL,6,
nat19,606,native,2018-08-07,NL,4,
nat19,611,native,2018-08-07,NL,5,
nat19,616,native,2018-08-07,NL,6,
nat19,627,native,2018-08-07,NL,7,
nat19,631,native,2018-08-07,NL,5,
nat19,642,native,2018-08-07,NL,4,
nat19,65,native,2018-08-07,NL,7,
nat19,657,native,2018-08-07,NL,4,
nat19,659,native,2018-08-07,NL,5,
nat19,74,native,2018-08-07,NL,5,
nat19,76,native,2018-08-07,NL,4,
nat20,301,native,2018-08-07,NL,4,
nat20,440,native,2018-08-07,NL,4,
nat20,446,native,2018-08-07,NL,3,
nat20,473,native,2018-08-07,NL,6,
nat20,519,native,2018-08-07,NL,5,
nat20,605,native,2018-08-07,NL,4,
nat20,615,native,2018-08-07,NL,8,
nat21,332,native,2018-08-07,NL,5,
nat21,333,native,2018-08-07,NL,4,
nat21,358,native,2018-08-07,NL,5,
nat21,422,native,2018-08-07,NL,6,
nat21,500,native,2018-08-07,NL,3,
nat21,527,native,2018-08-07,NL,4,
nat21,568,native,2018-08-07,NL,4,
nat21,573,native,2018-08-07,NL,8,
nat21,68,native,2018-08-07,NL,4,
nat22,101,native,2018-08-07,NL,7,
nat22,119,native,2018-08-07,NL,3,
nat22,142,native,2018-08-07,NL,5,
nat22,176,native,2018-08-07,NL,4,
nat22,191,native,2018-08-07,NL,2,
nat22,199,native,2018-08-07,NL,4,
nat22,25,native,2018-08-07,NL,2,
nat22,254,native,2018-08-07,NL,4,
nat22,353,native,2018-08-07,NL,4,
nat22,505,native,2018-08-07,NL,4,
nat22,535,native,2018-08-07,NL,8,
nat22,6,native,2018-08-07,NL,3,
nat22,609,native,2018-08-07,NL,6,
nat22,638,native,2018-08-07,NL,6,
nat23,2,native,2018-08-07,NL,7,
nat23,216,native,2018-08-07,NL,7,
nat23,244,native,2018-08-07,NL,4,
nat23,259,native,2018-08-07,NL,8,
nat23,334,native,2018-08-07,NL,6,
nat23,380,native,2018-08-07,NL,4,
nat23,501,native,2018-08-07,NL,3,
nat23,575,native,2018-08-07,NL,0,
nat24,147,native,2018-08-07,NL,4,
nat24,485,native,2018-08-07,NL,6,
nat24,489,native,2018-08-07,NL,5,
nat24,8,native,2018-08-07,NL,4,
nat24,90,native,2018-08-07,NL,4,
nat25,187,native,2018-08-07,NL,5,
nat25,299,native,2018-08-07,NL,4,
nat25,433,native,2018-08-07,NL,4,
nat25,520,native,2018-08-07,NL,5,
nat25,537,native,2018-08-07,NL,8,
nat25,582,native,2018-08-07,NL,8,
nat25,613,native,2018-08-07,NL,5,
nat26,151,native,2018-08-07,NL,10,
nat26,16,native,2018-08-07,NL,4,
nat26,182,native,2018-08-07,NL,6,
nat26,269,native,2018-08-07,NL,4,
nat26,310,native,2018-08-07,NL,4,
nat26,338,native,2018-08-07,NL,4,
nat26,345,native,2018-08-07,NL,4,
nat26,373,native,2018-08-07,NL,7,
nat26,402,native,2018-08-07,NL,4,
nat26,414,native,2018-08-07,NL,3,
nat26,424,native,2018-08-07,NL,6,
nat26,47,native,2018-08-07,NL,7,
nat26,471,native,2018-08-07,NL,8,
nat26,524,native,2018-08-07,NL,7,
nat26,561,native,2018-08-07,NL,5,
nat26,625,native,2018-08-07,NL,6,
nat27,141,native,2018-08-07,NL,1,
nat27,152,native,2018-08-07,NL,3,
nat27,181,native,2018-08-07,NL,6,
nat27,206,native,2018-08-07,NL,2,
nat27,23,native,2018-08-07,NL,4,
nat27,260,native,2018-08-07,NL,4,
nat27,263,native,2018-08-07,NL,3,
nat27,341,native,2018-08-07,NL,4,
nat27,347,native,2018-08-07,NL,5,
nat27,4,native,2018-08-07,NL,5,
nat27,406,native,2018-08-07,NL,4,
nat27,455,native,2018-08-07,NL,4,
nat27,517,native,2018-08-07,NL,4,
nat27,57,native,2018-08-07,NL,6,
nat27,655,native,2018-08-07,NL,2,
nat28,219,native,2018-08-07,NL,4,
nat28,304,native,2018-08-07,NL,2,
nat28,351,native,2018-08-07,NL,4,
nat28,448,native,2018-08-07,NL,2,
nat28,543,native,2018-08-07,NL,7,
nat28,598,native,2018-08-07,NL,5,
nat29,122,native,2018-08-07,NL,4,
nat29,137,native,2018-08-07,NL,1,
nat29,139,native,2018-08-07,NL,7,
nat29,153,native,2018-08-07,NL,4,
nat29,188,native,2018-08-07,NL,5,
nat29,194,native,2018-08-07,NL,4,
nat29,401,native,2018-08-07,NL,4,
nat29,423,native,2018-08-07,NL,3,
nat29,479,native,2018-08-07,NL,3,
nat29,5,native,2018-08-07,NL,8,
nat29,544,native,2018-08-07,NL,5,
nat29,565,native,2018-08-07,NL,4,
nat29,620,native,2018-08-07,NL,4,
nat29,99,native,2018-08-07,NL,6,
nat30,14,native,2018-08-07,NL,2,
nat30,429,native,2018-08-07,NL,4,
nat30,451,native,2018-08-07,NL,5,
nat30,592,native,2018-08-07,NL,1,
nat30,594,native,2018-08-07,NL,4,
nat30,650,native,2018-08-07,NL,4,
nat30,653,native,2018-08-07,NL,4,
nat31,225,native,2018-08-07,NL,3,
nat31,279,native,2018-08-07,NL,6,
nat31,646,native,2018-08-07,NL,6,
nat32,138,native,2018-08-07,NL,6,
nat32,172,native,2018-08-07,NL,3,
nat32,197,native,2018-08-07,NL,4,
nat32,214,native,2018-08-07,NL,6,
nat32,303,native,2018-08-07,NL,5,
nat32,360,native,2018-08-07,NL,5,
nat32,385,native,2018-08-07,NL,6,
nat32,463,native,2018-08-07,NL,6,
nat32,469,native,2018-08-07,NL,6,
nat33,297,native,2018-08-07,NL,5,
nat33,352,native,2018-08-07,NL,6,
nat33,365,native,2018-08-07,NL,3,
urb01,10,cultivar,2018-08-07,NL,3,
urb01,184,cultivar,2018-08-07,NL,5,
urb01,200,cultivar,2018-08-07,NL,6,
urb01,203,cultivar,2018-08-07,NL,6,
urb01,242,cultivar,2018-08-07,NL,4,
urb01,253,cultivar,2018-08-07,NL,7,
urb01,314,cultivar,2018-08-07,NL,6,
urb01,339,cultivar,2018-08-07,NL,4,
urb01,450,cultivar,2018-08-07,NL,14,
urb01,476,cultivar,2018-08-07,NL,4,
urb01,599,cultivar,2018-08-07,NL,8,
urb01,619,cultivar,2018-08-07,NL,4,
urb01,634,cultivar,2018-08-07,NL,7,
urb01,85,cultivar,2018-08-07,NL,4,
urb03,129,cultivar,2018-08-07,NL,12,
urb03,238,cultivar,2018-08-07,NL,2,
urb03,239,cultivar,2018-08-07,NL,10,
urb03,26,cultivar,2018-08-07,NL,6,
urb03,287,cultivar,2018-08-07,NL,7,
urb03,357,cultivar,2018-08-07,NL,10,
urb03,421,cultivar,2018-08-07,NL,6,
urb03,425,cultivar,2018-08-07,NL,5,
urb03,426,cultivar,2018-08-07,NL,6,
urb03,435,cultivar,2018-08-07,NL,6,
urb03,438,cultivar,2018-08-07,NL,7,
urb03,439,cultivar,2018-08-07,NL,6,
urb03,443,cultivar,2018-08-07,NL,3,
urb03,454,cultivar,2018-08-07,NL,4,
urb03,457,cultivar,2018-08-07,NL,6,
urb03,461,cultivar,2018-08-07,NL,2,
urb03,467,cultivar,2018-08-07,NL,4,
urb03,494,cultivar,2018-08-07,NL,4,
urb03,51,cultivar,2018-08-07,NL,7,
urb03,522,cultivar,2018-08-07,NL,4,
urb03,536,cultivar,2018-08-07,NL,4,
urb03,549,cultivar,2018-08-07,NL,4,
urb03,563,cultivar,2018-08-07,NL,8,
urb03,595,cultivar,2018-08-07,NL,12,
urb03,641,cultivar,2018-08-07,NL,8,
urb03,69,cultivar,2018-08-07,NL,6,
urb03,78,cultivar,2018-08-07,NL,4,
urb03,89,cultivar,2018-08-07,NL,3,
urb04,111,cultivar,2018-08-07,NL,6,
urb04,19,cultivar,2018-08-07,NL,4,
urb04,196,cultivar,2018-08-07,NL,3,
urb04,237,cultivar,2018-08-07,NL,6,
urb04,278,cultivar,2018-08-07,NL,3,
urb04,289,cultivar,2018-08-07,NL,2,
urb04,31,cultivar,2018-08-07,NL,6,
urb04,329,cultivar,2018-08-07,NL,6,
urb04,354,cultivar,2018-08-07,NL,7,
urb04,361,cultivar,2018-08-07,NL,4,
urb04,404,cultivar,2018-08-07,NL,5,
urb04,408,cultivar,2018-08-07,NL,12,
urb04,43,cultivar,2018-08-07,NL,4,
urb04,44,cultivar,2018-08-07,NL,6,
urb04,472,cultivar,2018-08-07,NL,6,
urb04,491,cultivar,2018-08-07,NL,5,
urb04,511,cultivar,2018-08-07,NL,3,
urb04,526,cultivar,2018-08-07,NL,6,
urb04,556,cultivar,2018-08-07,NL,2,
urb04,597,cultivar,2018-08-07,NL,2,
urb04,622,cultivar,2018-08-07,NL,5,
urb04,636,cultivar,2018-08-07,NL,6,
urb04,649,cultivar,2018-08-07,NL,6,
urb04,95,cultivar,2018-08-07,NL,5,
urb07,106,cultivar,2018-08-07,NL,6,
urb07,125,cultivar,2018-08-07,NL,2,
urb07,167,cultivar,2018-08-07,NL,5,
urb07,286,cultivar,2018-08-07,NL,4,
urb07,290,cultivar,2018-08-07,NL,6,
urb07,3,cultivar,2018-08-07,NL,6,
urb07,302,cultivar,2018-08-07,NL,6,
urb07,337,cultivar,2018-08-07,NL,5,
urb07,367,cultivar,2018-08-07,NL,9,
urb07,370,cultivar,2018-08-07,NL,5,
urb07,38,cultivar,2018-08-07,NL,5,
urb07,413,cultivar,2018-08-07,NL,5,
urb07,417,cultivar,2018-08-07,NL,1,
urb07,444,cultivar,2018-08-07,NL,6,
urb07,456,cultivar,2018-08-07,NL,10,
urb07,54,cultivar,2018-08-07,NL,4,
urb07,555,cultivar,2018-08-07,NL,2,
urb07,567,cultivar,2018-08-07,NL,5,
urb07,574,cultivar,2018-08-07,NL,4,
urb07,581,cultivar,2018-08-07,NL,4,
urb07,586,cultivar,2018-08-07,NL,3,
urb07,92,cultivar,2018-08-07,NL,4,
urb09,1,cultivar,2018-08-07,NL,6,
urb09,107,cultivar,2018-08-07,NL,8,
urb09,11,cultivar,2018-08-07,NL,6,
urb09,112,cultivar,2018-08-07,NL,10,
urb09,123,cultivar,2018-08-07,NL,7,
urb09,13,cultivar,2018-08-07,NL,8,
urb09,130,cultivar,2018-08-07,NL,11,
urb09,136,cultivar,2018-08-07,NL,8,
urb09,161,cultivar,2018-08-07,NL,5,
urb09,166,cultivar,2018-08-07,NL,8,
urb09,168,cultivar,2018-08-07,NL,5,
urb09,21,cultivar,2018-08-07,NL,9,
urb09,235,cultivar,2018-08-07,NL,10,
urb09,281,cultivar,2018-08-07,NL,6,
urb09,306,cultivar,2018-08-07,NL,6,
urb09,323,cultivar,2018-08-07,NL,8,
urb09,368,cultivar,2018-08-07,NL,11,
urb09,381,cultivar,2018-08-07,NL,6,
urb09,384,cultivar,2018-08-07,NL,4,
urb09,407,cultivar,2018-08-07,NL,6,
urb09,493,cultivar,2018-08-07,NL,4,
urb09,508,cultivar,2018-08-07,NL,4,
urb09,540,cultivar,2018-08-07,NL,11,
urb09,554,cultivar,2018-08-07,NL,12,
urb09,579,cultivar,2018-08-07,NL,10,
urb09,623,cultivar,2018-08-07,NL,6,
urb10,201,cultivar,2018-08-07,NL,2,
urb10,475,cultivar,2018-08-07,NL,6,
urb10,507,cultivar,2018-08-07,NL,4,
urb10,523,cultivar,2018-08-07,NL,6,
urb10,530,cultivar,2018-08-07,NL,4,
urb10,547,cultivar,2018-08-07,NL,4,
urb10,562,cultivar,2018-08-07,NL,8,
urb10,572,cultivar,2018-08-07,NL,5,
urb10,602,cultivar,2018-08-07,NL,4,
urb10,83,cultivar,2018-08-07,NL,2,
urb10,97,cultivar,2018-08-07,NL,6,
urb10,98,cultivar,2018-08-07,NL,4,
urb11,110,cultivar,2018-08-07,NL,9,
urb11,134,cultivar,2018-08-07,NL,6,
urb11,145,cultivar,2018-08-07,NL,2,
urb11,149,cultivar,2018-08-07,NL,6,
urb11,20,cultivar,2018-08-07,NL,6,
urb11,229,cultivar,2018-08-07,NL,4,
urb11,261,cultivar,2018-08-07,NL,8,
urb11,325,cultivar,2018-08-07,NL,8,
urb11,327,cultivar,2018-08-07,NL,7,
urb11,343,cultivar,2018-08-07,NL,2,
urb11,391,cultivar,2018-08-07,NL,7,
urb11,498,cultivar,2018-08-07,NL,5,
urb11,510,cultivar,2018-08-07,NL,4,
urb11,553,cultivar,2018-08-07,NL,6,
urb11,583,cultivar,2018-08-07,NL,6,
urb11,591,cultivar,2018-08-07,NL,10,
urb11,610,cultivar,2018-08-07,NL,5,
urb12,148,cultivar,2018-08-07,NL,3,
urb12,164,cultivar,2018-08-07,NL,2,
urb12,193,cultivar,2018-08-07,NL,3,
urb12,210,cultivar,2018-08-07,NL,6,
urb12,227,cultivar,2018-08-07,NL,3,
urb12,246,cultivar,2018-08-07,NL,4,
urb12,256,cultivar,2018-08-07,NL,8,
urb12,262,cultivar,2018-08-07,NL,1,
urb12,266,cultivar,2018-08-07,NL,4,
urb12,294,cultivar,2018-08-07,NL,8,
urb12,319,cultivar,2018-08-07,NL,5,
urb12,32,cultivar,2018-08-07,NL,4,
urb12,324,cultivar,2018-08-07,NL,3,
urb12,36,cultivar,2018-08-07,NL,3,
urb12,437,cultivar,2018-08-07,NL,5,
urb12,462,cultivar,2018-08-07,NL,1,
urb12,465,cultivar,2018-08-07,NL,6,
urb12,593,cultivar,2018-08-07,NL,9,
urb12,639,cultivar,2018-08-07,NL,6,
urb12,640,cultivar,2018-08-07,NL,3,
urb12,66,cultivar,2018-08-07,NL,1,
urb13,12,cultivar,2018-08-07,NL,6,
urb13,120,cultivar,2018-08-07,NL,5,
urb13,156,cultivar,2018-08-07,NL,8,
urb13,245,cultivar,2018-08-07,NL,3,
urb13,258,cultivar,2018-08-07,NL,4,
urb13,277,cultivar,2018-08-07,NL,6,
urb13,292,cultivar,2018-08-07,NL,3,
urb13,315,cultivar,2018-08-07,NL,4,
urb13,411,cultivar,2018-08-07,NL,2,
urb13,531,cultivar,2018-08-07,NL,4,
urb13,637,cultivar,2018-08-07,NL,4,
urb13,654,cultivar,2018-08-07,NL,7,
urb13,7,cultivar,2018-08-07,NL,2,
urb13,82,cultivar,2018-08-07,NL,7,
urb14,117,cultivar,2018-08-07,NL,2,
urb14,126,cultivar,2018-08-07,NL,4,
urb14,157,cultivar,2018-08-07,NL,3,
urb14,162,cultivar,2018-08-07,NL,6,
urb14,163,cultivar,2018-08-07,NL,6,
urb14,18,cultivar,2018-08-07,NL,4,
urb14,217,cultivar,2018-08-07,NL,5,
urb14,265,cultivar,2018-08-07,NL,6,
urb14,293,cultivar,2018-08-07,NL,4,
urb14,35,cultivar,2018-08-07,NL,4,
urb14,395,cultivar,2018-08-07,NL,6,
urb14,428,cultivar,2018-08-07,NL,5,
urb14,441,cultivar,2018-08-07,NL,6,
urb14,453,cultivar,2018-08-07,NL,6,
urb14,488,cultivar,2018-08-07,NL,4,
urb14,497,cultivar,2018-08-07,NL,2,
urb14,499,cultivar,2018-08-07,NL,3,
urb14,529,cultivar,2018-08-07,NL,4,
urb14,587,cultivar,2018-08-07,NL,4,
urb14,600,cultivar,2018-08-07,NL,4,
urb14,603,cultivar,2018-08-07,NL,4,
urb14,652,cultivar,2018-08-07,NL,4,
urb14,9,cultivar,2018-08-07,NL,6,
urb17,207,cultivar,2018-08-07,NL,7,
urb17,213,cultivar,2018-08-07,NL,7,
urb17,250,cultivar,2018-08-07,NL,5,
urb17,276,cultivar,2018-08-07,NL,6,
urb17,280,cultivar,2018-08-07,NL,4,
urb17,300,cultivar,2018-08-07,NL,6,
urb17,311,cultivar,2018-08-07,NL,6,
urb17,410,cultivar,2018-08-07,NL,7,
urb17,546,cultivar,2018-08-07,NL,6,
urb17,570,cultivar,2018-08-07,NL,4,
urb17,617,cultivar,2018-08-07,NL,8,
urb17,621,cultivar,2018-08-07,NL,4,
urb17,643,cultivar,2018-08-07,NL,6,
urb17,70,cultivar,2018-08-07,NL,6,
urb17,80,cultivar,2018-08-07,NL,4,
urb17,87,cultivar,2018-08-07,NL,4,
urb18,155,cultivar,2018-08-07,NL,7,
urb18,221,cultivar,2018-08-07,NL,3,
urb18,252,cultivar,2018-08-07,NL,7,
urb18,330,cultivar,2018-08-07,NL,8,
urb18,416,cultivar,2018-08-07,NL,6,
urb18,459,cultivar,2018-08-07,NL,2,
urb18,470,cultivar,2018-08-07,NL,4,
urb18,483,cultivar,2018-08-07,NL,3,
urb18,509,cultivar,2018-08-07,NL,3,
urb18,52,cultivar,2018-08-07,NL,1,
urb18,651,cultivar,2018-08-07,NL,4,
urb23,132,cultivar,2018-08-07,NL,3,
urb23,143,cultivar,2018-08-07,NL,9,
urb23,178,cultivar,2018-08-07,NL,10,
urb23,228,cultivar,2018-08-07,NL,5,
urb23,24,cultivar,2018-08-07,NL,6,
urb23,29,cultivar,2018-08-07,NL,4,
urb23,313,cultivar,2018-08-07,NL,4,
urb23,316,cultivar,2018-08-07,NL,5,
urb23,418,cultivar,2018-08-07,NL,7,
urb23,528,cultivar,2018-08-07,NL,5,
urb23,542,cultivar,2018-08-07,NL,10,
urb23,58,cultivar,2018-08-07,NL,3,
urb23,601,cultivar,2018-08-07,NL,5,
urb23,604,cultivar,2018-08-07,NL,6,
urb23,645,cultivar,2018-08-07,NL,3,
urb23,81,cultivar,2018-08-07,NL,10,
urb24,133,cultivar,2018-08-07,NL,4,
urb24,160,cultivar,2018-08-07,NL,6,
urb24,169,cultivar,2018-08-07,NL,5,
urb24,209,cultivar,2018-08-07,NL,3,
urb24,234,cultivar,2018-08-07,NL,5,
urb24,248,cultivar,2018-08-07,NL,4,
urb24,284,cultivar,2018-08-07,NL,7,
urb24,377,cultivar,2018-08-07,NL,2,
urb24,431,cultivar,2018-08-07,NL,6,
urb24,449,cultivar,2018-08-07,NL,5,
urb24,490,cultivar,2018-08-07,NL,2,
urb24,516,cultivar,2018-08-07,NL,8,
urb24,585,cultivar,2018-08-07,NL,5,
urb24,60,cultivar,2018-08-07,NL,4,
urb24,628,cultivar,2018-08-07,NL,9,
urb24,96,cultivar,2018-08-07,NL,4,
urb25,173,cultivar,2018-08-07,NL,2,
urb25,192,cultivar,2018-08-07,NL,6,
urb25,198,cultivar,2018-08-07,NL,6,
urb25,204,cultivar,2018-08-07,NL,4,
urb25,257,cultivar,2018-08-07,NL,5,
urb25,274,cultivar,2018-08-07,NL,1,
urb25,335,cultivar,2018-08-07,NL,8,
urb25,344,cultivar,2018-08-07,NL,2,
urb25,348,cultivar,2018-08-07,NL,2,
urb25,371,cultivar,2018-08-07,NL,8,
urb25,374,cultivar,2018-08-07,NL,9,
urb25,403,cultivar,2018-08-07,NL,4,
urb25,412,cultivar,2018-08-07,NL,6,
urb25,415,cultivar,2018-08-07,NL,4,
urb25,442,cultivar,2018-08-07,NL,4,
urb25,452,cultivar,2018-08-07,NL,5,
urb25,458,cultivar,2018-08-07,NL,4,
urb25,478,cultivar,2018-08-07,NL,4,
urb25,486,cultivar,2018-08-07,NL,7,
urb25,518,cultivar,2018-08-07,NL,4,
urb25,590,cultivar,2018-08-07,NL,10,
urb25,88,cultivar,2018-08-07,NL,5,
urb26,104,cultivar,2018-08-07,NL,2,
urb26,109,cultivar,2018-08-07,NL,3,
urb26,180,cultivar,2018-08-07,NL,6,
urb26,268,cultivar,2018-08-07,NL,5,
urb26,273,cultivar,2018-08-07,NL,3,
urb26,320,cultivar,2018-08-07,NL,8,
urb26,356,cultivar,2018-08-07,NL,5,
urb26,386,cultivar,2018-08-07,NL,5,
urb26,392,cultivar,2018-08-07,NL,5,
urb26,427,cultivar,2018-08-07,NL,6,
urb26,502,cultivar,2018-08-07,NL,5,
urb26,525,cultivar,2018-08-07,NL,5,
urb26,551,cultivar,2018-08-07,NL,5,
urb26,578,cultivar,2018-08-07,NL,6,
urb26,624,cultivar,2018-08-07,NL,7,
urb26,633,cultivar,2018-08-07,NL,4,
urb26,661,cultivar,2018-08-07,NL,5,
urb28,103,cultivar,2018-08-07,NL,6,
urb28,118,cultivar,2018-08-07,NL,6,
urb28,171,cultivar,2018-08-07,NL,4,
urb28,205,cultivar,2018-08-07,NL,8,
urb28,240,cultivar,2018-08-07,NL,2,
urb28,27,cultivar,2018-08-07,NL,5,
urb28,295,cultivar,2018-08-07,NL,7,
urb28,318,cultivar,2018-08-07,NL,2,
urb28,342,cultivar,2018-08-07,NL,6,
urb28,369,cultivar,2018-08-07,NL,4,
urb28,387,cultivar,2018-08-07,NL,4,
urb28,39,cultivar,2018-08-07,NL,10,
urb28,474,cultivar,2018-08-07,NL,6,
urb28,49,cultivar,2018-08-07,NL,6,
urb28,50,cultivar,2018-08-07,NL,6,
urb28,506,cultivar,2018-08-07,NL,3,
urb28,512,cultivar,2018-08-07,NL,5,
urb28,541,cultivar,2018-08-07,NL,4,
urb28,62,cultivar,2018-08-07,NL,5,
urb28,660,cultivar,2018-08-07,NL,4,
urb28,75,cultivar,2018-08-07,NL,2,
urb28,77,cultivar,2018-08-07,NL,1,
urb29,113,cultivar,2018-08-07,NL,4,
urb29,124,cultivar,2018-08-07,NL,8,
urb29,158,cultivar,2018-08-07,NL,3,
urb29,165,cultivar,2018-08-07,NL,6,
urb29,170,cultivar,2018-08-07,NL,2,
urb29,363,cultivar,2018-08-07,NL,5,
urb29,394,cultivar,2018-08-07,NL,6,
urb29,400,cultivar,2018-08-07,NL,8,
urb29,504,cultivar,2018-08-07,NL,4,
urb29,552,cultivar,2018-08-07,NL,4,
urb31,108,cultivar,2018-08-07,NL,9,
urb31,220,cultivar,2018-08-07,NL,4,
urb31,231,cultivar,2018-08-07,NL,6,
urb31,233,cultivar,2018-08-07,NL,6,
urb31,247,cultivar,2018-08-07,NL,3,
urb31,308,cultivar,2018-08-07,NL,9,
urb31,346,cultivar,2018-08-07,NL,6,
urb31,372,cultivar,2018-08-07,NL,8,
urb31,434,cultivar,2018-08-07,NL,12,
urb31,460,cultivar,2018-08-07,NL,3,
urb31,48,cultivar,2018-08-07,NL,2,
urb31,481,cultivar,2018-08-07,NL,7,
urb31,495,cultivar,2018-08-07,NL,3,
urb31,514,cultivar,2018-08-07,NL,4,
urb31,539,cultivar,2018-08-07,NL,4,
urb31,55,cultivar,2018-08-07,NL,4,
urb31,576,cultivar,2018-08-07,NL,10,
urb31,588,cultivar,2018-08-07,NL,8,
urb31,59,cultivar,2018-08-07,NL,4,
urb31,612,cultivar,2018-08-07,NL,10,
urb31,63,cultivar,2018-08-07,NL,8,
urb31,644,cultivar,2018-08-07,NL,5,
urb31,91,cultivar,2018-08-07,NL,1,
urb32,189,cultivar,2018-08-07,NL,6,
urb32,208,cultivar,2018-08-07,NL,4,
urb32,264,cultivar,2018-08-07,NL,4,
urb32,336,cultivar,2018-08-07,NL,5,
urb32,350,cultivar,2018-08-07,NL,8,
urb32,366,cultivar,2018-08-07,NL,10,
urb32,378,cultivar,2018-08-07,NL,5,
urb32,379,cultivar,2018-08-07,NL,6,
urb32,382,cultivar,2018-08-07,NL,6,
urb32,390,cultivar,2018-08-07,NL,6,
urb32,42,cultivar,2018-08-07,NL,6,
urb32,420,cultivar,2018-08-07,NL,4,
urb32,45,cultivar,2018-08-07,NL,6,
urb32,53,cultivar,2018-08-07,NL,10,
urb32,550,cultivar,2018-08-07,NL,10,
urb32,618,cultivar,2018-08-07,NL,9,
urb32,635,cultivar,2018-08-07,NL,5,
urb32,64,cultivar,2018-08-07,NL,5,
urb32,658,cultivar,2018-08-07,NL,4,
urb32,72,cultivar,2018-08-07,NL,5,
nat18,326,native,2018-08-31,NL,5,
nat18,480,native,2018-08-31,NL,6,
nat18,632,native,2018-08-31,NL,2,
nat19,100,native,2018-08-31,NL,3,
nat19,183,native,2018-08-31,NL,2,
nat19,185,native,2018-08-31,NL,4,
nat19,190,native,2018-08-31,NL,3,
nat19,202,native,2018-08-31,NL,2,
nat19,22,native,2018-08-31,NL,4,
nat19,223,native,2018-08-31,NL,8,
nat19,224,native,2018-08-31,NL,2,
nat19,270,native,2018-08-31,NL,5,
nat19,275,native,2018-08-31,NL,4,
nat19,33,native,2018-08-31,NL,1,
nat19,355,native,2018-08-31,NL,4,
nat19,364,native,2018-08-31,NL,4,
nat19,375,native,2018-08-31,NL,5,
nat19,397,native,2018-08-31,NL,4,
nat19,398,native,2018-08-31,NL,0,
nat19,430,native,2018-08-31,NL,5,
nat19,46,native,2018-08-31,NL,2,
nat19,468,native,2018-08-31,NL,4,
nat19,482,native,2018-08-31,NL,5,
nat19,513,native,2018-08-31,NL,3,
nat19,538,native,2018-08-31,NL,2,
nat19,557,native,2018-08-31,NL,0,
nat19,571,native,2018-08-31,NL,6,
nat19,596,native,2018-08-31,NL,7,
nat19,606,native,2018-08-31,NL,5,
nat19,611,native,2018-08-31,NL,4,
nat19,616,native,2018-08-31,NL,6,
nat19,627,native,2018-08-31,NL,8,
nat19,631,native,2018-08-31,NL,5,
nat19,642,native,2018-08-31,NL,4,
nat19,65,native,2018-08-31,NL,2,
nat19,657,native,2018-08-31,NL,4,
nat19,659,native,2018-08-31,NL,5,
nat19,74,native,2018-08-31,NL,4,
nat19,76,native,2018-08-31,NL,4,
nat20,301,native,2018-08-31,NL,4,
nat20,440,native,2018-08-31,NL,3,
nat20,446,native,2018-08-31,NL,3,
nat20,473,native,2018-08-31,NL,6,
nat20,519,native,2018-08-31,NL,5,
nat20,605,native,2018-08-31,NL,4,
nat20,615,native,2018-08-31,NL,5,
nat21,332,native,2018-08-31,NL,5,
nat21,333,native,2018-08-31,NL,4,
nat21,358,native,2018-08-31,NL,5,
nat21,422,native,2018-08-31,NL,6,
nat21,500,native,2018-08-31,NL,3,
nat21,527,native,2018-08-31,NL,4,
nat21,568,native,2018-08-31,NL,5,
nat21,573,native,2018-08-31,NL,8,
nat21,68,native,2018-08-31,NL,3,
nat22,101,native,2018-08-31,NL,6,
nat22,119,native,2018-08-31,NL,3,
nat22,142,native,2018-08-31,NL,5,
nat22,176,native,2018-08-31,NL,2,
nat22,191,native,2018-08-31,NL,2,
nat22,199,native,2018-08-31,NL,4,
nat22,25,native,2018-08-31,NL,2,
nat22,254,native,2018-08-31,NL,4,
nat22,353,native,2018-08-31,NL,3,
nat22,505,native,2018-08-31,NL,4,
nat22,535,native,2018-08-31,NL,7,
nat22,6,native,2018-08-31,NL,3,
nat22,609,native,2018-08-31,NL,5,
nat22,638,native,2018-08-31,NL,4,
nat23,2,native,2018-08-31,NL,9,
nat23,216,native,2018-08-31,NL,5,
nat23,244,native,2018-08-31,NL,4,
nat23,259,native,2018-08-31,NL,8,
nat23,309,native,2018-08-31,NL,0,
nat23,334,native,2018-08-31,NL,6,
nat23,380,native,2018-08-31,NL,4,
nat23,501,native,2018-08-31,NL,3,
nat23,575,native,2018-08-31,NL,0,
nat24,147,native,2018-08-31,NL,4,
nat24,485,native,2018-08-31,NL,5,
nat24,489,native,2018-08-31,NL,6,
nat24,8,native,2018-08-31,NL,3,
nat24,90,native,2018-08-31,NL,4,
nat25,187,native,2018-08-31,NL,4,
nat25,299,native,2018-08-31,NL,0,
nat25,433,native,2018-08-31,NL,4,
nat25,520,native,2018-08-31,NL,5,
nat25,537,native,2018-08-31,NL,8,
nat25,582,native,2018-08-31,NL,7,
nat25,613,native,2018-08-31,NL,5,
nat26,151,native,2018-08-31,NL,10,
nat26,16,native,2018-08-31,NL,2,
nat26,182,native,2018-08-31,NL,6,
nat26,269,native,2018-08-31,NL,2,
nat26,310,native,2018-08-31,NL,2,
nat26,338,native,2018-08-31,NL,1,
nat26,345,native,2018-08-31,NL,3,
nat26,373,native,2018-08-31,NL,8,
nat26,402,native,2018-08-31,NL,4,
nat26,414,native,2018-08-31,NL,3,
nat26,424,native,2018-08-31,NL,5,
nat26,47,native,2018-08-31,NL,6,
nat26,471,native,2018-08-31,NL,4,
nat26,524,native,2018-08-31,NL,4,
nat26,561,native,2018-08-31,NL,5,
nat26,625,native,2018-08-31,NL,6,
nat27,141,native,2018-08-31,NL,0,
nat27,152,native,2018-08-31,NL,2,
nat27,181,native,2018-08-31,NL,6,
nat27,206,native,2018-08-31,NL,5,
nat27,23,native,2018-08-31,NL,3,
nat27,260,native,2018-08-31,NL,4,
nat27,263,native,2018-08-31,NL,2,
nat27,341,native,2018-08-31,NL,3,
nat27,347,native,2018-08-31,NL,5,
nat27,4,native,2018-08-31,NL,5,
nat27,406,native,2018-08-31,NL,4,
nat27,455,native,2018-08-31,NL,4,
nat27,517,native,2018-08-31,NL,6,
nat27,57,native,2018-08-31,NL,6,
nat27,655,native,2018-08-31,NL,2,
nat28,219,native,2018-08-31,NL,5,
nat28,304,native,2018-08-31,NL,1,
nat28,351,native,2018-08-31,NL,4,
nat28,448,native,2018-08-31,NL,1,
nat28,543,native,2018-08-31,NL,7,
nat28,598,native,2018-08-31,NL,4,
nat29,122,native,2018-08-31,NL,4,
nat29,137,native,2018-08-31,NL,1,
nat29,139,native,2018-08-31,NL,7,
nat29,153,native,2018-08-31,NL,4,
nat29,188,native,2018-08-31,NL,4,
nat29,194,native,2018-08-31,NL,4,
nat29,401,native,2018-08-31,NL,4,
nat29,423,native,2018-08-31,NL,3,
nat29,479,native,2018-08-31,NL,4,
nat29,5,native,2018-08-31,NL,8,
nat29,544,native,2018-08-31,NL,5,
nat29,565,native,2018-08-31,NL,4,
nat29,620,native,2018-08-31,NL,6,
nat29,99,native,2018-08-31,NL,5,
nat30,14,native,2018-08-31,NL,4,
nat30,429,native,2018-08-31,NL,5,
nat30,451,native,2018-08-31,NL,5,
nat30,592,native,2018-08-31,NL,0,
nat30,594,native,2018-08-31,NL,4,
nat30,650,native,2018-08-31,NL,4,
nat30,653,native,2018-08-31,NL,4,
nat31,225,native,2018-08-31,NL,2,
nat31,279,native,2018-08-31,NL,7,
nat31,646,native,2018-08-31,NL,4,
nat32,138,native,2018-08-31,NL,6,
nat32,172,native,2018-08-31,NL,2,
nat32,197,native,2018-08-31,NL,4,
nat32,214,native,2018-08-31,NL,6,
nat32,303,native,2018-08-31,NL,6,
nat32,360,native,2018-08-31,NL,6,
nat32,385,native,2018-08-31,NL,4,
nat32,463,native,2018-08-31,NL,6,
nat33,297,native,2018-08-31,NL,2,
nat33,352,native,2018-08-31,NL,6,
nat33,365,native,2018-08-31,NL,3,
urb01,10,cultivar,2018-08-31,NL,4,
urb01,184,cultivar,2018-08-31,NL,4,
urb01,200,cultivar,2018-08-31,NL,6,
urb01,203,cultivar,2018-08-31,NL,6,
urb01,242,cultivar,2018-08-31,NL,5,
urb01,253,cultivar,2018-08-31,NL,6,
urb01,314,cultivar,2018-08-31,NL,6,
urb01,339,cultivar,2018-08-31,NL,5,
urb01,450,cultivar,2018-08-31,NL,7,
urb01,476,cultivar,2018-08-31,NL,4,
urb01,599,cultivar,2018-08-31,NL,7,
urb01,619,cultivar,2018-08-31,NL,5,
urb01,634,cultivar,2018-08-31,NL,6,
urb01,85,cultivar,2018-08-31,NL,2,
urb03,129,cultivar,2018-08-31,NL,12,
urb03,238,cultivar,2018-08-31,NL,2,
urb03,239,cultivar,2018-08-31,NL,9,
urb03,26,cultivar,2018-08-31,NL,5,
urb03,287,cultivar,2018-08-31,NL,10,
urb03,357,cultivar,2018-08-31,NL,10,
urb03,421,cultivar,2018-08-31,NL,6,
urb03,425,cultivar,2018-08-31,NL,5,
urb03,426,cultivar,2018-08-31,NL,6,
urb03,435,cultivar,2018-08-31,NL,6,
urb03,438,cultivar,2018-08-31,NL,8,
urb03,439,cultivar,2018-08-31,NL,4,
urb03,443,cultivar,2018-08-31,NL,3,
urb03,454,cultivar,2018-08-31,NL,3,
urb03,457,cultivar,2018-08-31,NL,4,
urb03,461,cultivar,2018-08-31,NL,1,
urb03,467,cultivar,2018-08-31,NL,4,
urb03,494,cultivar,2018-08-31,NL,4,
urb03,51,cultivar,2018-08-31,NL,7,
urb03,522,cultivar,2018-08-31,NL,6,
urb03,536,cultivar,2018-08-31,NL,4,
urb03,549,cultivar,2018-08-31,NL,4,
urb03,563,cultivar,2018-08-31,NL,9,
urb03,595,cultivar,2018-08-31,NL,12,
urb03,641,cultivar,2018-08-31,NL,7,
urb03,69,cultivar,2018-08-31,NL,5,
urb03,78,cultivar,2018-08-31,NL,4,
urb03,89,cultivar,2018-08-31,NL,3,
urb04,111,cultivar,2018-08-31,NL,6,
urb04,19,cultivar,2018-08-31,NL,3,
urb04,196,cultivar,2018-08-31,NL,5,
urb04,237,cultivar,2018-08-31,NL,6,
urb04,278,cultivar,2018-08-31,NL,1,
urb04,289,cultivar,2018-08-31,NL,2,
urb04,31,cultivar,2018-08-31,NL,6,
urb04,329,cultivar,2018-08-31,NL,6,
urb04,354,cultivar,2018-08-31,NL,7,
urb04,361,cultivar,2018-08-31,NL,3,
urb04,404,cultivar,2018-08-31,NL,8,
urb04,408,cultivar,2018-08-31,NL,12,
urb04,43,cultivar,2018-08-31,NL,3,
urb04,44,cultivar,2018-08-31,NL,5,
urb04,472,cultivar,2018-08-31,NL,6,
urb04,491,cultivar,2018-08-31,NL,8,
urb04,511,cultivar,2018-08-31,NL,3,
urb04,526,cultivar,2018-08-31,NL,6,
urb04,556,cultivar,2018-08-31,NL,1,
urb04,597,cultivar,2018-08-31,NL,3,
urb04,622,cultivar,2018-08-31,NL,4,
urb04,636,cultivar,2018-08-31,NL,5,
urb04,649,cultivar,2018-08-31,NL,6,
urb04,95,cultivar,2018-08-31,NL,7,
urb07,106,cultivar,2018-08-31,NL,6,
urb07,125,cultivar,2018-08-31,NL,2,
urb07,167,cultivar,2018-08-31,NL,5,
urb07,286,cultivar,2018-08-31,NL,4,
urb07,290,cultivar,2018-08-31,NL,6,
urb07,3,cultivar,2018-08-31,NL,5,
urb07,302,cultivar,2018-08-31,NL,7,
urb07,337,cultivar,2018-08-31,NL,4,
urb07,367,cultivar,2018-08-31,NL,10,
urb07,370,cultivar,2018-08-31,NL,5,
urb07,38,cultivar,2018-08-31,NL,7,
urb07,413,cultivar,2018-08-31,NL,5,
urb07,417,cultivar,2018-08-31,NL,1,
urb07,444,cultivar,2018-08-31,NL,6,
urb07,456,cultivar,2018-08-31,NL,8,
urb07,54,cultivar,2018-08-31,NL,3,
urb07,555,cultivar,2018-08-31,NL,2,
urb07,567,cultivar,2018-08-31,NL,6,
urb07,574,cultivar,2018-08-31,NL,6,
urb07,581,cultivar,2018-08-31,NL,4,
urb07,586,cultivar,2018-08-31,NL,2,
urb07,92,cultivar,2018-08-31,NL,3,
urb09,1,cultivar,2018-08-31,NL,8,
urb09,107,cultivar,2018-08-31,NL,8,
urb09,11,cultivar,2018-08-31,NL,6,
urb09,112,cultivar,2018-08-31,NL,12,
urb09,123,cultivar,2018-08-31,NL,7,
urb09,13,cultivar,2018-08-31,NL,6,
urb09,130,cultivar,2018-08-31,NL,13,
urb09,136,cultivar,2018-08-31,NL,5,
urb09,161,cultivar,2018-08-31,NL,1,
urb09,166,cultivar,2018-08-31,NL,7,
urb09,168,cultivar,2018-08-31,NL,5,
urb09,21,cultivar,2018-08-31,NL,10,
urb09,235,cultivar,2018-08-31,NL,10,
urb09,281,cultivar,2018-08-31,NL,6,
urb09,306,cultivar,2018-08-31,NL,6,
urb09,323,cultivar,2018-08-31,NL,10,
urb09,368,cultivar,2018-08-31,NL,14,
urb09,381,cultivar,2018-08-31,NL,6,
urb09,384,cultivar,2018-08-31,NL,6,
urb09,407,cultivar,2018-08-31,NL,10,
urb09,493,cultivar,2018-08-31,NL,9,
urb09,508,cultivar,2018-08-31,NL,10,
urb09,540,cultivar,2018-08-31,NL,13,
urb09,554,cultivar,2018-08-31,NL,10,
urb09,579,cultivar,2018-08-31,NL,10,
urb09,623,cultivar,2018-08-31,NL,5,
urb10,201,cultivar,2018-08-31,NL,2,
urb10,475,cultivar,2018-08-31,NL,5,
urb10,507,cultivar,2018-08-31,NL,3,
urb10,523,cultivar,2018-08-31,NL,6,
urb10,530,cultivar,2018-08-31,NL,4,
urb10,547,cultivar,2018-08-31,NL,4,
urb10,562,cultivar,2018-08-31,NL,8,
urb10,572,cultivar,2018-08-31,NL,5,
urb10,602,cultivar,2018-08-31,NL,4,
urb10,83,cultivar,2018-08-31,NL,1,
urb10,97,cultivar,2018-08-31,NL,6,
urb10,98,cultivar,2018-08-31,NL,4,
urb11,110,cultivar,2018-08-31,NL,9,
urb11,134,cultivar,2018-08-31,NL,6,
urb11,145,cultivar,2018-08-31,NL,1,
urb11,149,cultivar,2018-08-31,NL,6,
urb11,20,cultivar,2018-08-31,NL,6,
urb11,229,cultivar,2018-08-31,NL,4,
urb11,261,cultivar,2018-08-31,NL,8,
urb11,325,cultivar,2018-08-31,NL,8,
urb11,327,cultivar,2018-08-31,NL,7,
urb11,343,cultivar,2018-08-31,NL,6,
urb11,391,cultivar,2018-08-31,NL,8,
urb11,498,cultivar,2018-08-31,NL,6,
urb11,510,cultivar,2018-08-31,NL,7,
urb11,553,cultivar,2018-08-31,NL,6,
urb11,583,cultivar,2018-08-31,NL,6,
urb11,591,cultivar,2018-08-31,NL,8,
urb11,610,cultivar,2018-08-31,NL,6,
urb12,148,cultivar,2018-08-31,NL,2,
urb12,164,cultivar,2018-08-31,NL,2,
urb12,193,cultivar,2018-08-31,NL,2,
urb12,210,cultivar,2018-08-31,NL,7,
urb12,227,cultivar,2018-08-31,NL,4,
urb12,246,cultivar,2018-08-31,NL,4,
urb12,256,cultivar,2018-08-31,NL,7,
urb12,262,cultivar,2018-08-31,NL,1,
urb12,266,cultivar,2018-08-31,NL,3,
urb12,294,cultivar,2018-08-31,NL,8,
urb12,319,cultivar,2018-08-31,NL,3,
urb12,32,cultivar,2018-08-31,NL,4,
urb12,324,cultivar,2018-08-31,NL,3,
urb12,36,cultivar,2018-08-31,NL,2,
urb12,437,cultivar,2018-08-31,NL,5,
urb12,462,cultivar,2018-08-31,NL,1,
urb12,465,cultivar,2018-08-31,NL,6,
urb12,593,cultivar,2018-08-31,NL,9,
urb12,639,cultivar,2018-08-31,NL,5,
urb12,640,cultivar,2018-08-31,NL,2,
urb12,66,cultivar,2018-08-31,NL,2,
urb13,12,cultivar,2018-08-31,NL,6,
urb13,120,cultivar,2018-08-31,NL,5,
urb13,156,cultivar,2018-08-31,NL,8,
urb13,245,cultivar,2018-08-31,NL,3,
urb13,258,cultivar,2018-08-31,NL,4,
urb13,277,cultivar,2018-08-31,NL,5,
urb13,292,cultivar,2018-08-31,NL,3,
urb13,315,cultivar,2018-08-31,NL,4,
urb13,411,cultivar,2018-08-31,NL,1,
urb13,531,cultivar,2018-08-31,NL,5,
urb13,637,cultivar,2018-08-31,NL,4,
urb13,654,cultivar,2018-08-31,NL,7,
urb13,82,cultivar,2018-08-31,NL,6,
urb14,117,cultivar,2018-08-31,NL,3,
urb14,126,cultivar,2018-08-31,NL,4,
urb14,157,cultivar,2018-08-31,NL,3,
urb14,162,cultivar,2018-08-31,NL,6,
urb14,163,cultivar,2018-08-31,NL,5,
urb14,18,cultivar,2018-08-31,NL,4,
urb14,217,cultivar,2018-08-31,NL,5,
urb14,265,cultivar,2018-08-31,NL,6,
urb14,293,cultivar,2018-08-31,NL,4,
urb14,35,cultivar,2018-08-31,NL,4,
urb14,395,cultivar,2018-08-31,NL,5,
urb14,428,cultivar,2018-08-31,NL,4,
urb14,441,cultivar,2018-08-31,NL,6,
urb14,453,cultivar,2018-08-31,NL,5,
urb14,488,cultivar,2018-08-31,NL,4,
urb14,497,cultivar,2018-08-31,NL,2,
urb14,499,cultivar,2018-08-31,NL,3,
urb14,529,cultivar,2018-08-31,NL,2,
urb14,587,cultivar,2018-08-31,NL,4,
urb14,600,cultivar,2018-08-31,NL,3,
urb14,603,cultivar,2018-08-31,NL,5,
urb14,652,cultivar,2018-08-31,NL,4,
urb14,9,cultivar,2018-08-31,NL,6,
urb17,207,cultivar,2018-08-31,NL,6,
urb17,213,cultivar,2018-08-31,NL,4,
urb17,250,cultivar,2018-08-31,NL,5,
urb17,276,cultivar,2018-08-31,NL,2,
urb17,280,cultivar,2018-08-31,NL,3,
urb17,300,cultivar,2018-08-31,NL,6,
urb17,311,cultivar,2018-08-31,NL,6,
urb17,410,cultivar,2018-08-31,NL,9,
urb17,546,cultivar,2018-08-31,NL,6,
urb17,570,cultivar,2018-08-31,NL,5,
urb17,617,cultivar,2018-08-31,NL,10,
urb17,621,cultivar,2018-08-31,NL,4,
urb17,643,cultivar,2018-08-31,NL,4,
urb17,70,cultivar,2018-08-31,NL,6,
urb17,80,cultivar,2018-08-31,NL,6,
urb17,87,cultivar,2018-08-31,NL,4,
urb18,155,cultivar,2018-08-31,NL,7,
urb18,221,cultivar,2018-08-31,NL,3,
urb18,252,cultivar,2018-08-31,NL,2,
urb18,330,cultivar,2018-08-31,NL,8,
urb18,416,cultivar,2018-08-31,NL,6,
urb18,470,cultivar,2018-08-31,NL,4,
urb18,483,cultivar,2018-08-31,NL,3,
urb18,509,cultivar,2018-08-31,NL,2,
urb18,52,cultivar,2018-08-31,NL,0,
urb18,651,cultivar,2018-08-31,NL,4,
urb23,132,cultivar,2018-08-31,NL,4,
urb23,143,cultivar,2018-08-31,NL,7,
urb23,178,cultivar,2018-08-31,NL,8,
urb23,228,cultivar,2018-08-31,NL,4,
urb23,24,cultivar,2018-08-31,NL,6,
urb23,29,cultivar,2018-08-31,NL,4,
urb23,313,cultivar,2018-08-31,NL,6,
urb23,316,cultivar,2018-08-31,NL,5,
urb23,418,cultivar,2018-08-31,NL,7,
urb23,528,cultivar,2018-08-31,NL,5,
urb23,542,cultivar,2018-08-31,NL,6,
urb23,58,cultivar,2018-08-31,NL,4,
urb23,601,cultivar,2018-08-31,NL,4,
urb23,604,cultivar,2018-08-31,NL,6,
urb23,645,cultivar,2018-08-31,NL,2,
urb23,81,cultivar,2018-08-31,NL,10,
urb24,133,cultivar,2018-08-31,NL,4,
urb24,160,cultivar,2018-08-31,NL,5,
urb24,169,cultivar,2018-08-31,NL,4,
urb24,209,cultivar,2018-08-31,NL,3,
urb24,234,cultivar,2018-08-31,NL,5,
urb24,248,cultivar,2018-08-31,NL,4,
urb24,284,cultivar,2018-08-31,NL,6,
urb24,377,cultivar,2018-08-31,NL,1,
urb24,431,cultivar,2018-08-31,NL,7,
urb24,449,cultivar,2018-08-31,NL,5,
urb24,490,cultivar,2018-08-31,NL,4,
urb24,516,cultivar,2018-08-31,NL,7,
urb24,585,cultivar,2018-08-31,NL,3,
urb24,60,cultivar,2018-08-31,NL,4,
urb24,628,cultivar,2018-08-31,NL,9,
urb24,96,cultivar,2018-08-31,NL,4,
urb25,173,cultivar,2018-08-31,NL,1,
urb25,192,cultivar,2018-08-31,NL,6,
urb25,198,cultivar,2018-08-31,NL,5,
urb25,204,cultivar,2018-08-31,NL,6,
urb25,257,cultivar,2018-08-31,NL,4,
urb25,274,cultivar,2018-08-31,NL,0,
urb25,335,cultivar,2018-08-31,NL,10,
urb25,344,cultivar,2018-08-31,NL,2,
urb25,348,cultivar,2018-08-31,NL,2,
urb25,371,cultivar,2018-08-31,NL,8,
urb25,374,cultivar,2018-08-31,NL,8,
urb25,403,cultivar,2018-08-31,NL,5,
urb25,412,cultivar,2018-08-31,NL,7,
urb25,415,cultivar,2018-08-31,NL,4,
urb25,442,cultivar,2018-08-31,NL,4,
urb25,452,cultivar,2018-08-31,NL,5,
urb25,458,cultivar,2018-08-31,NL,4,
urb25,478,cultivar,2018-08-31,NL,4,
urb25,486,cultivar,2018-08-31,NL,6,
urb25,518,cultivar,2018-08-31,NL,3,
urb25,590,cultivar,2018-08-31,NL,8,
urb25,88,cultivar,2018-08-31,NL,5,
urb26,104,cultivar,2018-08-31,NL,2,
urb26,109,cultivar,2018-08-31,NL,3,
urb26,180,cultivar,2018-08-31,NL,6,
urb26,268,cultivar,2018-08-31,NL,5,
urb26,273,cultivar,2018-08-31,NL,2,
urb26,320,cultivar,2018-08-31,NL,8,
urb26,356,cultivar,2018-08-31,NL,4,
urb26,386,cultivar,2018-08-31,NL,5,
urb26,392,cultivar,2018-08-31,NL,4,
urb26,427,cultivar,2018-08-31,NL,6,
urb26,502,cultivar,2018-08-31,NL,6,
urb26,525,cultivar,2018-08-31,NL,4,
urb26,551,cultivar,2018-08-31,NL,4,
urb26,578,cultivar,2018-08-31,NL,6,
urb26,624,cultivar,2018-08-31,NL,6,
urb26,633,cultivar,2018-08-31,NL,4,
urb26,661,cultivar,2018-08-31,NL,5,
urb28,103,cultivar,2018-08-31,NL,6,
urb28,118,cultivar,2018-08-31,NL,6,
urb28,171,cultivar,2018-08-31,NL,4,
urb28,205,cultivar,2018-08-31,NL,7,
urb28,240,cultivar,2018-08-31,NL,3,
urb28,27,cultivar,2018-08-31,NL,4,
urb28,295,cultivar,2018-08-31,NL,3,
urb28,318,cultivar,2018-08-31,NL,2,
urb28,342,cultivar,2018-08-31,NL,4,
urb28,369,cultivar,2018-08-31,NL,4,
urb28,387,cultivar,2018-08-31,NL,6,
urb28,39,cultivar,2018-08-31,NL,9,
urb28,474,cultivar,2018-08-31,NL,6,
urb28,49,cultivar,2018-08-31,NL,6,
urb28,50,cultivar,2018-08-31,NL,6,
urb28,506,cultivar,2018-08-31,NL,3,
urb28,512,cultivar,2018-08-31,NL,6,
urb28,541,cultivar,2018-08-31,NL,6,
urb28,62,cultivar,2018-08-31,NL,5,
urb28,660,cultivar,2018-08-31,NL,3,
urb28,75,cultivar,2018-08-31,NL,2,
urb28,77,cultivar,2018-08-31,NL,2,
urb29,113,cultivar,2018-08-31,NL,3,
urb29,124,cultivar,2018-08-31,NL,8,
urb29,158,cultivar,2018-08-31,NL,2,
urb29,165,cultivar,2018-08-31,NL,5,
urb29,363,cultivar,2018-08-31,NL,3,
urb29,394,cultivar,2018-08-31,NL,6,
urb29,400,cultivar,2018-08-31,NL,10,
urb29,504,cultivar,2018-08-31,NL,7,
urb29,552,cultivar,2018-08-31,NL,4,
urb31,108,cultivar,2018-08-31,NL,8,
urb31,220,cultivar,2018-08-31,NL,3,
urb31,231,cultivar,2018-08-31,NL,4,
urb31,233,cultivar,2018-08-31,NL,4,
urb31,247,cultivar,2018-08-31,NL,3,
urb31,308,cultivar,2018-08-31,NL,8,
urb31,346,cultivar,2018-08-31,NL,2,
urb31,372,cultivar,2018-08-31,NL,8,
urb31,434,cultivar,2018-08-31,NL,9,
urb31,460,cultivar,2018-08-31,NL,2,
urb31,48,cultivar,2018-08-31,NL,2,
urb31,481,cultivar,2018-08-31,NL,6,
urb31,495,cultivar,2018-08-31,NL,6,
urb31,514,cultivar,2018-08-31,NL,4,
urb31,539,cultivar,2018-08-31,NL,2,
urb31,55,cultivar,2018-08-31,NL,4,
urb31,576,cultivar,2018-08-31,NL,7,
urb31,588,cultivar,2018-08-31,NL,6,
urb31,59,cultivar,2018-08-31,NL,4,
urb31,612,cultivar,2018-08-31,NL,14,
urb31,63,cultivar,2018-08-31,NL,8,
urb31,644,cultivar,2018-08-31,NL,6,
urb31,91,cultivar,2018-08-31,NL,1,
urb32,189,cultivar,2018-08-31,NL,7,
urb32,208,cultivar,2018-08-31,NL,3,
urb32,264,cultivar,2018-08-31,NL,3,
urb32,350,cultivar,2018-08-31,NL,12,
urb32,366,cultivar,2018-08-31,NL,10,
urb32,378,cultivar,2018-08-31,NL,5,
urb32,379,cultivar,2018-08-31,NL,6,
urb32,382,cultivar,2018-08-31,NL,6,
urb32,390,cultivar,2018-08-31,NL,6,
urb32,42,cultivar,2018-08-31,NL,6,
urb32,420,cultivar,2018-08-31,NL,1,
urb32,45,cultivar,2018-08-31,NL,6,
urb32,53,cultivar,2018-08-31,NL,9,
urb32,550,cultivar,2018-08-31,NL,8,
urb32,618,cultivar,2018-08-31,NL,9,
urb32,635,cultivar,2018-08-31,NL,5,
urb32,64,cultivar,2018-08-31,NL,5,
urb32,658,cultivar,2018-08-31,NL,2,
urb32,72,cultivar,2018-08-31,NL,5,
nat18,326,native,2018-09-21,NL,3,
nat18,480,native,2018-09-21,NL,3,
nat18,632,native,2018-09-21,NL,2,
nat19,100,native,2018-09-21,NL,1,
nat19,183,native,2018-09-21,NL,1,
nat19,185,native,2018-09-21,NL,4,
nat19,190,native,2018-09-21,NL,3,
nat19,202,native,2018-09-21,NL,1,
nat19,22,native,2018-09-21,NL,4,
nat19,223,native,2018-09-21,NL,5,
nat19,224,native,2018-09-21,NL,2,
nat19,270,native,2018-09-21,NL,4,
nat19,275,native,2018-09-21,NL,4,
nat19,33,native,2018-09-21,NL,4,
nat19,355,native,2018-09-21,NL,4,
nat19,364,native,2018-09-21,NL,4,
nat19,375,native,2018-09-21,NL,5,
nat19,397,native,2018-09-21,NL,3,
nat19,398,native,2018-09-21,NL,0,
nat19,430,native,2018-09-21,NL,3,
nat19,46,native,2018-09-21,NL,2,
nat19,468,native,2018-09-21,NL,4,
nat19,482,native,2018-09-21,NL,5,
nat19,513,native,2018-09-21,NL,3,
nat19,538,native,2018-09-21,NL,2,
nat19,557,native,2018-09-21,NL,0,
nat19,571,native,2018-09-21,NL,5,
nat19,596,native,2018-09-21,NL,5,
nat19,606,native,2018-09-21,NL,4,
nat19,611,native,2018-09-21,NL,2,
nat19,616,native,2018-09-21,NL,6,
nat19,627,native,2018-09-21,NL,6,
nat19,631,native,2018-09-21,NL,4,
nat19,642,native,2018-09-21,NL,3,
nat19,65,native,2018-09-21,NL,1,
nat19,657,native,2018-09-21,NL,3,
nat19,659,native,2018-09-21,NL,5,
nat19,74,native,2018-09-21,NL,1,
nat19,76,native,2018-09-21,NL,4,
nat20,301,native,2018-09-21,NL,4,
nat20,440,native,2018-09-21,NL,2,
nat20,446,native,2018-09-21,NL,3,
nat20,473,native,2018-09-21,NL,6,
nat20,519,native,2018-09-21,NL,4,
nat20,605,native,2018-09-21,NL,2,
nat20,615,native,2018-09-21,NL,0,
nat21,332,native,2018-09-21,NL,4,
nat21,333,native,2018-09-21,NL,2,
nat21,358,native,2018-09-21,NL,2,
nat21,422,native,2018-09-21,NL,6,
nat21,500,native,2018-09-21,NL,3,
nat21,527,native,2018-09-21,NL,3,
nat21,568,native,2018-09-21,NL,4,
nat21,573,native,2018-09-21,NL,5,
nat21,68,native,2018-09-21,NL,3,
nat22,101,native,2018-09-21,NL,5,
nat22,119,native,2018-09-21,NL,1,
nat22,142,native,2018-09-21,NL,5,
nat22,176,native,2018-09-21,NL,1,
nat22,191,native,2018-09-21,NL,2,
nat22,199,native,2018-09-21,NL,3,
nat22,25,native,2018-09-21,NL,2,
nat22,254,native,2018-09-21,NL,3,
nat22,353,native,2018-09-21,NL,3,
nat22,505,native,2018-09-21,NL,3,
nat22,535,native,2018-09-21,NL,7,
nat22,609,native,2018-09-21,NL,3,
nat22,638,native,2018-09-21,NL,2,
nat23,2,native,2018-09-21,NL,9,
nat23,216,native,2018-09-21,NL,3,
nat23,244,native,2018-09-21,NL,3,
nat23,259,native,2018-09-21,NL,8,
nat23,309,native,2018-09-21,NL,0,
nat23,334,native,2018-09-21,NL,5,
nat23,380,native,2018-09-21,NL,4,
nat23,501,native,2018-09-21,NL,3,
nat23,575,native,2018-09-21,NL,6,
nat24,147,native,2018-09-21,NL,4,
nat24,485,native,2018-09-21,NL,3,
nat24,489,native,2018-09-21,NL,6,
nat24,8,native,2018-09-21,NL,2,
nat24,90,native,2018-09-21,NL,4,
nat25,187,native,2018-09-21,NL,3,
nat25,299,native,2018-09-21,NL,0,
nat25,433,native,2018-09-21,NL,4,
nat25,520,native,2018-09-21,NL,3,
nat25,537,native,2018-09-21,NL,5,
nat25,582,native,2018-09-21,NL,5,
nat25,613,native,2018-09-21,NL,5,
nat26,151,native,2018-09-21,NL,9,
nat26,16,native,2018-09-21,NL,2,
nat26,182,native,2018-09-21,NL,6,
nat26,269,native,2018-09-21,NL,2,
nat26,310,native,2018-09-21,NL,1,
nat26,338,native,2018-09-21,NL,1,
nat26,345,native,2018-09-21,NL,3,
nat26,373,native,2018-09-21,NL,7,
nat26,402,native,2018-09-21,NL,3,
nat26,414,native,2018-09-21,NL,2,
nat26,424,native,2018-09-21,NL,4,
nat26,47,native,2018-09-21,NL,5,
nat26,471,native,2018-09-21,NL,2,
nat26,524,native,2018-09-21,NL,3,
nat26,561,native,2018-09-21,NL,5,
nat26,625,native,2018-09-21,NL,6,
nat27,141,native,2018-09-21,NL,0,
nat27,152,native,2018-09-21,NL,2,
nat27,181,native,2018-09-21,NL,6,
nat27,206,native,2018-09-21,NL,4,
nat27,23,native,2018-09-21,NL,1,
nat27,260,native,2018-09-21,NL,4,
nat27,263,native,2018-09-21,NL,1,
nat27,341,native,2018-09-21,NL,3,
nat27,347,native,2018-09-21,NL,4,
nat27,4,native,2018-09-21,NL,4,
nat27,406,native,2018-09-21,NL,2,
nat27,455,native,2018-09-21,NL,3,
nat27,517,native,2018-09-21,NL,3,
nat27,57,native,2018-09-21,NL,6,
nat27,655,native,2018-09-21,NL,2,
nat28,219,native,2018-09-21,NL,2,
nat28,304,native,2018-09-21,NL,1,
nat28,351,native,2018-09-21,NL,4,
nat28,448,native,2018-09-21,NL,1,
nat28,543,native,2018-09-21,NL,4,
nat28,598,native,2018-09-21,NL,1,
nat29,122,native,2018-09-21,NL,4,
nat29,137,native,2018-09-21,NL,1,
nat29,139,native,2018-09-21,NL,4,
nat29,153,native,2018-09-21,NL,4,
nat29,188,native,2018-09-21,NL,4,
nat29,194,native,2018-09-21,NL,4,
nat29,401,native,2018-09-21,NL,4,
nat29,423,native,2018-09-21,NL,3,
nat29,479,native,2018-09-21,NL,5,
nat29,5,native,2018-09-21,NL,7,
nat29,544,native,2018-09-21,NL,4,
nat29,565,native,2018-09-21,NL,4,
nat29,620,native,2018-09-21,NL,4,
nat29,99,native,2018-09-21,NL,4,
nat30,14,native,2018-09-21,NL,2,
nat30,429,native,2018-09-21,NL,3,
nat30,451,native,2018-09-21,NL,3,
nat30,592,native,2018-09-21,NL,0,
nat30,594,native,2018-09-21,NL,4,
nat30,650,native,2018-09-21,NL,3,
nat30,653,native,2018-09-21,NL,3,
nat31,225,native,2018-09-21,NL,2,
nat31,279,native,2018-09-21,NL,6,
nat32,138,native,2018-09-21,NL,3,
nat32,172,native,2018-09-21,NL,3,
nat32,197,native,2018-09-21,NL,4,
nat32,214,native,2018-09-21,NL,6,
nat32,303,native,2018-09-21,NL,4,
nat32,360,native,2018-09-21,NL,5,
nat32,385,native,2018-09-21,NL,4,
nat32,463,native,2018-09-21,NL,6,
nat33,297,native,2018-09-21,NL,1,
nat33,352,native,2018-09-21,NL,3,
nat33,365,native,2018-09-21,NL,3,
urb01,10,cultivar,2018-09-21,NL,5,
urb01,184,cultivar,2018-09-21,NL,4,
urb01,200,cultivar,2018-09-21,NL,6,
urb01,203,cultivar,2018-09-21,NL,6,
urb01,242,cultivar,2018-09-21,NL,5,
urb01,253,cultivar,2018-09-21,NL,6,
urb01,314,cultivar,2018-09-21,NL,6,
urb01,339,cultivar,2018-09-21,NL,4,
urb01,450,cultivar,2018-09-21,NL,10,
urb01,476,cultivar,2018-09-21,NL,4,
urb01,599,cultivar,2018-09-21,NL,4,
urb01,619,cultivar,2018-09-21,NL,4,
urb01,634,cultivar,2018-09-21,NL,4,
urb01,85,cultivar,2018-09-21,NL,2,
urb03,129,cultivar,2018-09-21,NL,10,
urb03,238,cultivar,2018-09-21,NL,2,
urb03,239,cultivar,2018-09-21,NL,9,
urb03,26,cultivar,2018-09-21,NL,5,
urb03,287,cultivar,2018-09-21,NL,7,
urb03,357,cultivar,2018-09-21,NL,10,
urb03,421,cultivar,2018-09-21,NL,6,
urb03,425,cultivar,2018-09-21,NL,5,
urb03,426,cultivar,2018-09-21,NL,5,
urb03,435,cultivar,2018-09-21,NL,6,
urb03,438,cultivar,2018-09-21,NL,3,
urb03,439,cultivar,2018-09-21,NL,3,
urb03,443,cultivar,2018-09-21,NL,3,
urb03,454,cultivar,2018-09-21,NL,2,
urb03,457,cultivar,2018-09-21,NL,4,
urb03,461,cultivar,2018-09-21,NL,1,
urb03,467,cultivar,2018-09-21,NL,4,
urb03,494,cultivar,2018-09-21,NL,4,
urb03,51,cultivar,2018-09-21,NL,6,
urb03,522,cultivar,2018-09-21,NL,3,
urb03,536,cultivar,2018-09-21,NL,4,
urb03,549,cultivar,2018-09-21,NL,4,
urb03,563,cultivar,2018-09-21,NL,8,
urb03,595,cultivar,2018-09-21,NL,7,
urb03,641,cultivar,2018-09-21,NL,7,
urb03,69,cultivar,2018-09-21,NL,4,
urb03,78,cultivar,2018-09-21,NL,3,
urb03,89,cultivar,2018-09-21,NL,3,
urb04,111,cultivar,2018-09-21,NL,6,
urb04,19,cultivar,2018-09-21,NL,3,
urb04,196,cultivar,2018-09-21,NL,3,
urb04,237,cultivar,2018-09-21,NL,5,
urb04,289,cultivar,2018-09-21,NL,2,
urb04,31,cultivar,2018-09-21,NL,4,
urb04,329,cultivar,2018-09-21,NL,4,
urb04,354,cultivar,2018-09-21,NL,4,
urb04,361,cultivar,2018-09-21,NL,2,
urb04,404,cultivar,2018-09-21,NL,5,
urb04,408,cultivar,2018-09-21,NL,8,
urb04,43,cultivar,2018-09-21,NL,3,
urb04,44,cultivar,2018-09-21,NL,4,
urb04,472,cultivar,2018-09-21,NL,5,
urb04,491,cultivar,2018-09-21,NL,7,
urb04,511,cultivar,2018-09-21,NL,3,
urb04,526,cultivar,2018-09-21,NL,4,
urb04,556,cultivar,2018-09-21,NL,1,
urb04,597,cultivar,2018-09-21,NL,1,
urb04,622,cultivar,2018-09-21,NL,2,
urb04,636,cultivar,2018-09-21,NL,6,
urb04,649,cultivar,2018-09-21,NL,6,
urb04,95,cultivar,2018-09-21,NL,3,
urb07,106,cultivar,2018-09-21,NL,4,
urb07,125,cultivar,2018-09-21,NL,2,
urb07,167,cultivar,2018-09-21,NL,4,
urb07,286,cultivar,2018-09-21,NL,6,
urb07,290,cultivar,2018-09-21,NL,4,
urb07,3,cultivar,2018-09-21,NL,4,
urb07,302,cultivar,2018-09-21,NL,7,
urb07,337,cultivar,2018-09-21,NL,4,
urb07,367,cultivar,2018-09-21,NL,3,
urb07,370,cultivar,2018-09-21,NL,5,
urb07,38,cultivar,2018-09-21,NL,5,
urb07,413,cultivar,2018-09-21,NL,4,
urb07,417,cultivar,2018-09-21,NL,0,
urb07,444,cultivar,2018-09-21,NL,5,
urb07,456,cultivar,2018-09-21,NL,9,
urb07,54,cultivar,2018-09-21,NL,3,
urb07,555,cultivar,2018-09-21,NL,2,
urb07,567,cultivar,2018-09-21,NL,6,
urb07,574,cultivar,2018-09-21,NL,0,
urb07,581,cultivar,2018-09-21,NL,6,
urb07,586,cultivar,2018-09-21,NL,2,
urb07,92,cultivar,2018-09-21,NL,3,
urb09,1,cultivar,2018-09-21,NL,8,
urb09,107,cultivar,2018-09-21,NL,6,
urb09,11,cultivar,2018-09-21,NL,6,
urb09,112,cultivar,2018-09-21,NL,12,
urb09,123,cultivar,2018-09-21,NL,8,
urb09,13,cultivar,2018-09-21,NL,6,
urb09,130,cultivar,2018-09-21,NL,13,
urb09,136,cultivar,2018-09-21,NL,5,
urb09,161,cultivar,2018-09-21,NL,0,
urb09,166,cultivar,2018-09-21,NL,4,
urb09,168,cultivar,2018-09-21,NL,4,
urb09,21,cultivar,2018-09-21,NL,10,
urb09,235,cultivar,2018-09-21,NL,10,
urb09,281,cultivar,2018-09-21,NL,6,
urb09,306,cultivar,2018-09-21,NL,6,
urb09,323,cultivar,2018-09-21,NL,8,
urb09,368,cultivar,2018-09-21,NL,15,
urb09,381,cultivar,2018-09-21,NL,6,
urb09,384,cultivar,2018-09-21,NL,6,
urb09,407,cultivar,2018-09-21,NL,8,
urb09,493,cultivar,2018-09-21,NL,7,
urb09,508,cultivar,2018-09-21,NL,8,
urb09,540,cultivar,2018-09-21,NL,10,
urb09,554,cultivar,2018-09-21,NL,10,
urb09,579,cultivar,2018-09-21,NL,8,
urb09,623,cultivar,2018-09-21,NL,5,
urb10,201,cultivar,2018-09-21,NL,2,
urb10,475,cultivar,2018-09-21,NL,5,
urb10,507,cultivar,2018-09-21,NL,3,
urb10,523,cultivar,2018-09-21,NL,6,
urb10,530,cultivar,2018-09-21,NL,4,
urb10,547,cultivar,2018-09-21,NL,4,
urb10,562,cultivar,2018-09-21,NL,10,
urb10,572,cultivar,2018-09-21,NL,4,
urb10,602,cultivar,2018-09-21,NL,4,
urb10,83,cultivar,2018-09-21,NL,1,
urb10,97,cultivar,2018-09-21,NL,6,
urb10,98,cultivar,2018-09-21,NL,4,
urb11,110,cultivar,2018-09-21,NL,9,
urb11,134,cultivar,2018-09-21,NL,6,
urb11,145,cultivar,2018-09-21,NL,0,
urb11,149,cultivar,2018-09-21,NL,6,
urb11,20,cultivar,2018-09-21,NL,6,
urb11,229,cultivar,2018-09-21,NL,4,
urb11,261,cultivar,2018-09-21,NL,7,
urb11,325,cultivar,2018-09-21,NL,8,
urb11,327,cultivar,2018-09-21,NL,7,
urb11,343,cultivar,2018-09-21,NL,5,
urb11,391,cultivar,2018-09-21,NL,6,
urb11,498,cultivar,2018-09-21,NL,6,
urb11,510,cultivar,2018-09-21,NL,7,
urb11,553,cultivar,2018-09-21,NL,6,
urb11,583,cultivar,2018-09-21,NL,5,
urb11,591,cultivar,2018-09-21,NL,7,
urb11,610,cultivar,2018-09-21,NL,5,
urb12,148,cultivar,2018-09-21,NL,2,
urb12,164,cultivar,2018-09-21,NL,1,
urb12,193,cultivar,2018-09-21,NL,0,
urb12,210,cultivar,2018-09-21,NL,6,
urb12,227,cultivar,2018-09-21,NL,2,
urb12,246,cultivar,2018-09-21,NL,0,
urb12,256,cultivar,2018-09-21,NL,7,
urb12,262,cultivar,2018-09-21,NL,0,
urb12,266,cultivar,2018-09-21,NL,2,
urb12,294,cultivar,2018-09-21,NL,7,
urb12,319,cultivar,2018-09-21,NL,3,
urb12,324,cultivar,2018-09-21,NL,0,
urb12,36,cultivar,2018-09-21,NL,8,
urb12,437,cultivar,2018-09-21,NL,4,
urb12,462,cultivar,2018-09-21,NL,0,
urb12,465,cultivar,2018-09-21,NL,5,
urb12,593,cultivar,2018-09-21,NL,9,
urb12,639,cultivar,2018-09-21,NL,3,
urb12,640,cultivar,2018-09-21,NL,0,
urb13,12,cultivar,2018-09-21,NL,6,
urb13,120,cultivar,2018-09-21,NL,2,
urb13,156,cultivar,2018-09-21,NL,7,
urb13,245,cultivar,2018-09-21,NL,3,
urb13,258,cultivar,2018-09-21,NL,4,
urb13,277,cultivar,2018-09-21,NL,5,
urb13,292,cultivar,2018-09-21,NL,3,
urb13,315,cultivar,2018-09-21,NL,4,
urb13,411,cultivar,2018-09-21,NL,1,
urb13,637,cultivar,2018-09-21,NL,4,
urb13,654,cultivar,2018-09-21,NL,5,
urb13,82,cultivar,2018-09-21,NL,5,
urb14,126,cultivar,2018-09-21,NL,4,
urb14,157,cultivar,2018-09-21,NL,3,
urb14,162,cultivar,2018-09-21,NL,6,
urb14,163,cultivar,2018-09-21,NL,4,
urb14,18,cultivar,2018-09-21,NL,4,
urb14,217,cultivar,2018-09-21,NL,4,
urb14,265,cultivar,2018-09-21,NL,6,
urb14,293,cultivar,2018-09-21,NL,4,
urb14,35,cultivar,2018-09-21,NL,1,
urb14,395,cultivar,2018-09-21,NL,6,
urb14,428,cultivar,2018-09-21,NL,4,
urb14,441,cultivar,2018-09-21,NL,3,
urb14,453,cultivar,2018-09-21,NL,3,
urb14,488,cultivar,2018-09-21,NL,3,
urb14,497,cultivar,2018-09-21,NL,1,
urb14,529,cultivar,2018-09-21,NL,1,
urb14,587,cultivar,2018-09-21,NL,4,
urb14,600,cultivar,2018-09-21,NL,3,
urb14,603,cultivar,2018-09-21,NL,3,
urb14,652,cultivar,2018-09-21,NL,0,
urb14,9,cultivar,2018-09-21,NL,6,
urb17,207,cultivar,2018-09-21,NL,6,
urb17,213,cultivar,2018-09-21,NL,5,
urb17,250,cultivar,2018-09-21,NL,4,
urb17,276,cultivar,2018-09-21,NL,0,
urb17,280,cultivar,2018-09-21,NL,1,
urb17,300,cultivar,2018-09-21,NL,6,
urb17,311,cultivar,2018-09-21,NL,5,
urb17,410,cultivar,2018-09-21,NL,6,
urb17,546,cultivar,2018-09-21,NL,5,
urb17,570,cultivar,2018-09-21,NL,2,
urb17,617,cultivar,2018-09-21,NL,7,
urb17,621,cultivar,2018-09-21,NL,2,
urb17,643,cultivar,2018-09-21,NL,1,
urb17,70,cultivar,2018-09-21,NL,6,
urb17,80,cultivar,2018-09-21,NL,5,
urb17,87,cultivar,2018-09-21,NL,4,
urb18,155,cultivar,2018-09-21,NL,5,
urb18,221,cultivar,2018-09-21,NL,2,
urb18,252,cultivar,2018-09-21,NL,2,
urb18,330,cultivar,2018-09-21,NL,7,
urb18,416,cultivar,2018-09-21,NL,5,
urb18,470,cultivar,2018-09-21,NL,4,
urb18,483,cultivar,2018-09-21,NL,2,
urb18,509,cultivar,2018-09-21,NL,3,
urb18,52,cultivar,2018-09-21,NL,0,
urb18,651,cultivar,2018-09-21,NL,6,
urb23,132,cultivar,2018-09-21,NL,3,
urb23,143,cultivar,2018-09-21,NL,7,
urb23,178,cultivar,2018-09-21,NL,7,
urb23,228,cultivar,2018-09-21,NL,4,
urb23,24,cultivar,2018-09-21,NL,5,
urb23,29,cultivar,2018-09-21,NL,4,
urb23,313,cultivar,2018-09-21,NL,5,
urb23,316,cultivar,2018-09-21,NL,5,
urb23,418,cultivar,2018-09-21,NL,7,
urb23,528,cultivar,2018-09-21,NL,5,
urb23,542,cultivar,2018-09-21,NL,2,
urb23,58,cultivar,2018-09-21,NL,3,
urb23,601,cultivar,2018-09-21,NL,4,
urb23,604,cultivar,2018-09-21,NL,6,
urb23,645,cultivar,2018-09-21,NL,2,
urb23,81,cultivar,2018-09-21,NL,9,
urb24,133,cultivar,2018-09-21,NL,4,
urb24,160,cultivar,2018-09-21,NL,5,
urb24,169,cultivar,2018-09-21,NL,2,
urb24,209,cultivar,2018-09-21,NL,3,
urb24,234,cultivar,2018-09-21,NL,5,
urb24,248,cultivar,2018-09-21,NL,4,
urb24,284,cultivar,2018-09-21,NL,4,
urb24,431,cultivar,2018-09-21,NL,5,
urb24,449,cultivar,2018-09-21,NL,5,
urb24,490,cultivar,2018-09-21,NL,2,
urb24,516,cultivar,2018-09-21,NL,4,
urb24,585,cultivar,2018-09-21,NL,4,
urb24,60,cultivar,2018-09-21,NL,4,
urb24,628,cultivar,2018-09-21,NL,7,
urb24,96,cultivar,2018-09-21,NL,3,
urb25,173,cultivar,2018-09-21,NL,1,
urb25,192,cultivar,2018-09-21,NL,6,
urb25,198,cultivar,2018-09-21,NL,5,
urb25,204,cultivar,2018-09-21,NL,1,
urb25,257,cultivar,2018-09-21,NL,6,
urb25,335,cultivar,2018-09-21,NL,5,
urb25,344,cultivar,2018-09-21,NL,1,
urb25,348,cultivar,2018-09-21,NL,2,
urb25,371,cultivar,2018-09-21,NL,6,
urb25,374,cultivar,2018-09-21,NL,8,
urb25,403,cultivar,2018-09-21,NL,0,
urb25,412,cultivar,2018-09-21,NL,8,
urb25,415,cultivar,2018-09-21,NL,4,
urb25,442,cultivar,2018-09-21,NL,4,
urb25,452,cultivar,2018-09-21,NL,0,
urb25,458,cultivar,2018-09-21,NL,4,
urb25,478,cultivar,2018-09-21,NL,4,
urb25,486,cultivar,2018-09-21,NL,4,
urb25,518,cultivar,2018-09-21,NL,4,
urb25,590,cultivar,2018-09-21,NL,7,
urb25,88,cultivar,2018-09-21,NL,5,
urb26,104,cultivar,2018-09-21,NL,2,
urb26,109,cultivar,2018-09-21,NL,3,
urb26,180,cultivar,2018-09-21,NL,6,
urb26,268,cultivar,2018-09-21,NL,4,
urb26,273,cultivar,2018-09-21,NL,2,
urb26,320,cultivar,2018-09-21,NL,6,
urb26,356,cultivar,2018-09-21,NL,5,
urb26,386,cultivar,2018-09-21,NL,4,
urb26,392,cultivar,2018-09-21,NL,3,
urb26,427,cultivar,2018-09-21,NL,6,
urb26,502,cultivar,2018-09-21,NL,6,
urb26,525,cultivar,2018-09-21,NL,4,
urb26,551,cultivar,2018-09-21,NL,3,
urb26,578,cultivar,2018-09-21,NL,7,
urb26,624,cultivar,2018-09-21,NL,4,
urb26,633,cultivar,2018-09-21,NL,4,
urb26,661,cultivar,2018-09-21,NL,5,
urb28,103,cultivar,2018-09-21,NL,5,
urb28,118,cultivar,2018-09-21,NL,5,
urb28,171,cultivar,2018-09-21,NL,4,
urb28,205,cultivar,2018-09-21,NL,7,
urb28,240,cultivar,2018-09-21,NL,3,
urb28,27,cultivar,2018-09-21,NL,4,
urb28,295,cultivar,2018-09-21,NL,3,
urb28,318,cultivar,2018-09-21,NL,2,
urb28,342,cultivar,2018-09-21,NL,4,
urb28,369,cultivar,2018-09-21,NL,3,
urb28,387,cultivar,2018-09-21,NL,2,
urb28,39,cultivar,2018-09-21,NL,9,
urb28,474,cultivar,2018-09-21,NL,6,
urb28,49,cultivar,2018-09-21,NL,4,
urb28,50,cultivar,2018-09-21,NL,6,
urb28,506,cultivar,2018-09-21,NL,3,
urb28,512,cultivar,2018-09-21,NL,5,
urb28,541,cultivar,2018-09-21,NL,3,
urb28,62,cultivar,2018-09-21,NL,5,
urb28,660,cultivar,2018-09-21,NL,3,
urb28,75,cultivar,2018-09-21,NL,1,
urb28,77,cultivar,2018-09-21,NL,1,
urb29,113,cultivar,2018-09-21,NL,3,
urb29,124,cultivar,2018-09-21,NL,8,
urb29,158,cultivar,2018-09-21,NL,6,
urb29,165,cultivar,2018-09-21,NL,4,
urb29,363,cultivar,2018-09-21,NL,2,
urb29,394,cultivar,2018-09-21,NL,4,
urb29,400,cultivar,2018-09-21,NL,7,
urb29,504,cultivar,2018-09-21,NL,3,
urb29,552,cultivar,2018-09-21,NL,3,
urb31,108,cultivar,2018-09-21,NL,8,
urb31,220,cultivar,2018-09-21,NL,2,
urb31,231,cultivar,2018-09-21,NL,4,
urb31,233,cultivar,2018-09-21,NL,4,
urb31,247,cultivar,2018-09-21,NL,3,
urb31,308,cultivar,2018-09-21,NL,7,
urb31,346,cultivar,2018-09-21,NL,2,
urb31,372,cultivar,2018-09-21,NL,4,
urb31,434,cultivar,2018-09-21,NL,6,
urb31,460,cultivar,2018-09-21,NL,2,
urb31,48,cultivar,2018-09-21,NL,1,
urb31,481,cultivar,2018-09-21,NL,5,
urb31,495,cultivar,2018-09-21,NL,6,
urb31,514,cultivar,2018-09-21,NL,4,
urb31,539,cultivar,2018-09-21,NL,2,
urb31,55,cultivar,2018-09-21,NL,4,
urb31,576,cultivar,2018-09-21,NL,1,
urb31,588,cultivar,2018-09-21,NL,7,
urb31,59,cultivar,2018-09-21,NL,4,
urb31,612,cultivar,2018-09-21,NL,4,
urb31,63,cultivar,2018-09-21,NL,7,
urb31,644,cultivar,2018-09-21,NL,2,
urb32,189,cultivar,2018-09-21,NL,6,
urb32,208,cultivar,2018-09-21,NL,3,
urb32,264,cultivar,2018-09-21,NL,2,
urb32,350,cultivar,2018-09-21,NL,9,
urb32,366,cultivar,2018-09-21,NL,9,
urb32,378,cultivar,2018-09-21,NL,5,
urb32,379,cultivar,2018-09-21,NL,6,
urb32,382,cultivar,2018-09-21,NL,6,
urb32,390,cultivar,2018-09-21,NL,6,
urb32,42,cultivar,2018-09-21,NL,6,
urb32,420,cultivar,2018-09-21,NL,1,
urb32,45,cultivar,2018-09-21,NL,6,
urb32,53,cultivar,2018-09-21,NL,8,
urb32,550,cultivar,2018-09-21,NL,8,
urb32,618,cultivar,2018-09-21,NL,11,
urb32,635,cultivar,2018-09-21,NL,4,
urb32,64,cultivar,2018-09-21,NL,5,
urb32,658,cultivar,2018-09-21,NL,2,
urb32,72,cultivar,2018-09-21,NL,4,
nat18,326,native,2018-10-20,NL,1,
nat18,480,native,2018-10-20,NL,3,
nat18,632,native,2018-10-20,NL,1,
nat19,100,native,2018-10-20,NL,0,
nat19,183,native,2018-10-20,NL,1,
nat19,185,native,2018-10-20,NL,3,
nat19,190,native,2018-10-20,NL,2,
nat19,202,native,2018-10-20,NL,0,
nat19,22,native,2018-10-20,NL,4,
nat19,223,native,2018-10-20,NL,5,
nat19,224,native,2018-10-20,NL,0,
nat19,270,native,2018-10-20,NL,3,
nat19,275,native,2018-10-20,NL,4,
nat19,33,native,2018-10-20,NL,0,
nat19,355,native,2018-10-20,NL,4,
nat19,364,native,2018-10-20,NL,3,
nat19,375,native,2018-10-20,NL,4,
nat19,397,native,2018-10-20,NL,2,
nat19,398,native,2018-10-20,NL,0,
nat19,430,native,2018-10-20,NL,3,
nat19,46,native,2018-10-20,NL,0,
nat19,468,native,2018-10-20,NL,4,
nat19,482,native,2018-10-20,NL,4,
nat19,513,native,2018-10-20,NL,2,
nat19,538,native,2018-10-20,NL,1,
nat19,557,native,2018-10-20,NL,0,
nat19,571,native,2018-10-20,NL,0,
nat19,596,native,2018-10-20,NL,3,
nat19,606,native,2018-10-20,NL,3,
nat19,611,native,2018-10-20,NL,2,
nat19,616,native,2018-10-20,NL,5,
nat19,627,native,2018-10-20,NL,2,
nat19,631,native,2018-10-20,NL,4,
nat19,642,native,2018-10-20,NL,3,
nat19,65,native,2018-10-20,NL,0,
nat19,657,native,2018-10-20,NL,2,
nat19,659,native,2018-10-20,NL,4,
nat19,76,native,2018-10-20,NL,3,
nat20,301,native,2018-10-20,NL,3,
nat20,440,native,2018-10-20,NL,2,
nat20,446,native,2018-10-20,NL,2,
nat20,473,native,2018-10-20,NL,6,
nat20,519,native,2018-10-20,NL,4,
nat20,605,native,2018-10-20,NL,2,
nat20,615,native,2018-10-20,NL,0,
nat21,332,native,2018-10-20,NL,2,
nat21,333,native,2018-10-20,NL,0,
nat21,358,native,2018-10-20,NL,3,
nat21,422,native,2018-10-20,NL,2,
nat21,500,native,2018-10-20,NL,2,
nat21,527,native,2018-10-20,NL,3,
nat21,568,native,2018-10-20,NL,3,
nat21,573,native,2018-10-20,NL,4,
nat21,68,native,2018-10-20,NL,3,
nat22,101,native,2018-10-20,NL,2,
nat22,119,native,2018-10-20,NL,1,
nat22,142,native,2018-10-20,NL,4,
nat22,176,native,2018-10-20,NL,0,
nat22,191,native,2018-10-20,NL,1,
nat22,199,native,2018-10-20,NL,2,
nat22,25,native,2018-10-20,NL,0,
nat22,254,native,2018-10-20,NL,2,
nat22,353,native,2018-10-20,NL,0,
nat22,505,native,2018-10-20,NL,2,
nat22,535,native,2018-10-20,NL,3,
nat22,609,native,2018-10-20,NL,0,
nat22,638,native,2018-10-20,NL,1,
nat23,2,native,2018-10-20,NL,6,
nat23,216,native,2018-10-20,NL,2,
nat23,244,native,2018-10-20,NL,0,
nat23,259,native,2018-10-20,NL,4,
nat23,309,native,2018-10-20,NL,0,
nat23,334,native,2018-10-20,NL,2,
nat23,380,native,2018-10-20,NL,4,
nat23,501,native,2018-10-20,NL,3,
nat23,575,native,2018-10-20,NL,0,
nat24,147,native,2018-10-20,NL,4,
nat24,485,native,2018-10-20,NL,3,
nat24,489,native,2018-10-20,NL,5,
nat24,8,native,2018-10-20,NL,2,
nat24,90,native,2018-10-20,NL,4,
nat25,187,native,2018-10-20,NL,4,
nat25,299,native,2018-10-20,NL,0,
nat25,433,native,2018-10-20,NL,4,
nat25,520,native,2018-10-20,NL,3,
nat25,537,native,2018-10-20,NL,2,
nat25,582,native,2018-10-20,NL,6,
nat25,613,native,2018-10-20,NL,1,
nat26,151,native,2018-10-20,NL,5,
nat26,16,native,2018-10-20,NL,1,
nat26,182,native,2018-10-20,NL,6,
nat26,269,native,2018-10-20,NL,2,
nat26,310,native,2018-10-20,NL,0,
nat26,338,native,2018-10-20,NL,0,
nat26,345,native,2018-10-20,NL,1,
nat26,373,native,2018-10-20,NL,6,
nat26,402,native,2018-10-20,NL,2,
nat26,414,native,2018-10-20,NL,1,
nat26,424,native,2018-10-20,NL,1,
nat26,47,native,2018-10-20,NL,0,
nat26,471,native,2018-10-20,NL,2,
nat26,524,native,2018-10-20,NL,3,
nat26,561,native,2018-10-20,NL,5,
nat26,625,native,2018-10-20,NL,5,
nat27,141,native,2018-10-20,NL,0,
nat27,152,native,2018-10-20,NL,1,
nat27,181,native,2018-10-20,NL,6,
nat27,206,native,2018-10-20,NL,3,
nat27,23,native,2018-10-20,NL,0,
nat27,260,native,2018-10-20,NL,4,
nat27,263,native,2018-10-20,NL,0,
nat27,341,native,2018-10-20,NL,2,
nat27,347,native,2018-10-20,NL,3,
nat27,4,native,2018-10-20,NL,1,
nat27,406,native,2018-10-20,NL,2,
nat27,455,native,2018-10-20,NL,1,
nat27,517,native,2018-10-20,NL,1,
nat27,57,native,2018-10-20,NL,6,
nat27,655,native,2018-10-20,NL,0,
nat28,219,native,2018-10-20,NL,2,
nat28,304,native,2018-10-20,NL,2,
nat28,351,native,2018-10-20,NL,2,
nat28,448,native,2018-10-20,NL,0,
nat28,543,native,2018-10-20,NL,2,
nat28,598,native,2018-10-20,NL,0,
nat29,122,native,2018-10-20,NL,4,
nat29,137,native,2018-10-20,NL,1,
nat29,139,native,2018-10-20,NL,1,
nat29,153,native,2018-10-20,NL,4,
nat29,188,native,2018-10-20,NL,2,
nat29,194,native,2018-10-20,NL,3,
nat29,401,native,2018-10-20,NL,4,
nat29,423,native,2018-10-20,NL,2,
nat29,479,native,2018-10-20,NL,2,
nat29,5,native,2018-10-20,NL,6,
nat29,544,native,2018-10-20,NL,3,
nat29,565,native,2018-10-20,NL,3,
nat29,620,native,2018-10-20,NL,2,
nat29,99,native,2018-10-20,NL,2,
nat30,14,native,2018-10-20,NL,1,
nat30,429,native,2018-10-20,NL,1,
nat30,451,native,2018-10-20,NL,0,
nat30,592,native,2018-10-20,NL,0,
nat30,594,native,2018-10-20,NL,3,
nat30,650,native,2018-10-20,NL,1,
nat30,653,native,2018-10-20,NL,3,
nat31,225,native,2018-10-20,NL,1,
nat31,279,native,2018-10-20,NL,4,
nat32,138,native,2018-10-20,NL,2,
nat32,172,native,2018-10-20,NL,0,
nat32,197,native,2018-10-20,NL,4,
nat32,214,native,2018-10-20,NL,4,
nat32,303,native,2018-10-20,NL,4,
nat32,360,native,2018-10-20,NL,3,
nat32,385,native,2018-10-20,NL,4,
nat32,463,native,2018-10-20,NL,6,
nat33,297,native,2018-10-20,NL,0,
nat33,352,native,2018-10-20,NL,1,
nat33,365,native,2018-10-20,NL,1,
urb01,10,cultivar,2018-10-20,NL,7,
urb01,184,cultivar,2018-10-20,NL,3,
urb01,200,cultivar,2018-10-20,NL,5,
urb01,203,cultivar,2018-10-20,NL,5,
urb01,242,cultivar,2018-10-20,NL,2,
urb01,253,cultivar,2018-10-20,NL,3,
urb01,314,cultivar,2018-10-20,NL,5,
urb01,339,cultivar,2018-10-20,NL,4,
urb01,450,cultivar,2018-10-20,NL,4,
urb01,476,cultivar,2018-10-20,NL,3,
urb01,599,cultivar,2018-10-20,NL,2,
urb01,619,cultivar,2018-10-20,NL,1,
urb01,634,cultivar,2018-10-20,NL,2,
urb01,85,cultivar,2018-10-20,NL,1,
urb03,129,cultivar,2018-10-20,NL,7,
urb03,238,cultivar,2018-10-20,NL,1,
urb03,239,cultivar,2018-10-20,NL,6,
urb03,26,cultivar,2018-10-20,NL,5,
urb03,287,cultivar,2018-10-20,NL,8,
urb03,357,cultivar,2018-10-20,NL,5,
urb03,421,cultivar,2018-10-20,NL,6,
urb03,425,cultivar,2018-10-20,NL,4,
urb03,426,cultivar,2018-10-20,NL,4,
urb03,435,cultivar,2018-10-20,NL,4,
urb03,438,cultivar,2018-10-20,NL,4,
urb03,439,cultivar,2018-10-20,NL,0,
urb03,443,cultivar,2018-10-20,NL,0,
urb03,454,cultivar,2018-10-20,NL,1,
urb03,457,cultivar,2018-10-20,NL,3,
urb03,461,cultivar,2018-10-20,NL,0,
urb03,467,cultivar,2018-10-20,NL,4,
urb03,494,cultivar,2018-10-20,NL,3,
urb03,51,cultivar,2018-10-20,NL,6,
urb03,522,cultivar,2018-10-20,NL,1,
urb03,536,cultivar,2018-10-20,NL,3,
urb03,549,cultivar,2018-10-20,NL,2,
urb03,563,cultivar,2018-10-20,NL,1,
urb03,595,cultivar,2018-10-20,NL,2,
urb03,641,cultivar,2018-10-20,NL,3,
urb03,69,cultivar,2018-10-20,NL,2,
urb03,78,cultivar,2018-10-20,NL,0,
urb03,89,cultivar,2018-10-20,NL,1,
urb04,111,cultivar,2018-10-20,NL,3,
urb04,19,cultivar,2018-10-20,NL,3,
urb04,196,cultivar,2018-10-20,NL,3,
urb04,237,cultivar,2018-10-20,NL,5,
urb04,289,cultivar,2018-10-20,NL,0,
urb04,31,cultivar,2018-10-20,NL,4,
urb04,329,cultivar,2018-10-20,NL,4,
urb04,354,cultivar,2018-10-20,NL,4,
urb04,361,cultivar,2018-10-20,NL,3,
urb04,404,cultivar,2018-10-20,NL,1,
urb04,408,cultivar,2018-10-20,NL,8,
urb04,43,cultivar,2018-10-20,NL,3,
urb04,44,cultivar,2018-10-20,NL,1,
urb04,472,cultivar,2018-10-20,NL,5,
urb04,491,cultivar,2018-10-20,NL,5,
urb04,511,cultivar,2018-10-20,NL,3,
urb04,526,cultivar,2018-10-20,NL,4,
urb04,556,cultivar,2018-10-20,NL,0,
urb04,597,cultivar,2018-10-20,NL,0,
urb04,622,cultivar,2018-10-20,NL,2,
urb04,636,cultivar,2018-10-20,NL,6,
urb04,649,cultivar,2018-10-20,NL,5,
urb04,95,cultivar,2018-10-20,NL,3,
urb07,106,cultivar,2018-10-20,NL,4,
urb07,125,cultivar,2018-10-20,NL,1,
urb07,167,cultivar,2018-10-20,NL,3,
urb07,286,cultivar,2018-10-20,NL,6,
urb07,290,cultivar,2018-10-20,NL,4,
urb07,3,cultivar,2018-10-20,NL,4,
urb07,302,cultivar,2018-10-20,NL,6,
urb07,337,cultivar,2018-10-20,NL,2,
urb07,367,cultivar,2018-10-20,NL,3,
urb07,370,cultivar,2018-10-20,NL,2,
urb07,38,cultivar,2018-10-20,NL,3,
urb07,413,cultivar,2018-10-20,NL,3,
urb07,417,cultivar,2018-10-20,NL,0,
urb07,444,cultivar,2018-10-20,NL,4,
urb07,456,cultivar,2018-10-20,NL,9,
urb07,54,cultivar,2018-10-20,NL,2,
urb07,555,cultivar,2018-10-20,NL,2,
urb07,567,cultivar,2018-10-20,NL,5,
urb07,574,cultivar,2018-10-20,NL,5,
urb07,581,cultivar,2018-10-20,NL,4,
urb07,586,cultivar,2018-10-20,NL,0,
urb07,92,cultivar,2018-10-20,NL,2,
urb09,1,cultivar,2018-10-20,NL,8,
urb09,107,cultivar,2018-10-20,NL,8,
urb09,11,cultivar,2018-10-20,NL,6,
urb09,112,cultivar,2018-10-20,NL,9,
urb09,123,cultivar,2018-10-20,NL,6,
urb09,13,cultivar,2018-10-20,NL,6,
urb09,130,cultivar,2018-10-20,NL,11,
urb09,136,cultivar,2018-10-20,NL,5,
urb09,161,cultivar,2018-10-20,NL,0,
urb09,166,cultivar,2018-10-20,NL,1,
urb09,168,cultivar,2018-10-20,NL,2,
urb09,21,cultivar,2018-10-20,NL,9,
urb09,235,cultivar,2018-10-20,NL,0,
urb09,281,cultivar,2018-10-20,NL,6,
urb09,306,cultivar,2018-10-20,NL,4,
urb09,323,cultivar,2018-10-20,NL,7,
urb09,368,cultivar,2018-10-20,NL,13,
urb09,381,cultivar,2018-10-20,NL,5,
urb09,384,cultivar,2018-10-20,NL,4,
urb09,407,cultivar,2018-10-20,NL,5,
urb09,493,cultivar,2018-10-20,NL,5,
urb09,508,cultivar,2018-10-20,NL,7,
urb09,540,cultivar,2018-10-20,NL,3,
urb09,554,cultivar,2018-10-20,NL,10,
urb09,579,cultivar,2018-10-20,NL,8,
urb09,623,cultivar,2018-10-20,NL,4,
urb10,201,cultivar,2018-10-20,NL,2,
urb10,475,cultivar,2018-10-20,NL,5,
urb10,507,cultivar,2018-10-20,NL,1,
urb10,523,cultivar,2018-10-20,NL,6,
urb10,530,cultivar,2018-10-20,NL,4,
urb10,547,cultivar,2018-10-20,NL,3,
urb10,562,cultivar,2018-10-20,NL,9,
urb10,572,cultivar,2018-10-20,NL,4,
urb10,602,cultivar,2018-10-20,NL,4,
urb10,83,cultivar,2018-10-20,NL,1,
urb10,97,cultivar,2018-10-20,NL,5,
urb10,98,cultivar,2018-10-20,NL,4,
urb11,110,cultivar,2018-10-20,NL,7,
urb11,134,cultivar,2018-10-20,NL,5,
urb11,145,cultivar,2018-10-20,NL,0,
urb11,149,cultivar,2018-10-20,NL,6,
urb11,20,cultivar,2018-10-20,NL,6,
urb11,229,cultivar,2018-10-20,NL,4,
urb11,261,cultivar,2018-10-20,NL,3,
urb11,325,cultivar,2018-10-20,NL,8,
urb11,327,cultivar,2018-10-20,NL,6,
urb11,343,cultivar,2018-10-20,NL,5,
urb11,391,cultivar,2018-10-20,NL,4,
urb11,498,cultivar,2018-10-20,NL,5,
urb11,510,cultivar,2018-10-20,NL,7,
urb11,553,cultivar,2018-10-20,NL,6,
urb11,583,cultivar,2018-10-20,NL,5,
urb11,591,cultivar,2018-10-20,NL,6,
urb11,610,cultivar,2018-10-20,NL,2,
urb12,148,cultivar,2018-10-20,NL,2,
urb12,164,cultivar,2018-10-20,NL,1,
urb12,193,cultivar,2018-10-20,NL,0,
urb12,210,cultivar,2018-10-20,NL,6,
urb12,227,cultivar,2018-10-20,NL,2,
urb12,246,cultivar,2018-10-20,NL,0,
urb12,256,cultivar,2018-10-20,NL,3,
urb12,266,cultivar,2018-10-20,NL,0,
urb12,294,cultivar,2018-10-20,NL,6,
urb12,319,cultivar,2018-10-20,NL,0,
urb12,32,cultivar,2018-10-20,NL,3,
urb12,324,cultivar,2018-10-20,NL,0,
urb12,36,cultivar,2018-10-20,NL,0,
urb12,437,cultivar,2018-10-20,NL,2,
urb12,465,cultivar,2018-10-20,NL,5,
urb12,593,cultivar,2018-10-20,NL,7,
urb12,639,cultivar,2018-10-20,NL,0,
urb12,640,cultivar,2018-10-20,NL,0,
urb13,12,cultivar,2018-10-20,NL,5,
urb13,120,cultivar,2018-10-20,NL,1,
urb13,156,cultivar,2018-10-20,NL,9,
urb13,245,cultivar,2018-10-20,NL,3,
urb13,258,cultivar,2018-10-20,NL,3,
urb13,277,cultivar,2018-10-20,NL,5,
urb13,292,cultivar,2018-10-20,NL,3,
urb13,315,cultivar,2018-10-20,NL,4,
urb13,411,cultivar,2018-10-20,NL,1,
urb13,637,cultivar,2018-10-20,NL,2,
urb13,654,cultivar,2018-10-20,NL,5,
urb13,82,cultivar,2018-10-20,NL,1,
urb14,117,cultivar,2018-10-20,NL,0,
urb14,126,cultivar,2018-10-20,NL,2,
urb14,157,cultivar,2018-10-20,NL,1,
urb14,162,cultivar,2018-10-20,NL,7,
urb14,163,cultivar,2018-10-20,NL,4,
urb14,18,cultivar,2018-10-20,NL,2,
urb14,217,cultivar,2018-10-20,NL,2,
urb14,265,cultivar,2018-10-20,NL,6,
urb14,293,cultivar,2018-10-20,NL,2,
urb14,35,cultivar,2018-10-20,NL,2,
urb14,395,cultivar,2018-10-20,NL,4,
urb14,428,cultivar,2018-10-20,NL,4,
urb14,441,cultivar,2018-10-20,NL,3,
urb14,453,cultivar,2018-10-20,NL,3,
urb14,488,cultivar,2018-10-20,NL,2,
urb14,497,cultivar,2018-10-20,NL,0,
urb14,529,cultivar,2018-10-20,NL,1,
urb14,587,cultivar,2018-10-20,NL,1,
urb14,600,cultivar,2018-10-20,NL,3,
urb14,603,cultivar,2018-10-20,NL,4,
urb14,652,cultivar,2018-10-20,NL,0,
urb14,9,cultivar,2018-10-20,NL,6,
urb17,207,cultivar,2018-10-20,NL,5,
urb17,213,cultivar,2018-10-20,NL,0,
urb17,250,cultivar,2018-10-20,NL,2,
urb17,276,cultivar,2018-10-20,NL,0,
urb17,280,cultivar,2018-10-20,NL,0,
urb17,300,cultivar,2018-10-20,NL,4,
urb17,311,cultivar,2018-10-20,NL,3,
urb17,410,cultivar,2018-10-20,NL,6,
urb17,546,cultivar,2018-10-20,NL,2,
urb17,570,cultivar,2018-10-20,NL,2,
urb17,617,cultivar,2018-10-20,NL,7,
urb17,621,cultivar,2018-10-20,NL,2,
urb17,643,cultivar,2018-10-20,NL,0,
urb17,70,cultivar,2018-10-20,NL,6,
urb17,80,cultivar,2018-10-20,NL,5,
urb17,87,cultivar,2018-10-20,NL,1,
urb18,155,cultivar,2018-10-20,NL,3,
urb18,252,cultivar,2018-10-20,NL,2,
urb18,330,cultivar,2018-10-20,NL,7,
urb18,416,cultivar,2018-10-20,NL,6,
urb18,470,cultivar,2018-10-20,NL,4,
urb18,483,cultivar,2018-10-20,NL,0,
urb18,509,cultivar,2018-10-20,NL,0,
urb18,52,cultivar,2018-10-20,NL,0,
urb18,651,cultivar,2018-10-20,NL,3,
urb23,132,cultivar,2018-10-20,NL,3,
urb23,143,cultivar,2018-10-20,NL,6,
urb23,178,cultivar,2018-10-20,NL,3,
urb23,228,cultivar,2018-10-20,NL,2,
urb23,24,cultivar,2018-10-20,NL,3,
urb23,29,cultivar,2018-10-20,NL,4,
urb23,313,cultivar,2018-10-20,NL,5,
urb23,316,cultivar,2018-10-20,NL,2,
urb23,418,cultivar,2018-10-20,NL,6,
urb23,528,cultivar,2018-10-20,NL,3,
urb23,542,cultivar,2018-10-20,NL,0,
urb23,58,cultivar,2018-10-20,NL,3,
urb23,601,cultivar,2018-10-20,NL,4,
urb23,604,cultivar,2018-10-20,NL,5,
urb23,645,cultivar,2018-10-20,NL,1,
urb23,81,cultivar,2018-10-20,NL,9,
urb24,133,cultivar,2018-10-20,NL,4,
urb24,160,cultivar,2018-10-20,NL,3,
urb24,169,cultivar,2018-10-20,NL,1,
urb24,209,cultivar,2018-10-20,NL,2,
urb24,234,cultivar,2018-10-20,NL,5,
urb24,248,cultivar,2018-10-20,NL,3,
urb24,284,cultivar,2018-10-20,NL,2,
urb24,431,cultivar,2018-10-20,NL,3,
urb24,449,cultivar,2018-10-20,NL,1,
urb24,490,cultivar,2018-10-20,NL,2,
urb24,516,cultivar,2018-10-20,NL,3,
urb24,585,cultivar,2018-10-20,NL,0,
urb24,60,cultivar,2018-10-20,NL,4,
urb24,628,cultivar,2018-10-20,NL,7,
urb25,173,cultivar,2018-10-20,NL,2,
urb25,192,cultivar,2018-10-20,NL,2,
urb25,198,cultivar,2018-10-20,NL,4,
urb25,204,cultivar,2018-10-20,NL,0,
urb25,257,cultivar,2018-10-20,NL,2,
urb25,335,cultivar,2018-10-20,NL,4,
urb25,344,cultivar,2018-10-20,NL,1,
urb25,348,cultivar,2018-10-20,NL,2,
urb25,371,cultivar,2018-10-20,NL,5,
urb25,374,cultivar,2018-10-20,NL,6,
urb25,403,cultivar,2018-10-20,NL,1,
urb25,412,cultivar,2018-10-20,NL,5,
urb25,415,cultivar,2018-10-20,NL,4,
urb25,442,cultivar,2018-10-20,NL,3,
urb25,452,cultivar,2018-10-20,NL,0,
urb25,458,cultivar,2018-10-20,NL,4,
urb25,478,cultivar,2018-10-20,NL,4,
urb25,486,cultivar,2018-10-20,NL,4,
urb25,518,cultivar,2018-10-20,NL,2,
urb25,590,cultivar,2018-10-20,NL,7,
urb25,88,cultivar,2018-10-20,NL,4,
urb26,104,cultivar,2018-10-20,NL,0,
urb26,109,cultivar,2018-10-20,NL,3,
urb26,180,cultivar,2018-10-20,NL,5,
urb26,268,cultivar,2018-10-20,NL,4,
urb26,273,cultivar,2018-10-20,NL,2,
urb26,320,cultivar,2018-10-20,NL,8,
urb26,356,cultivar,2018-10-20,NL,5,
urb26,386,cultivar,2018-10-20,NL,3,
urb26,392,cultivar,2018-10-20,NL,0,
urb26,427,cultivar,2018-10-20,NL,6,
urb26,502,cultivar,2018-10-20,NL,6,
urb26,525,cultivar,2018-10-20,NL,4,
urb26,551,cultivar,2018-10-20,NL,2,
urb26,578,cultivar,2018-10-20,NL,5,
urb26,624,cultivar,2018-10-20,NL,1,
urb26,633,cultivar,2018-10-20,NL,4,
urb26,661,cultivar,2018-10-20,NL,4,
urb28,103,cultivar,2018-10-20,NL,2,
urb28,118,cultivar,2018-10-20,NL,5,
urb28,171,cultivar,2018-10-20,NL,1,
urb28,205,cultivar,2018-10-20,NL,5,
urb28,240,cultivar,2018-10-20,NL,1,
urb28,27,cultivar,2018-10-20,NL,4,
urb28,295,cultivar,2018-10-20,NL,3,
urb28,318,cultivar,2018-10-20,NL,1,
urb28,342,cultivar,2018-10-20,NL,0,
urb28,369,cultivar,2018-10-20,NL,0,
urb28,387,cultivar,2018-10-20,NL,4,
urb28,39,cultivar,2018-10-20,NL,3,
urb28,474,cultivar,2018-10-20,NL,3,
urb28,49,cultivar,2018-10-20,NL,4,
urb28,50,cultivar,2018-10-20,NL,4,
urb28,506,cultivar,2018-10-20,NL,2,
urb28,512,cultivar,2018-10-20,NL,4,
urb28,541,cultivar,2018-10-20,NL,3,
urb28,62,cultivar,2018-10-20,NL,5,
urb28,660,cultivar,2018-10-20,NL,2,
urb28,75,cultivar,2018-10-20,NL,0,
urb28,77,cultivar,2018-10-20,NL,1,
urb29,113,cultivar,2018-10-20,NL,3,
urb29,124,cultivar,2018-10-20,NL,8,
urb29,158,cultivar,2018-10-20,NL,0,
urb29,165,cultivar,2018-10-20,NL,4,
urb29,363,cultivar,2018-10-20,NL,1,
urb29,394,cultivar,2018-10-20,NL,2,
urb29,400,cultivar,2018-10-20,NL,4,
urb29,504,cultivar,2018-10-20,NL,1,
urb29,552,cultivar,2018-10-20,NL,1,
urb31,108,cultivar,2018-10-20,NL,8,
urb31,220,cultivar,2018-10-20,NL,0,
urb31,231,cultivar,2018-10-20,NL,3,
urb31,233,cultivar,2018-10-20,NL,4,
urb31,247,cultivar,2018-10-20,NL,3,
urb31,308,cultivar,2018-10-20,NL,4,
urb31,346,cultivar,2018-10-20,NL,1,
urb31,372,cultivar,2018-10-20,NL,0,
urb31,434,cultivar,2018-10-20,NL,4,
urb31,460,cultivar,2018-10-20,NL,0,
urb31,48,cultivar,2018-10-20,NL,0,
urb31,481,cultivar,2018-10-20,NL,3,
urb31,495,cultivar,2018-10-20,NL,2,
urb31,514,cultivar,2018-10-20,NL,2,
urb31,539,cultivar,2018-10-20,NL,0,
urb31,55,cultivar,2018-10-20,NL,4,
urb31,576,cultivar,2018-10-20,NL,3,
urb31,588,cultivar,2018-10-20,NL,7,
urb31,59,cultivar,2018-10-20,NL,0,
urb31,612,cultivar,2018-10-20,NL,9,
urb31,63,cultivar,2018-10-20,NL,6,
urb31,644,cultivar,2018-10-20,NL,0,
urb32,189,cultivar,2018-10-20,NL,6,
urb32,208,cultivar,2018-10-20,NL,0,
urb32,264,cultivar,2018-10-20,NL,2,
urb32,350,cultivar,2018-10-20,NL,9,
urb32,366,cultivar,2018-10-20,NL,8,
urb32,378,cultivar,2018-10-20,NL,5,
urb32,379,cultivar,2018-10-20,NL,6,
urb32,382,cultivar,2018-10-20,NL,4,
urb32,390,cultivar,2018-10-20,NL,5,
urb32,42,cultivar,2018-10-20,NL,6,
urb32,420,cultivar,2018-10-20,NL,0,
urb32,45,cultivar,2018-10-20,NL,5,
urb32,53,cultivar,2018-10-20,NL,7,
urb32,550,cultivar,2018-10-20,NL,7,
urb32,618,cultivar,2018-10-20,NL,9,
urb32,635,cultivar,2018-10-20,NL,4,
urb32,64,cultivar,2018-10-20,NL,4,
urb32,658,cultivar,2018-10-20,NL,2,
urb32,72,cultivar,2018-10-20,NL,4,
nat18,326,native,2019-07-09,NL,8,
nat18,480,native,2019-07-09,NL,14,
nat18,632,native,2019-07-09,NL,12,
nat19,100,native,2019-07-09,NL,6,
nat19,183,native,2019-07-09,NL,4,
nat19,185,native,2019-07-09,NL,8,
nat19,190,native,2019-07-09,NL,9,
nat19,22,native,2019-07-09,NL,7,
nat19,223,native,2019-07-09,NL,10,
nat19,270,native,2019-07-09,NL,6,
nat19,275,native,2019-07-09,NL,28,
nat19,33,native,2019-07-09,NL,11,
nat19,355,native,2019-07-09,NL,10,
nat19,364,native,2019-07-09,NL,10,
nat19,375,native,2019-07-09,NL,8,
nat19,397,native,2019-07-09,NL,8,
nat19,430,native,2019-07-09,NL,16,
nat19,46,native,2019-07-09,NL,10,
nat19,468,native,2019-07-09,NL,0,
nat19,482,native,2019-07-09,NL,12,
nat19,513,native,2019-07-09,NL,6,
nat19,538,native,2019-07-09,NL,9,
nat19,557,native,2019-07-09,NL,8,
nat19,596,native,2019-07-09,NL,12,
nat19,606,native,2019-07-09,NL,10,
nat19,611,native,2019-07-09,NL,10,
nat19,616,native,2019-07-09,NL,8,
nat19,627,native,2019-07-09,NL,4,
nat19,631,native,2019-07-09,NL,11,
nat19,657,native,2019-07-09,NL,8,
nat19,659,native,2019-07-09,NL,8,
nat19,76,native,2019-07-09,NL,8,
nat20,301,native,2019-07-09,NL,7,
nat20,446,native,2019-07-09,NL,9,
nat20,473,native,2019-07-09,NL,8,
nat20,519,native,2019-07-09,NL,23,
nat20,605,native,2019-07-09,NL,8,
nat20,615,native,2019-07-09,NL,16,
nat21,332,native,2019-07-09,NL,8,
nat21,333,native,2019-07-09,NL,6,
nat21,358,native,2019-07-09,NL,10,
nat21,422,native,2019-07-09,NL,6,
nat21,500,native,2019-07-09,NL,15,
nat21,527,native,2019-07-09,NL,14,
nat21,568,native,2019-07-09,NL,14,
nat21,573,native,2019-07-09,NL,16,
nat21,68,native,2019-07-09,NL,8,
nat22,101,native,2019-07-09,NL,6,
nat22,119,native,2019-07-09,NL,8,
nat22,142,native,2019-07-09,NL,8,
nat22,176,native,2019-07-09,NL,4,
nat22,191,native,2019-07-09,NL,8,
nat22,199,native,2019-07-09,NL,6,
nat22,25,native,2019-07-09,NL,8,
nat22,254,native,2019-07-09,NL,13,
nat22,353,native,2019-07-09,NL,10,
nat22,505,native,2019-07-09,NL,19,
nat22,535,native,2019-07-09,NL,10,
nat22,609,native,2019-07-09,NL,20,
nat22,638,native,2019-07-09,NL,12,
nat23,2,native,2019-07-09,NL,10,
nat23,216,native,2019-07-09,NL,6,
nat23,244,native,2019-07-09,NL,8,
nat23,259,native,2019-07-09,NL,20,
nat23,309,native,2019-07-09,NL,8,
nat23,380,native,2019-07-09,NL,8,
nat23,501,native,2019-07-09,NL,3,
nat24,147,native,2019-07-09,NL,7,
nat24,485,native,2019-07-09,NL,10,
nat24,489,native,2019-07-09,NL,8,
nat24,90,native,2019-07-09,NL,14,
nat25,187,native,2019-07-09,NL,6,
nat25,299,native,2019-07-09,NL,20,
nat25,433,native,2019-07-09,NL,12,
nat25,520,native,2019-07-09,NL,18,
nat25,582,native,2019-07-09,NL,12,
nat25,613,native,2019-07-09,NL,11,
nat26,151,native,2019-07-09,NL,10,
nat26,16,native,2019-07-09,NL,6,
nat26,182,native,2019-07-09,NL,12,
nat26,269,native,2019-07-09,NL,7,
nat26,310,native,2019-07-09,NL,8,
nat26,338,native,2019-07-09,NL,6,
nat26,345,native,2019-07-09,NL,8,
nat26,373,native,2019-07-09,NL,11,
nat26,402,native,2019-07-09,NL,10,
nat26,414,native,2019-07-09,NL,6,
nat26,424,native,2019-07-09,NL,8,
nat26,47,native,2019-07-09,NL,10,
nat26,471,native,2019-07-09,NL,8,
nat26,524,native,2019-07-09,NL,10,
nat26,561,native,2019-07-09,NL,12,
nat26,625,native,2019-07-09,NL,16,
nat27,152,native,2019-07-09,NL,8,
nat27,181,native,2019-07-09,NL,8,
nat27,206,native,2019-07-09,NL,5,
nat27,260,native,2019-07-09,NL,8,
nat27,347,native,2019-07-09,NL,6,
nat27,4,native,2019-07-09,NL,7,
nat27,406,native,2019-07-09,NL,8,
nat27,455,native,2019-07-09,NL,15,
nat27,517,native,2019-07-09,NL,10,
nat27,57,native,2019-07-09,NL,19,
nat27,655,native,2019-07-09,NL,8,
nat28,219,native,2019-07-09,NL,10,
nat28,304,native,2019-07-09,NL,11,
nat28,351,native,2019-07-09,NL,14,
nat28,448,native,2019-07-09,NL,10,
nat28,543,native,2019-07-09,NL,13,
nat28,598,native,2019-07-09,NL,18,
nat29,122,native,2019-07-09,NL,8,
nat29,137,native,2019-07-09,NL,8,
nat29,139,native,2019-07-09,NL,14,
nat29,153,native,2019-07-09,NL,14,
nat29,188,native,2019-07-09,NL,6,
nat29,194,native,2019-07-09,NL,8,
nat29,401,native,2019-07-09,NL,12,
nat29,423,native,2019-07-09,NL,9,
nat29,479,native,2019-07-09,NL,10,
nat29,5,native,2019-07-09,NL,8,
nat29,544,native,2019-07-09,NL,16,
nat29,565,native,2019-07-09,NL,10,
nat29,620,native,2019-07-09,NL,20,
nat29,99,native,2019-07-09,NL,8,
nat30,14,native,2019-07-09,NL,8,
nat30,429,native,2019-07-09,NL,8,
nat30,451,native,2019-07-09,NL,6,
nat30,650,native,2019-07-09,NL,8,
nat31,225,native,2019-07-09,NL,8,
nat31,279,native,2019-07-09,NL,12,
nat32,138,native,2019-07-09,NL,11,
nat32,197,native,2019-07-09,NL,12,
nat32,214,native,2019-07-09,NL,6,
nat32,303,native,2019-07-09,NL,10,
nat32,360,native,2019-07-09,NL,10,
nat32,385,native,2019-07-09,NL,9,
nat32,463,native,2019-07-09,NL,15,
nat33,297,native,2019-07-09,NL,18,
nat33,352,native,2019-07-09,NL,14,
nat33,365,native,2019-07-09,NL,12,
urb01,184,cultivar,2019-07-09,NL,11,
urb01,200,cultivar,2019-07-09,NL,10,
urb01,203,cultivar,2019-07-09,NL,10,
urb01,242,cultivar,2019-07-09,NL,6,
urb01,253,cultivar,2019-07-09,NL,8,
urb01,314,cultivar,2019-07-09,NL,12,
urb01,339,cultivar,2019-07-09,NL,6,
urb01,450,cultivar,2019-07-09,NL,21,
urb01,476,cultivar,2019-07-09,NL,8,
urb01,599,cultivar,2019-07-09,NL,10,
urb01,634,cultivar,2019-07-09,NL,20,
urb01,85,cultivar,2019-07-09,NL,6,
urb03,129,cultivar,2019-07-09,NL,23,
urb03,238,cultivar,2019-07-09,NL,6,
urb03,239,cultivar,2019-07-09,NL,24,
urb03,26,cultivar,2019-07-09,NL,26,
urb03,287,cultivar,2019-07-09,NL,11,
urb03,357,cultivar,2019-07-09,NL,24,
urb03,421,cultivar,2019-07-09,NL,6,
urb03,425,cultivar,2019-07-09,NL,5,
urb03,426,cultivar,2019-07-09,NL,14,
urb03,435,cultivar,2019-07-09,NL,10,
urb03,438,cultivar,2019-07-09,NL,10,
urb03,439,cultivar,2019-07-09,NL,11,
urb03,443,cultivar,2019-07-09,NL,8,
urb03,454,cultivar,2019-07-09,NL,8,
urb03,457,cultivar,2019-07-09,NL,8,
urb03,461,cultivar,2019-07-09,NL,23,
urb03,467,cultivar,2019-07-09,NL,12,
urb03,494,cultivar,2019-07-09,NL,13,
urb03,51,cultivar,2019-07-09,NL,8,
urb03,522,cultivar,2019-07-09,NL,10,
urb03,536,cultivar,2019-07-09,NL,16,
urb03,549,cultivar,2019-07-09,NL,12,
urb03,563,cultivar,2019-07-09,NL,15,
urb03,595,cultivar,2019-07-09,NL,20,
urb03,641,cultivar,2019-07-09,NL,16,
urb03,69,cultivar,2019-07-09,NL,6,
urb03,78,cultivar,2019-07-09,NL,8,
urb04,111,cultivar,2019-07-09,NL,11,
urb04,19,cultivar,2019-07-09,NL,16,
urb04,196,cultivar,2019-07-09,NL,7,
urb04,237,cultivar,2019-07-09,NL,6,
urb04,289,cultivar,2019-07-09,NL,6,
urb04,31,cultivar,2019-07-09,NL,8,
urb04,329,cultivar,2019-07-09,NL,0,
urb04,354,cultivar,2019-07-09,NL,8,
urb04,361,cultivar,2019-07-09,NL,12,
urb04,404,cultivar,2019-07-09,NL,16,
urb04,408,cultivar,2019-07-09,NL,10,
urb04,43,cultivar,2019-07-09,NL,8,
urb04,44,cultivar,2019-07-09,NL,7,
urb04,472,cultivar,2019-07-09,NL,7,
urb04,491,cultivar,2019-07-09,NL,3,
urb04,511,cultivar,2019-07-09,NL,10,
urb04,526,cultivar,2019-07-09,NL,10,
urb04,556,cultivar,2019-07-09,NL,14,
urb04,622,cultivar,2019-07-09,NL,16,
urb04,636,cultivar,2019-07-09,NL,10,
urb04,649,cultivar,2019-07-09,NL,16,
urb04,95,cultivar,2019-07-09,NL,20,
urb07,106,cultivar,2019-07-09,NL,8,
urb07,125,cultivar,2019-07-09,NL,15,
urb07,167,cultivar,2019-07-09,NL,8,
urb07,286,cultivar,2019-07-09,NL,6,
urb07,290,cultivar,2019-07-09,NL,7,
urb07,3,cultivar,2019-07-09,NL,11,
urb07,302,cultivar,2019-07-09,NL,24,
urb07,337,cultivar,2019-07-09,NL,8,
urb07,367,cultivar,2019-07-09,NL,22,
urb07,370,cultivar,2019-07-09,NL,10,
urb07,38,cultivar,2019-07-09,NL,10,
urb07,413,cultivar,2019-07-09,NL,8,
urb07,444,cultivar,2019-07-09,NL,8,
urb07,456,cultivar,2019-07-09,NL,15,
urb07,54,cultivar,2019-07-09,NL,6,
urb07,567,cultivar,2019-07-09,NL,8,
urb07,574,cultivar,2019-07-09,NL,12,
urb07,581,cultivar,2019-07-09,NL,12,
urb07,586,cultivar,2019-07-09,NL,8,
urb07,92,cultivar,2019-07-09,NL,10,
urb09,1,cultivar,2019-07-09,NL,8,
urb09,107,cultivar,2019-07-09,NL,10,
urb09,11,cultivar,2019-07-09,NL,8,
urb09,112,cultivar,2019-07-09,NL,24,
urb09,123,cultivar,2019-07-09,NL,8,
urb09,13,cultivar,2019-07-09,NL,19,
urb09,130,cultivar,2019-07-09,NL,25,
urb09,136,cultivar,2019-07-09,NL,10,
urb09,161,cultivar,2019-07-09,NL,14,
urb09,166,cultivar,2019-07-09,NL,11,
urb09,168,cultivar,2019-07-09,NL,6,
urb09,21,cultivar,2019-07-09,NL,24,
urb09,235,cultivar,2019-07-09,NL,18,
urb09,281,cultivar,2019-07-09,NL,20,
urb09,306,cultivar,2019-07-09,NL,10,
urb09,323,cultivar,2019-07-09,NL,16,
urb09,368,cultivar,2019-07-09,NL,29,
urb09,381,cultivar,2019-07-09,NL,20,
urb09,384,cultivar,2019-07-09,NL,5,
urb09,407,cultivar,2019-07-09,NL,30,
urb09,493,cultivar,2019-07-09,NL,10,
urb09,508,cultivar,2019-07-09,NL,8,
urb09,540,cultivar,2019-07-09,NL,10,
urb09,554,cultivar,2019-07-09,NL,19,
urb09,579,cultivar,2019-07-09,NL,10,
urb09,623,cultivar,2019-07-09,NL,16,
urb10,201,cultivar,2019-07-09,NL,8,
urb10,475,cultivar,2019-07-09,NL,14,
urb10,507,cultivar,2019-07-09,NL,8,
urb10,523,cultivar,2019-07-09,NL,10,
urb10,530,cultivar,2019-07-09,NL,4,
urb10,547,cultivar,2019-07-09,NL,20,
urb10,572,cultivar,2019-07-09,NL,22,
urb10,602,cultivar,2019-07-09,NL,10,
urb10,97,cultivar,2019-07-09,NL,8,
urb10,98,cultivar,2019-07-09,NL,10,
urb11,110,cultivar,2019-07-09,NL,24,
urb11,134,cultivar,2019-07-09,NL,8,
urb11,145,cultivar,2019-07-09,NL,6,
urb11,149,cultivar,2019-07-09,NL,6,
urb11,20,cultivar,2019-07-09,NL,8,
urb11,229,cultivar,2019-07-09,NL,10,
urb11,261,cultivar,2019-07-09,NL,8,
urb11,325,cultivar,2019-07-09,NL,12,
urb11,327,cultivar,2019-07-09,NL,14,
urb11,343,cultivar,2019-07-09,NL,14,
urb11,391,cultivar,2019-07-09,NL,22,
urb11,498,cultivar,2019-07-09,NL,10,
urb11,510,cultivar,2019-07-09,NL,15,
urb11,553,cultivar,2019-07-09,NL,26,
urb11,583,cultivar,2019-07-09,NL,6,
urb11,591,cultivar,2019-07-09,NL,11,
urb11,610,cultivar,2019-07-09,NL,10,
urb12,148,cultivar,2019-07-09,NL,8,
urb12,193,cultivar,2019-07-09,NL,6,
urb12,210,cultivar,2019-07-09,NL,8,
urb12,227,cultivar,2019-07-09,NL,8,
urb12,246,cultivar,2019-07-09,NL,6,
urb12,256,cultivar,2019-07-09,NL,8,
urb12,266,cultivar,2019-07-09,NL,8,
urb12,294,cultivar,2019-07-09,NL,10,
urb12,319,cultivar,2019-07-09,NL,8,
urb12,32,cultivar,2019-07-09,NL,8,
urb12,324,cultivar,2019-07-09,NL,14,
urb12,36,cultivar,2019-07-09,NL,8,
urb12,437,cultivar,2019-07-09,NL,26,
urb12,465,cultivar,2019-07-09,NL,14,
urb12,496,cultivar,2019-07-09,NL,3,
urb12,593,cultivar,2019-07-09,NL,12,
urb12,639,cultivar,2019-07-09,NL,11,
urb12,640,cultivar,2019-07-09,NL,15,
urb13,12,cultivar,2019-07-09,NL,7,
urb13,120,cultivar,2019-07-09,NL,6,
urb13,156,cultivar,2019-07-09,NL,10,
urb13,245,cultivar,2019-07-09,NL,8,
urb13,277,cultivar,2019-07-09,NL,8,
urb13,292,cultivar,2019-07-09,NL,6,
urb13,315,cultivar,2019-07-09,NL,6,
urb13,411,cultivar,2019-07-09,NL,8,
urb13,637,cultivar,2019-07-09,NL,8,
urb13,654,cultivar,2019-07-09,NL,13,
urb13,82,cultivar,2019-07-09,NL,8,
urb14,126,cultivar,2019-07-09,NL,8,
urb14,157,cultivar,2019-07-09,NL,8,
urb14,162,cultivar,2019-07-09,NL,8,
urb14,163,cultivar,2019-07-09,NL,8,
urb14,18,cultivar,2019-07-09,NL,8,
urb14,217,cultivar,2019-07-09,NL,8,
urb14,265,cultivar,2019-07-09,NL,8,
urb14,293,cultivar,2019-07-09,NL,8,
urb14,35,cultivar,2019-07-09,NL,8,
urb14,395,cultivar,2019-07-09,NL,10,
urb14,428,cultivar,2019-07-09,NL,8,
urb14,441,cultivar,2019-07-09,NL,7,
urb14,453,cultivar,2019-07-09,NL,10,
urb14,488,cultivar,2019-07-09,NL,8,
urb14,497,cultivar,2019-07-09,NL,8,
urb14,529,cultivar,2019-07-09,NL,8,
urb14,587,cultivar,2019-07-09,NL,8,
urb14,603,cultivar,2019-07-09,NL,8,
urb14,652,cultivar,2019-07-09,NL,9,
urb14,9,cultivar,2019-07-09,NL,8,
urb17,207,cultivar,2019-07-09,NL,7,
urb17,213,cultivar,2019-07-09,NL,6,
urb17,250,cultivar,2019-07-09,NL,8,
urb17,276,cultivar,2019-07-09,NL,22,
urb17,280,cultivar,2019-07-09,NL,16,
urb17,300,cultivar,2019-07-09,NL,10,
urb17,311,cultivar,2019-07-09,NL,10,
urb17,410,cultivar,2019-07-09,NL,10,
urb17,546,cultivar,2019-07-09,NL,12,
urb17,570,cultivar,2019-07-09,NL,10,
urb17,617,cultivar,2019-07-09,NL,13,
urb17,621,cultivar,2019-07-09,NL,8,
urb17,70,cultivar,2019-07-09,NL,8,
urb17,80,cultivar,2019-07-09,NL,8,
urb18,155,cultivar,2019-07-09,NL,8,
urb18,330,cultivar,2019-07-09,NL,8,
urb18,416,cultivar,2019-07-09,NL,7,
urb18,470,cultivar,2019-07-09,NL,5,
urb18,483,cultivar,2019-07-09,NL,8,
urb18,509,cultivar,2019-07-09,NL,9,
urb18,52,cultivar,2019-07-09,NL,3,
urb23,132,cultivar,2019-07-09,NL,8,
urb23,143,cultivar,2019-07-09,NL,20,
urb23,178,cultivar,2019-07-09,NL,16,
urb23,24,cultivar,2019-07-09,NL,7,
urb23,29,cultivar,2019-07-09,NL,10,
urb23,313,cultivar,2019-07-09,NL,16,
urb23,316,cultivar,2019-07-09,NL,8,
urb23,418,cultivar,2019-07-09,NL,10,
urb23,528,cultivar,2019-07-09,NL,10,
urb23,542,cultivar,2019-07-09,NL,16,
urb23,58,cultivar,2019-07-09,NL,4,
urb23,601,cultivar,2019-07-09,NL,12,
urb23,604,cultivar,2019-07-09,NL,26,
urb23,645,cultivar,2019-07-09,NL,8,
urb23,81,cultivar,2019-07-09,NL,6,
urb24,133,cultivar,2019-07-09,NL,8,
urb24,160,cultivar,2019-07-09,NL,8,
urb24,169,cultivar,2019-07-09,NL,5,
urb24,209,cultivar,2019-07-09,NL,6,
urb24,234,cultivar,2019-07-09,NL,8,
urb24,248,cultivar,2019-07-09,NL,8,
urb24,284,cultivar,2019-07-09,NL,8,
urb24,431,cultivar,2019-07-09,NL,10,
urb24,449,cultivar,2019-07-09,NL,12,
urb24,516,cultivar,2019-07-09,NL,8,
urb24,585,cultivar,2019-07-09,NL,16,
urb24,60,cultivar,2019-07-09,NL,10,
urb24,628,cultivar,2019-07-09,NL,10,
urb25,173,cultivar,2019-07-09,NL,8,
urb25,192,cultivar,2019-07-09,NL,9,
urb25,198,cultivar,2019-07-09,NL,8,
urb25,335,cultivar,2019-07-09,NL,10,
urb25,344,cultivar,2019-07-09,NL,8,
urb25,348,cultivar,2019-07-09,NL,10,
urb25,371,cultivar,2019-07-09,NL,8,
urb25,374,cultivar,2019-07-09,NL,10,
urb25,403,cultivar,2019-07-09,NL,14,
urb25,412,cultivar,2019-07-09,NL,8,
urb25,415,cultivar,2019-07-09,NL,8,
urb25,442,cultivar,2019-07-09,NL,12,
urb25,452,cultivar,2019-07-09,NL,0,
urb25,458,cultivar,2019-07-09,NL,8,
urb25,478,cultivar,2019-07-09,NL,14,
urb25,486,cultivar,2019-07-09,NL,10,
urb25,518,cultivar,2019-07-09,NL,18,
urb25,590,cultivar,2019-07-09,NL,22,
urb25,88,cultivar,2019-07-09,NL,12,
urb26,109,cultivar,2019-07-09,NL,10,
urb26,180,cultivar,2019-07-09,NL,10,
urb26,268,cultivar,2019-07-09,NL,8,
urb26,320,cultivar,2019-07-09,NL,10,
urb26,356,cultivar,2019-07-09,NL,10,
urb26,386,cultivar,2019-07-09,NL,3,
urb26,392,cultivar,2019-07-09,NL,8,
urb26,427,cultivar,2019-07-09,NL,8,
urb26,502,cultivar,2019-07-09,NL,10,
urb26,525,cultivar,2019-07-09,NL,10,
urb26,551,cultivar,2019-07-09,NL,10,
urb26,578,cultivar,2019-07-09,NL,10,
urb26,624,cultivar,2019-07-09,NL,12,
urb26,633,cultivar,2019-07-09,NL,10,
urb26,661,cultivar,2019-07-09,NL,8,
urb28,103,cultivar,2019-07-09,NL,10,
urb28,118,cultivar,2019-07-09,NL,11,
urb28,171,cultivar,2019-07-09,NL,7,
urb28,205,cultivar,2019-07-09,NL,8,
urb28,27,cultivar,2019-07-09,NL,10,
urb28,295,cultivar,2019-07-09,NL,0,
urb28,342,cultivar,2019-07-09,NL,13,
urb28,369,cultivar,2019-07-09,NL,7,
urb28,387,cultivar,2019-07-09,NL,13,
urb28,39,cultivar,2019-07-09,NL,10,
urb28,474,cultivar,2019-07-09,NL,10,
urb28,49,cultivar,2019-07-09,NL,10,
urb28,50,cultivar,2019-07-09,NL,7,
urb28,506,cultivar,2019-07-09,NL,8,
urb28,512,cultivar,2019-07-09,NL,11,
urb28,541,cultivar,2019-07-09,NL,10,
urb28,62,cultivar,2019-07-09,NL,16,
urb28,660,cultivar,2019-07-09,NL,7,
urb28,75,cultivar,2019-07-09,NL,11,
urb29,113,cultivar,2019-07-09,NL,8,
urb29,124,cultivar,2019-07-09,NL,10,
urb29,165,cultivar,2019-07-09,NL,10,
urb29,363,cultivar,2019-07-09,NL,10,
urb29,394,cultivar,2019-07-09,NL,8,
urb29,400,cultivar,2019-07-09,NL,10,
urb29,504,cultivar,2019-07-09,NL,3,
urb29,552,cultivar,2019-07-09,NL,16,
urb31,108,cultivar,2019-07-09,NL,8,
urb31,220,cultivar,2019-07-09,NL,0,
urb31,231,cultivar,2019-07-09,NL,12,
urb31,233,cultivar,2019-07-09,NL,6,
urb31,247,cultivar,2019-07-09,NL,8,
urb31,308,cultivar,2019-07-09,NL,8,
urb31,346,cultivar,2019-07-09,NL,11,
urb31,372,cultivar,2019-07-09,NL,10,
urb31,434,cultivar,2019-07-09,NL,28,
urb31,460,cultivar,2019-07-09,NL,6,
urb31,481,cultivar,2019-07-09,NL,26,
urb31,495,cultivar,2019-07-09,NL,9,
urb31,514,cultivar,2019-07-09,NL,10,
urb31,539,cultivar,2019-07-09,NL,10,
urb31,55,cultivar,2019-07-09,NL,6,
urb31,576,cultivar,2019-07-09,NL,37,
urb31,588,cultivar,2019-07-09,NL,17,
urb31,59,cultivar,2019-07-09,NL,7,
urb31,612,cultivar,2019-07-09,NL,16,
urb31,63,cultivar,2019-07-09,NL,19,
urb31,644,cultivar,2019-07-09,NL,6,
urb32,189,cultivar,2019-07-09,NL,8,
urb32,208,cultivar,2019-07-09,NL,12,
urb32,264,cultivar,2019-07-09,NL,9,
urb32,350,cultivar,2019-07-09,NL,10,
urb32,366,cultivar,2019-07-09,NL,8,
urb32,378,cultivar,2019-07-09,NL,10,
urb32,379,cultivar,2019-07-09,NL,10,
urb32,382,cultivar,2019-07-09,NL,8,
urb32,390,cultivar,2019-07-09,NL,7,
urb32,42,cultivar,2019-07-09,NL,10,
urb32,420,cultivar,2019-07-09,NL,8,
urb32,45,cultivar,2019-07-09,NL,12,
urb32,53,cultivar,2019-07-09,NL,12,
urb32,550,cultivar,2019-07-09,NL,15,
urb32,618,cultivar,2019-07-09,NL,12,
urb32,635,cultivar,2019-07-09,NL,10,
urb32,64,cultivar,2019-07-09,NL,10,
urb32,658,cultivar,2019-07-09,NL,6,
urb32,72,cultivar,2019-07-09,NL,10,
nat18,326,native,2019-09-08,NL,8,
nat18,480,native,2019-09-08,NL,18,
nat18,632,native,2019-09-08,NL,11,
nat19,183,native,2019-09-08,NL,4,
nat19,185,native,2019-09-08,NL,8,
nat19,190,native,2019-09-08,NL,12,
nat19,22,native,2019-09-08,NL,6,
nat19,223,native,2019-09-08,NL,8,
nat19,270,native,2019-09-08,NL,6,
nat19,275,native,2019-09-08,NL,34,
nat19,33,native,2019-09-08,NL,12,
nat19,355,native,2019-09-08,NL,10,
nat19,364,native,2019-09-08,NL,10,
nat19,375,native,2019-09-08,NL,8,
nat19,397,native,2019-09-08,NL,12,
nat19,430,native,2019-09-08,NL,11,
nat19,46,native,2019-09-08,NL,14,
nat19,482,native,2019-09-08,NL,12,
nat19,513,native,2019-09-08,NL,9,
nat19,538,native,2019-09-08,NL,7,
nat19,557,native,2019-09-08,NL,10,
nat19,596,native,2019-09-08,NL,15,
nat19,606,native,2019-09-08,NL,10,
nat19,611,native,2019-09-08,NL,9,
nat19,616,native,2019-09-08,NL,8,
nat19,627,native,2019-09-08,NL,4,
nat19,631,native,2019-09-08,NL,12,
nat19,657,native,2019-09-08,NL,8,
nat19,659,native,2019-09-08,NL,8,
nat19,76,native,2019-09-08,NL,12,
nat20,301,native,2019-09-08,NL,6,
nat20,446,native,2019-09-08,NL,10,
nat20,473,native,2019-09-08,NL,8,
nat20,519,native,2019-09-08,NL,25,
nat20,605,native,2019-09-08,NL,8,
nat20,615,native,2019-09-08,NL,18,
nat21,332,native,2019-09-08,NL,6,
nat21,333,native,2019-09-08,NL,12,
nat21,358,native,2019-09-08,NL,11,
nat21,422,native,2019-09-08,NL,2,
nat21,500,native,2019-09-08,NL,19,
nat21,527,native,2019-09-08,NL,25,
nat21,568,native,2019-09-08,NL,8,
nat21,573,native,2019-09-08,NL,18,
nat21,68,native,2019-09-08,NL,6,
nat22,101,native,2019-09-08,NL,5,
nat22,119,native,2019-09-08,NL,9,
nat22,142,native,2019-09-08,NL,8,
nat22,176,native,2019-09-08,NL,3,
nat22,191,native,2019-09-08,NL,4,
nat22,199,native,2019-09-08,NL,5,
nat22,25,native,2019-09-08,NL,8,
nat22,254,native,2019-09-08,NL,15,
nat22,353,native,2019-09-08,NL,10,
nat22,505,native,2019-09-08,NL,17,
nat22,535,native,2019-09-08,NL,11,
nat22,609,native,2019-09-08,NL,23,
nat22,638,native,2019-09-08,NL,22,
nat23,2,native,2019-09-08,NL,13,
nat23,216,native,2019-09-08,NL,9,
nat23,244,native,2019-09-08,NL,7,
nat23,259,native,2019-09-08,NL,15,
nat23,309,native,2019-09-08,NL,11,
nat23,380,native,2019-09-08,NL,8,
nat23,501,native,2019-09-08,NL,6,
nat24,147,native,2019-09-08,NL,8,
nat24,485,native,2019-09-08,NL,11,
nat24,489,native,2019-09-08,NL,7,
nat24,90,native,2019-09-08,NL,15,
nat25,187,native,2019-09-08,NL,6,
nat25,299,native,2019-09-08,NL,35,
nat25,433,native,2019-09-08,NL,14,
nat25,520,native,2019-09-08,NL,11,
nat25,582,native,2019-09-08,NL,7,
nat25,613,native,2019-09-08,NL,12,
nat26,151,native,2019-09-08,NL,14,
nat26,16,native,2019-09-08,NL,6,
nat26,182,native,2019-09-08,NL,12,
nat26,269,native,2019-09-08,NL,5,
nat26,310,native,2019-09-08,NL,8,
nat26,338,native,2019-09-08,NL,8,
nat26,345,native,2019-09-08,NL,13,
nat26,373,native,2019-09-08,NL,11,
nat26,402,native,2019-09-08,NL,10,
nat26,414,native,2019-09-08,NL,10,
nat26,424,native,2019-09-08,NL,7,
nat26,47,native,2019-09-08,NL,19,
nat26,471,native,2019-09-08,NL,8,
nat26,524,native,2019-09-08,NL,19,
nat26,561,native,2019-09-08,NL,21,
nat27,152,native,2019-09-08,NL,8,
nat27,181,native,2019-09-08,NL,11,
nat27,260,native,2019-09-08,NL,9,
nat27,347,native,2019-09-08,NL,11,
nat27,4,native,2019-09-08,NL,7,
nat27,406,native,2019-09-08,NL,9,
nat27,455,native,2019-09-08,NL,16,
nat27,517,native,2019-09-08,NL,8,
nat27,57,native,2019-09-08,NL,10,
nat27,655,native,2019-09-08,NL,8,
nat28,219,native,2019-09-08,NL,10,
nat28,304,native,2019-09-08,NL,11,
nat28,351,native,2019-09-08,NL,18,
nat28,448,native,2019-09-08,NL,14,
nat28,543,native,2019-09-08,NL,22,
nat28,598,native,2019-09-08,NL,19,
nat29,122,native,2019-09-08,NL,8,
nat29,137,native,2019-09-08,NL,8,
nat29,139,native,2019-09-08,NL,16,
nat29,153,native,2019-09-08,NL,14,
nat29,188,native,2019-09-08,NL,5,
nat29,194,native,2019-09-08,NL,8,
nat29,401,native,2019-09-08,NL,14,
nat29,423,native,2019-09-08,NL,9,
nat29,479,native,2019-09-08,NL,3,
nat29,5,native,2019-09-08,NL,9,
nat29,544,native,2019-09-08,NL,27,
nat29,565,native,2019-09-08,NL,4,
nat29,620,native,2019-09-08,NL,28,
nat29,99,native,2019-09-08,NL,8,
nat30,14,native,2019-09-08,NL,6,
nat30,429,native,2019-09-08,NL,8,
nat30,451,native,2019-09-08,NL,9,
nat30,592,native,2019-09-08,NL,12,
nat30,650,native,2019-09-08,NL,10,
nat31,225,native,2019-09-08,NL,13,
nat31,279,native,2019-09-08,NL,18,
nat32,138,native,2019-09-08,NL,18,
nat32,197,native,2019-09-08,NL,12,
nat32,214,native,2019-09-08,NL,6,
nat32,303,native,2019-09-08,NL,12,
nat32,360,native,2019-09-08,NL,10,
nat32,385,native,2019-09-08,NL,8,
nat32,463,native,2019-09-08,NL,26,
nat33,297,native,2019-09-08,NL,12,
nat33,352,native,2019-09-08,NL,12,
nat33,365,native,2019-09-08,NL,15,
urb01,184,cultivar,2019-09-08,NL,11,
urb01,200,cultivar,2019-09-08,NL,8,
urb01,203,cultivar,2019-09-08,NL,10,
urb01,242,cultivar,2019-09-08,NL,5,
urb01,253,cultivar,2019-09-08,NL,8,
urb01,314,cultivar,2019-09-08,NL,11,
urb01,339,cultivar,2019-09-08,NL,6,
urb01,450,cultivar,2019-09-08,NL,28,
urb01,476,cultivar,2019-09-08,NL,8,
urb01,599,cultivar,2019-09-08,NL,12,
urb01,634,cultivar,2019-09-08,NL,21,
urb01,85,cultivar,2019-09-08,NL,4,
urb03,129,cultivar,2019-09-08,NL,21,
urb03,238,cultivar,2019-09-08,NL,5,
urb03,239,cultivar,2019-09-08,NL,2,
urb03,26,cultivar,2019-09-08,NL,26,
urb03,287,cultivar,2019-09-08,NL,10,
urb03,357,cultivar,2019-09-08,NL,34,
urb03,421,cultivar,2019-09-08,NL,8,
urb03,425,cultivar,2019-09-08,NL,5,
urb03,426,cultivar,2019-09-08,NL,11,
urb03,435,cultivar,2019-09-08,NL,16,
urb03,438,cultivar,2019-09-08,NL,1,
urb03,439,cultivar,2019-09-08,NL,18,
urb03,443,cultivar,2019-09-08,NL,8,
urb03,454,cultivar,2019-09-08,NL,14,
urb03,457,cultivar,2019-09-08,NL,8,
urb03,461,cultivar,2019-09-08,NL,28,
urb03,467,cultivar,2019-09-08,NL,13,
urb03,494,cultivar,2019-09-08,NL,17,
urb03,51,cultivar,2019-09-08,NL,7,
urb03,522,cultivar,2019-09-08,NL,14,
urb03,536,cultivar,2019-09-08,NL,17,
urb03,549,cultivar,2019-09-08,NL,12,
urb03,563,cultivar,2019-09-08,NL,14,
urb03,595,cultivar,2019-09-08,NL,20,
urb03,641,cultivar,2019-09-08,NL,16,
urb03,69,cultivar,2019-09-08,NL,4,
urb03,78,cultivar,2019-09-08,NL,9,
urb04,111,cultivar,2019-09-08,NL,10,
urb04,19,cultivar,2019-09-08,NL,18,
urb04,196,cultivar,2019-09-08,NL,6,
urb04,237,cultivar,2019-09-08,NL,5,
urb04,289,cultivar,2019-09-08,NL,6,
urb04,31,cultivar,2019-09-08,NL,8,
urb04,354,cultivar,2019-09-08,NL,10,
urb04,361,cultivar,2019-09-08,NL,17,
urb04,404,cultivar,2019-09-08,NL,15,
urb04,408,cultivar,2019-09-08,NL,13,
urb04,43,cultivar,2019-09-08,NL,8,
urb04,44,cultivar,2019-09-08,NL,8,
urb04,472,cultivar,2019-09-08,NL,8,
urb04,491,cultivar,2019-09-08,NL,8,
urb04,511,cultivar,2019-09-08,NL,10,
urb04,526,cultivar,2019-09-08,NL,10,
urb04,556,cultivar,2019-09-08,NL,19,
urb04,622,cultivar,2019-09-08,NL,22,
urb04,636,cultivar,2019-09-08,NL,10,
urb04,649,cultivar,2019-09-08,NL,11,
urb04,95,cultivar,2019-09-08,NL,36,
urb07,106,cultivar,2019-09-08,NL,10,
urb07,125,cultivar,2019-09-08,NL,17,
urb07,167,cultivar,2019-09-08,NL,7,
urb07,286,cultivar,2019-09-08,NL,10,
urb07,290,cultivar,2019-09-08,NL,8,
urb07,3,cultivar,2019-09-08,NL,10,
urb07,302,cultivar,2019-09-08,NL,24,
urb07,337,cultivar,2019-09-08,NL,11,
urb07,367,cultivar,2019-09-08,NL,22,
urb07,370,cultivar,2019-09-08,NL,4,
urb07,38,cultivar,2019-09-08,NL,11,
urb07,413,cultivar,2019-09-08,NL,8,
urb07,444,cultivar,2019-09-08,NL,8,
urb07,456,cultivar,2019-09-08,NL,20,
urb07,54,cultivar,2019-09-08,NL,4,
urb07,567,cultivar,2019-09-08,NL,12,
urb07,574,cultivar,2019-09-08,NL,9,
urb07,581,cultivar,2019-09-08,NL,12,
urb07,586,cultivar,2019-09-08,NL,12,
urb07,92,cultivar,2019-09-08,NL,13,
urb09,1,cultivar,2019-09-08,NL,13,
urb09,107,cultivar,2019-09-08,NL,10,
urb09,11,cultivar,2019-09-08,NL,12,
urb09,112,cultivar,2019-09-08,NL,21,
urb09,123,cultivar,2019-09-08,NL,14,
urb09,13,cultivar,2019-09-08,NL,19,
urb09,130,cultivar,2019-09-08,NL,25,
urb09,136,cultivar,2019-09-08,NL,9,
urb09,161,cultivar,2019-09-08,NL,17,
urb09,166,cultivar,2019-09-08,NL,13,
urb09,168,cultivar,2019-09-08,NL,6,
urb09,21,cultivar,2019-09-08,NL,24,
urb09,235,cultivar,2019-09-08,NL,18,
urb09,281,cultivar,2019-09-08,NL,28,
urb09,306,cultivar,2019-09-08,NL,10,
urb09,323,cultivar,2019-09-08,NL,18,
urb09,368,cultivar,2019-09-08,NL,40,
urb09,381,cultivar,2019-09-08,NL,20,
urb09,384,cultivar,2019-09-08,NL,12,
urb09,407,cultivar,2019-09-08,NL,30,
urb09,493,cultivar,2019-09-08,NL,14,
urb09,508,cultivar,2019-09-08,NL,8,
urb09,540,cultivar,2019-09-08,NL,8,
urb09,554,cultivar,2019-09-08,NL,13,
urb09,579,cultivar,2019-09-08,NL,10,
urb09,623,cultivar,2019-09-08,NL,16,
urb10,201,cultivar,2019-09-08,NL,7,
urb10,475,cultivar,2019-09-08,NL,14,
urb10,507,cultivar,2019-09-08,NL,16,
urb10,523,cultivar,2019-09-08,NL,10,
urb10,530,cultivar,2019-09-08,NL,9,
urb10,547,cultivar,2019-09-08,NL,19,
urb10,572,cultivar,2019-09-08,NL,15,
urb10,602,cultivar,2019-09-08,NL,18,
urb10,97,cultivar,2019-09-08,NL,8,
urb10,98,cultivar,2019-09-08,NL,10,
urb11,110,cultivar,2019-09-08,NL,26,
urb11,134,cultivar,2019-09-08,NL,8,
urb11,145,cultivar,2019-09-08,NL,6,
urb11,149,cultivar,2019-09-08,NL,6,
urb11,20,cultivar,2019-09-08,NL,8,
urb11,229,cultivar,2019-09-08,NL,10,
urb11,261,cultivar,2019-09-08,NL,8,
urb11,325,cultivar,2019-09-08,NL,18,
urb11,327,cultivar,2019-09-08,NL,14,
urb11,343,cultivar,2019-09-08,NL,14,
urb11,391,cultivar,2019-09-08,NL,24,
urb11,498,cultivar,2019-09-08,NL,16,
urb11,510,cultivar,2019-09-08,NL,17,
urb11,553,cultivar,2019-09-08,NL,30,
urb11,583,cultivar,2019-09-08,NL,2,
urb11,610,cultivar,2019-09-08,NL,14,
urb12,148,cultivar,2019-09-08,NL,8,
urb12,193,cultivar,2019-09-08,NL,6,
urb12,210,cultivar,2019-09-08,NL,8,
urb12,227,cultivar,2019-09-08,NL,8,
urb12,246,cultivar,2019-09-08,NL,10,
urb12,256,cultivar,2019-09-08,NL,7,
urb12,266,cultivar,2019-09-08,NL,8,
urb12,294,cultivar,2019-09-08,NL,5,
urb12,319,cultivar,2019-09-08,NL,8,
urb12,32,cultivar,2019-09-08,NL,4,
urb12,324,cultivar,2019-09-08,NL,20,
urb12,36,cultivar,2019-09-08,NL,10,
urb12,437,cultivar,2019-09-08,NL,17,
urb12,465,cultivar,2019-09-08,NL,14,
urb12,593,cultivar,2019-09-08,NL,13,
urb12,639,cultivar,2019-09-08,NL,12,
urb12,640,cultivar,2019-09-08,NL,16,
urb13,12,cultivar,2019-09-08,NL,7,
urb13,120,cultivar,2019-09-08,NL,6,
urb13,156,cultivar,2019-09-08,NL,21,
urb13,245,cultivar,2019-09-08,NL,11,
urb13,277,cultivar,2019-09-08,NL,8,
urb13,292,cultivar,2019-09-08,NL,6,
urb13,315,cultivar,2019-09-08,NL,7,
urb13,411,cultivar,2019-09-08,NL,7,
urb13,637,cultivar,2019-09-08,NL,8,
urb13,654,cultivar,2019-09-08,NL,22,
urb13,82,cultivar,2019-09-08,NL,8,
urb14,126,cultivar,2019-09-08,NL,8,
urb14,157,cultivar,2019-09-08,NL,10,
urb14,162,cultivar,2019-09-08,NL,6,
urb14,163,cultivar,2019-09-08,NL,10,
urb14,18,cultivar,2019-09-08,NL,8,
urb14,217,cultivar,2019-09-08,NL,14,
urb14,265,cultivar,2019-09-08,NL,8,
urb14,293,cultivar,2019-09-08,NL,2,
urb14,35,cultivar,2019-09-08,NL,7,
urb14,395,cultivar,2019-09-08,NL,10,
urb14,428,cultivar,2019-09-08,NL,1,
urb14,441,cultivar,2019-09-08,NL,14,
urb14,453,cultivar,2019-09-08,NL,10,
urb14,488,cultivar,2019-09-08,NL,8,
urb14,497,cultivar,2019-09-08,NL,14,
urb14,529,cultivar,2019-09-08,NL,10,
urb14,587,cultivar,2019-09-08,NL,8,
urb14,603,cultivar,2019-09-08,NL,8,
urb14,652,cultivar,2019-09-08,NL,8,
urb14,9,cultivar,2019-09-08,NL,8,
urb17,207,cultivar,2019-09-08,NL,7,
urb17,213,cultivar,2019-09-08,NL,7,
urb17,250,cultivar,2019-09-08,NL,8,
urb17,276,cultivar,2019-09-08,NL,20,
urb17,280,cultivar,2019-09-08,NL,14,
urb17,300,cultivar,2019-09-08,NL,8,
urb17,311,cultivar,2019-09-08,NL,10,
urb17,410,cultivar,2019-09-08,NL,12,
urb17,546,cultivar,2019-09-08,NL,13,
urb17,570,cultivar,2019-09-08,NL,10,
urb17,617,cultivar,2019-09-08,NL,17,
urb17,621,cultivar,2019-09-08,NL,10,
urb17,70,cultivar,2019-09-08,NL,7,
urb17,80,cultivar,2019-09-08,NL,6,
urb18,155,cultivar,2019-09-08,NL,8,
urb18,330,cultivar,2019-09-08,NL,10,
urb18,416,cultivar,2019-09-08,NL,7,
urb18,470,cultivar,2019-09-08,NL,2,
urb18,483,cultivar,2019-09-08,NL,18,
urb18,509,cultivar,2019-09-08,NL,12,
urb18,52,cultivar,2019-09-08,NL,3,
urb23,132,cultivar,2019-09-08,NL,10,
urb23,143,cultivar,2019-09-08,NL,29,
urb23,178,cultivar,2019-09-08,NL,20,
urb23,24,cultivar,2019-09-08,NL,7,
urb23,29,cultivar,2019-09-08,NL,10,
urb23,313,cultivar,2019-09-08,NL,20,
urb23,316,cultivar,2019-09-08,NL,8,
urb23,418,cultivar,2019-09-08,NL,10,
urb23,528,cultivar,2019-09-08,NL,12,
urb23,542,cultivar,2019-09-08,NL,22,
urb23,58,cultivar,2019-09-08,NL,7,
urb23,601,cultivar,2019-09-08,NL,13,
urb23,604,cultivar,2019-09-08,NL,35,
urb23,645,cultivar,2019-09-08,NL,8,
urb23,81,cultivar,2019-09-08,NL,7,
urb24,133,cultivar,2019-09-08,NL,8,
urb24,160,cultivar,2019-09-08,NL,6,
urb24,169,cultivar,2019-09-08,NL,5,
urb24,209,cultivar,2019-09-08,NL,6,
urb24,234,cultivar,2019-09-08,NL,8,
urb24,248,cultivar,2019-09-08,NL,8,
urb24,284,cultivar,2019-09-08,NL,7,
urb24,431,cultivar,2019-09-08,NL,12,
urb24,449,cultivar,2019-09-08,NL,12,
urb24,516,cultivar,2019-09-08,NL,14,
urb24,585,cultivar,2019-09-08,NL,18,
urb24,60,cultivar,2019-09-08,NL,2,
urb24,628,cultivar,2019-09-08,NL,10,
urb25,173,cultivar,2019-09-08,NL,12,
urb25,192,cultivar,2019-09-08,NL,8,
urb25,198,cultivar,2019-09-08,NL,6,
urb25,335,cultivar,2019-09-08,NL,10,
urb25,344,cultivar,2019-09-08,NL,8,
urb25,348,cultivar,2019-09-08,NL,8,
urb25,371,cultivar,2019-09-08,NL,8,
urb25,374,cultivar,2019-09-08,NL,9,
urb25,403,cultivar,2019-09-08,NL,17,
urb25,412,cultivar,2019-09-08,NL,8,
urb25,415,cultivar,2019-09-08,NL,7,
urb25,442,cultivar,2019-09-08,NL,9,
urb25,458,cultivar,2019-09-08,NL,3,
urb25,478,cultivar,2019-09-08,NL,5,
urb25,486,cultivar,2019-09-08,NL,12,
urb25,518,cultivar,2019-09-08,NL,16,
urb25,590,cultivar,2019-09-08,NL,25,
urb25,88,cultivar,2019-09-08,NL,10,
urb26,109,cultivar,2019-09-08,NL,11,
urb26,180,cultivar,2019-09-08,NL,8,
urb26,268,cultivar,2019-09-08,NL,4,
urb26,320,cultivar,2019-09-08,NL,9,
urb26,356,cultivar,2019-09-08,NL,3,
urb26,386,cultivar,2019-09-08,NL,3,
urb26,392,cultivar,2019-09-08,NL,8,
urb26,427,cultivar,2019-09-08,NL,10,
urb26,502,cultivar,2019-09-08,NL,8,
urb26,525,cultivar,2019-09-08,NL,16,
urb26,551,cultivar,2019-09-08,NL,12,
urb26,578,cultivar,2019-09-08,NL,18,
urb26,624,cultivar,2019-09-08,NL,14,
urb26,633,cultivar,2019-09-08,NL,8,
urb26,661,cultivar,2019-09-08,NL,7,
urb28,103,cultivar,2019-09-08,NL,10,
urb28,118,cultivar,2019-09-08,NL,10,
urb28,171,cultivar,2019-09-08,NL,8,
urb28,205,cultivar,2019-09-08,NL,8,
urb28,27,cultivar,2019-09-08,NL,13,
urb28,295,cultivar,2019-09-08,NL,3,
urb28,318,cultivar,2019-09-08,NL,6,
urb28,342,cultivar,2019-09-08,NL,11,
urb28,369,cultivar,2019-09-08,NL,9,
urb28,387,cultivar,2019-09-08,NL,13,
urb28,39,cultivar,2019-09-08,NL,10,
urb28,474,cultivar,2019-09-08,NL,6,
urb28,49,cultivar,2019-09-08,NL,10,
urb28,50,cultivar,2019-09-08,NL,7,
urb28,506,cultivar,2019-09-08,NL,4,
urb28,512,cultivar,2019-09-08,NL,14,
urb28,541,cultivar,2019-09-08,NL,9,
urb28,62,cultivar,2019-09-08,NL,13,
urb28,660,cultivar,2019-09-08,NL,6,
urb28,75,cultivar,2019-09-08,NL,11,
urb29,113,cultivar,2019-09-08,NL,8,
urb29,124,cultivar,2019-09-08,NL,10,
urb29,165,cultivar,2019-09-08,NL,8,
urb29,363,cultivar,2019-09-08,NL,10,
urb29,394,cultivar,2019-09-08,NL,8,
urb29,400,cultivar,2019-09-08,NL,19,
urb29,504,cultivar,2019-09-08,NL,7,
urb29,552,cultivar,2019-09-08,NL,20,
urb31,108,cultivar,2019-09-08,NL,12,
urb31,231,cultivar,2019-09-08,NL,14,
urb31,233,cultivar,2019-09-08,NL,5,
urb31,308,cultivar,2019-09-08,NL,8,
urb31,346,cultivar,2019-09-08,NL,13,
urb31,372,cultivar,2019-09-08,NL,10,
urb31,434,cultivar,2019-09-08,NL,33,
urb31,460,cultivar,2019-09-08,NL,8,
urb31,481,cultivar,2019-09-08,NL,48,
urb31,495,cultivar,2019-09-08,NL,15,
urb31,514,cultivar,2019-09-08,NL,8,
urb31,539,cultivar,2019-09-08,NL,10,
urb31,55,cultivar,2019-09-08,NL,6,
urb31,576,cultivar,2019-09-08,NL,32,
urb31,588,cultivar,2019-09-08,NL,17,
urb31,59,cultivar,2019-09-08,NL,7,
urb31,612,cultivar,2019-09-08,NL,13,
urb31,63,cultivar,2019-09-08,NL,22,
urb31,644,cultivar,2019-09-08,NL,4,
urb32,189,cultivar,2019-09-08,NL,10,
urb32,208,cultivar,2019-09-08,NL,16,
urb32,264,cultivar,2019-09-08,NL,14,
urb32,350,cultivar,2019-09-08,NL,7,
urb32,366,cultivar,2019-09-08,NL,7,
urb32,378,cultivar,2019-09-08,NL,14,
urb32,379,cultivar,2019-09-08,NL,16,
urb32,382,cultivar,2019-09-08,NL,8,
urb32,390,cultivar,2019-09-08,NL,10,
urb32,42,cultivar,2019-09-08,NL,10,
urb32,420,cultivar,2019-09-08,NL,13,
urb32,45,cultivar,2019-09-08,NL,12,
urb32,53,cultivar,2019-09-08,NL,10,
urb32,550,cultivar,2019-09-08,NL,13,
urb32,618,cultivar,2019-09-08,NL,15,
urb32,635,cultivar,2019-09-08,NL,15,
urb32,64,cultivar,2019-09-08,NL,12,
urb32,658,cultivar,2019-09-08,NL,8,
urb32,72,cultivar,2019-09-08,NL,13,
